"SampleID","body_site","cluster"
"1927.SRS018553.SRX020525.SRR044566","UBERON:skin of external ear","1"
"1927.SRS047327.SRX020568.SRR047012","UBERON:mouth","2"
"1927.SRS065711.SRX022228.SRR058091","UBERON:skin of elbow","3"
"1927.SRS011293.SRX020570.SRR045451","UBERON:skin of elbow","4"
"1927.SRS014659.SRX020511.SRR045649","UBERON:feces","4"
"1927.SRS063715.SRX022228.SRR058091","UBERON:skin of elbow","3"
"1927.SRS062799.SRX022228.SRR058091","UBERON:skin of elbow","3"
"1927.SRS015409.SRX020546.SRR043657","UBERON:tooth","5"
"1927.SRS014554.SRX020546.SRR043688","UBERON:tooth","5"
"1927.SRS014913.SRX020546.SRR043697","UBERON:gingiva","6"
"1927.SRS015293.SRX020554.SRR043723","UBERON:mouth","2"
"1927.SRS015186.SRX020554.SRR043835","UBERON:tooth","5"
"1927.SRS015978.SRX020577.SRR044044","UBERON:tooth","5"
"1927.SRS015786.SRX020539.SRR044133","UBERON:tooth","5"
"1927.SRS019908.SRX020516.SRR044299","UBERON:tooth","5"
"1927.SRS015929.SRX020510.SRR044608","UBERON:tooth","5"
"1927.SRS011569.SRX020661.SRR044839","UBERON:tooth","5"
"1927.SRS011470.SRX020659.SRR045000","UBERON:tooth","5"
"1927.SRS014655.SRX020543.SRR045582","UBERON:buccal mucosa","7"
"1927.SRS047193.SRX020543.SRR045592","UBERON:tooth","5"
"1927.SRS057450.SRX020511.SRR045629","UBERON:tooth","5"
"1927.SRS015530.SRX020547.SRR045768","UBERON:tooth","5"
"1927.SRS018651.SRX020575.SRR045818","UBERON:skin of elbow","8"
"1927.SRS056751.SRX020531.SRR046034","UBERON:gingiva","7"
"1927.SRS058246.SRX020670.SRR046264","UBERON:throat","9"
"1927.SRS055853.SRX020670.SRR046332","UBERON:tooth","5"
"1927.SRS051849.SRX020550.SRR046445","UBERON:tooth","5"
"1927.SRS062851.SRX020569.SRR046538","UBERON:gingiva","7"
"1927.SRS064493.SRX020569.SRR046544","UBERON:tooth","5"
"1927.SRS063603.SRX020569.SRR046607","UBERON:tooth","5"
"1927.SRS065310.SRX020569.SRR046608","UBERON:tooth","5"
"1927.SRS063400.SRX020569.SRR046613","UBERON:tooth","5"
"1927.SRS062514.SRX020569.SRR046614","UBERON:tooth","5"
"1927.SRS062468.SRX020532.SRR046898","UBERON:tooth","5"
"1927.SRS050239.SRX020568.SRR046942","UBERON:buccal mucosa","5"
"1927.SRS062399.SRX020532.SRR046978","UBERON:tooth","5"
"1927.SRS047983.SRX020568.SRR047007","UBERON:tooth","5"
"1927.SRS045364.SRX020568.SRR047011","UBERON:tooth","5"
"1927.SRS045460.SRX020540.SRR047263","UBERON:tooth","5"
"1927.SRS053819.SRX020578.SRR047308","UBERON:buccal mucosa","7"
"1927.SRS065675.SRX020548.SRR047337","UBERON:mouth","2"
"1927.SRS015129.SRX020546.SRR047377","UBERON:tooth","5"
"1927.SRS054649.SRX020554.SRR047393","UBERON:tooth","5"
"1927.SRS016074.SRX020516.SRR047426","UBERON:tooth","5"
"1927.SRS021549.SRX020675.SRR047802","UBERON:mouth","9"
"1927.SRS021565.SRX020675.SRR047804","UBERON:tooth","5"
"1927.SRS023071.SRX020675.SRR047833","UBERON:tooth","5"
"1927.SRS023436.SRX020678.SRR048020","UBERON:hard palate","6"
"1927.SRS050412.SRX020670.SRR049369","UBERON:gingiva","5"
"1927.SRS065236.SRX020569.SRR049422","UBERON:tooth","5"
"1927.SRS063756.SRX020569.SRR049423","UBERON:palatine tonsil","2"
"1927.SRS046739.SRX020568.SRR049543","UBERON:tooth","5"
"1927.SRS058603.SRX020568.SRR049545","UBERON:gingiva","5"
"1927.SRS062616.SRX020532.SRR049571","UBERON:tooth","5"
"1927.SRS045215.SRX020540.SRR049628","UBERON:tooth","5"
"1927.SRS057046.SRX020568.SRR049640","UBERON:tooth","5"
"1927.SRS016054.SRX020539.SRR049860","UBERON:anterior nares","10"
"1927.SRS063697.SRX020548.SRR050136","UBERON:mouth","2"
"1927.SRS063931.SRX022228.SRR058091","UBERON:skin of elbow","3"
"1927.SRS014911.SRX020546.SRR043647","UBERON:buccal mucosa","7"
"1927.SRS014919.SRX020546.SRR043696","UBERON:tooth","5"
"1927.SRS018641.SRX020572.SRR045811","UBERON:tooth","5"
"1927.SRS014552.SRX020546.SRR043649","UBERON:tooth","5"
"1927.SRS014564.SRX020546.SRR043674","UBERON:buccal mucosa","7"
"1927.SRS015121.SRX020546.SRR043681","UBERON:buccal mucosa","7"
"1927.SRS015243.SRX020577.SRR044032","UBERON:tooth","5"
"1927.SRS015023.SRX020577.SRR044057","UBERON:hard palate","7"
"1927.SRS015035.SRX020577.SRR044061","UBERON:tooth","5"
"1927.SRS016239.SRX020516.SRR044361","UBERON:tooth","5"
"1927.SRS018597.SRX020516.SRR044375","UBERON:gingiva","7"
"1927.SRS015397.SRX020555.SRR045696","UBERON:hard palate","6"
"1927.SRS018694.SRX020572.SRR045808","UBERON:tooth","5"
"1927.SRS018684.SRX020572.SRR045815","UBERON:buccal mucosa","7"
"1927.SRS019296.SRX020572.SRR045950","UBERON:buccal mucosa","7"
"1927.SRS018846.SRX020572.SRR045953","UBERON:buccal mucosa","7"
"1927.SRS018692.SRX020572.SRR045998","UBERON:tooth","5"
"1927.SRS019522.SRX020572.SRR046004","UBERON:buccal mucosa","6"
"1927.SRS046986.SRX020531.SRR046032","UBERON:tooth","5"
"1927.SRS043253.SRX020549.SRR046472","UBERON:skin of external ear","10"
"1927.SRS065499.SRX020519.SRR046863","UBERON:anterior nares","10"
"1927.SRS065086.SRX020532.SRR046908","UBERON:buccal mucosa","7"
"1927.SRS063551.SRX020532.SRR046913","UBERON:tooth","5"
"1927.SRS045467.SRX020568.SRR046932","UBERON:tooth","5"
"1927.SRS055315.SRX020568.SRR046935","UBERON:anterior nares","3"
"1927.SRS049622.SRX020568.SRR046951","UBERON:tooth","5"
"1927.SRS053814.SRX020568.SRR047013","UBERON:tooth","5"
"1927.SRS051758.SRX020540.SRR047120","UBERON:gingiva","6"
"1927.SRS050984.SRX020540.SRR047256","UBERON:tooth","5"
"1927.SRS015472.SRX020564.SRR047454","UBERON:tooth","5"
"1927.SRS015462.SRX020545.SRR047458","UBERON:buccal mucosa","7"
"1927.SRS015397.SRX020546.SRR048942","UBERON:hard palate","6"
"1927.SRS042359.SRX020568.SRR049525","UBERON:palatine tonsil","5"
"1927.SRS015033.SRX020577.SRR049842","UBERON:tooth","5"
"1927.SRS014873.SRX020554.SRR043716","UBERON:tooth","5"
"1927.SRS055431.SRX020554.SRR043836","UBERON:buccal mucosa","7"
"1927.SRS018743.SRX020516.SRR044301","UBERON:buccal mucosa","7"
"1927.SRS015462.SRX020564.SRR044717","UBERON:buccal mucosa","7"
"1927.SRS011508.SRX020667.SRR045247","UBERON:hard palate","6"
"1927.SRS018643.SRX020572.SRR045948","UBERON:tooth","5"
"1927.SRS018906.SRX020572.SRR045972","UBERON:tooth","5"
"1927.SRS018898.SRX020572.SRR045979","UBERON:buccal mucosa","6"
"1927.SRS063515.SRX020532.SRR046910","UBERON:buccal mucosa","6"
"1927.SRS063829.SRX020532.SRR046980","UBERON:tooth","5"
"1927.SRS050493.SRX020540.SRR047109","UBERON:tooth","5"
"1927.SRS019288.SRX020572.SRR047598","UBERON:mouth","2"
"1927.SRS042857.SRX020550.SRR047713","UBERON:tooth","5"
"1927.SRS044978.SRX020550.SRR049382","UBERON:tooth","5"
"1927.SRS048237.SRX020578.SRR049643","UBERON:tooth","5"
"1927.SRS014921.SRX020546.SRR043668","UBERON:tooth","5"
"1927.SRS049313.SRX020554.SRR043736","UBERON:gingiva","6"
"1927.SRS045387.SRX020554.SRR043826","UBERON:tooth","5"
"1927.SRS016283.SRX020577.SRR044080","UBERON:tooth","5"
"1927.SRS047328.SRX020550.SRR046423","UBERON:buccal mucosa","9"
"1927.SRS044272.SRX020550.SRR047717","UBERON:tooth","5"
"1927.SRS014430.SRX020543.SRR049326","UBERON:buccal mucosa","7"
"1927.SRS014819.SRX020546.SRR043663","UBERON:tooth","5"
"1927.SRS015027.SRX020577.SRR044084","UBERON:gingiva","6"
"1927.SRS015472.SRX020545.SRR044736","UBERON:tooth","5"
"1927.SRS015119.SRX020546.SRR047382","UBERON:hard palate","7"
"1927.SRS019530.SRX020572.SRR047595","UBERON:tooth","5"
"1927.SRS043032.SRX020531.SRR047616","UBERON:tooth","11"
"1927.SRS015395.SRX020546.SRR043652","UBERON:tongue","2"
"1927.SRS015131.SRX020546.SRR043654","UBERON:tooth","5"
"1927.SRS014321.SRX020546.SRR043650","UBERON:tooth","7"
"1927.SRS014562.SRX020546.SRR043651","UBERON:hard palate","6"
"1927.SRS016168.SRX020539.SRR044167","UBERON:tooth","5"
"1927.SRS018844.SRX020572.SRR047584","UBERON:hard palate","6"
"1927.SRS014422.SRX020511.SRR045663","UBERON:tooth","5"
"1927.SRS015403.SRX020546.SRR043664","UBERON:palatine tonsil","2"
"1927.SRS018908.SRX020572.SRR045957","UBERON:tooth","5"
"1927.SRS048393.SRX020568.SRR047020","UBERON:gingiva","6"
"1927.SRS011623.SRX020659.SRR045060","UBERON:mouth","9"
"1927.SRS014130.SRX020546.SRR043672","UBERON:hard palate","6"
"1927.SRS014821.SRX020546.SRR043673","UBERON:tooth","5"
"1927.SRS015683.SRX020539.SRR049878","UBERON:tooth","5"
"1927.SRS018854.SRX020572.SRR045806","UBERON:tooth","5"
"1927.SRS063007.SRX020670.SRR046244","UBERON:tooth","5"
"1927.SRS011510.SRX020663.SRR049309","UBERON:buccal mucosa","6"
"1927.SRS016064.SRX020539.SRR044138","UBERON:buccal mucosa","7"
"1927.SRS016066.SRX020539.SRR044151","UBERON:gingiva","6"
"1927.SRS015025.SRX020577.SRR044082","UBERON:buccal mucosa","5"
"1927.SRS018741.SRX020516.SRR044295","UBERON:hard palate","7"
"1927.SRS018603.SRX020516.SRR044322","UBERON:tooth","7"
"1927.SRS018593.SRX020516.SRR044329","UBERON:hard palate","2"
"1927.SRS018751.SRX020516.SRR044351","UBERON:tooth","5"
"1927.SRS057069.SRX020531.SRR046048","UBERON:tooth","11"
"1927.SRS023011.SRX020675.SRR047773","UBERON:tooth","5"
"1927.SRS021934.SRX020675.SRR047790","UBERON:tooth","5"
"1927.SRS062408.SRX020532.SRR046998","UBERON:hard palate","6"
"1927.SRS064192.SRX020532.SRR046999","UBERON:throat","9"
"1927.SRS049834.SRX020531.SRR049350","UBERON:anterior nares","10"
"1927.SRS011504.SRX020661.SRR044816","UBERON:mouth","9"
"1927.SRS049891.SRX020568.SRR046869","UBERON:anterior nares","3"
"1927.SRS057913.SRX020568.SRR047008","UBERON:mouth","2"
"1927.SRS053756.SRX020568.SRR047014","UBERON:gingiva","6"
"1927.SRS050655.SRX020568.SRR047015","UBERON:buccal mucosa","7"
"1927.SRS057789.SRX020550.SRR047719","UBERON:tooth","5"
"1927.SRS055314.SRX020677.SRR047998","UBERON:tooth","5"
"1927.SRS016166.SRX020539.SRR044125","UBERON:tooth","5"
"1927.SRS019251.SRX020516.SRR044293","UBERON:buccal mucosa","7"
"1927.SRS018595.SRX020516.SRR044309","UBERON:buccal mucosa","7"
"1927.SRS019259.SRX020516.SRR044346","UBERON:tooth","5"
"1927.SRS019253.SRX020516.SRR044358","UBERON:gingiva","7"
"1927.SRS045153.SRX020568.SRR047010","UBERON:throat","2"
"1927.SRS018838.SRX020572.SRR045958","UBERON:mouth","2"
"1927.SRS043550.SRX020670.SRR046359","UBERON:buccal mucosa","7"
"1927.SRS014568.SRX020546.SRR043676","UBERON:palatine tonsil","2"
"1927.SRS015127.SRX020546.SRR043678","UBERON:throat","2"
"1927.SRS014430.SRX020511.SRR045644","UBERON:buccal mucosa","7"
"1927.SRS048480.SRX020554.SRR043709","UBERON:tooth","5"
"1927.SRS014927.SRX020574.SRR043869","UBERON:skin of external ear","5"
"1927.SRS016062.SRX020539.SRR044157","UBERON:hard palate","7"
"1927.SRS015399.SRX020546.SRR043683","UBERON:buccal mucosa","6"
"1927.SRS014933.SRX020546.SRR043684","UBERON:anterior nares","3"
"1927.SRS055461.SRX020554.SRR043735","UBERON:tooth","5"
"1927.SRS016129.SRX020516.SRR044296","UBERON:tooth","5"
"1927.SRS044617.SRX020540.SRR047108","UBERON:buccal mucosa","5"
"1927.SRS015980.SRX020539.SRR044186","UBERON:tooth","5"
"1927.SRS016237.SRX020516.SRR044335","UBERON:tooth","5"
"1927.SRS016072.SRX020516.SRR044298","UBERON:tooth","5"
"1927.SRS016229.SRX020516.SRR044334","UBERON:buccal mucosa","7"
"1927.SRS015833.SRX020562.SRR044702","UBERON:tooth","5"
"1927.SRS018633.SRX020572.SRR045966","UBERON:buccal mucosa","2"
"1927.SRS064082.SRX020532.SRR046920","UBERON:gingiva","6"
"1927.SRS064375.SRX020532.SRR046924","UBERON:anterior nares","3"
"1927.SRS052469.SRX020568.SRR047017","UBERON:palatine tonsil","2"
"1927.SRS052729.SRX020578.SRR047253","UBERON:tooth","5"
"1927.SRS056329.SRX020540.SRR047293","UBERON:buccal mucosa","7"
"1927.SRS018946.SRX020572.SRR047593","UBERON:buccal mucosa","7"
"1927.SRS057836.SRX020578.SRR049621","UBERON:tooth","5"
"1927.SRS015245.SRX020577.SRR044070","UBERON:tooth","5"
"1927.SRS052428.SRX020568.SRR047016","UBERON:buccal mucosa","6"
"1927.SRS018749.SRX020516.SRR044310","UBERON:throat","2"
"1927.SRS016213.SRX020516.SRR044325","UBERON:anterior nares","10"
"1927.SRS019261.SRX020516.SRR044331","UBERON:tooth","5"
"1927.SRS016052.SRX020536.SRR046112","UBERON:skin of elbow","8"
"1927.SRS053901.SRX020540.SRR047275","UBERON:gingiva","6"
"1927.SRS018735.SRX020516.SRR044320","UBERON:mouth","7"
"1927.SRS015407.SRX020546.SRR043703","UBERON:tooth","5"
"1927.SRS015170.SRX020554.SRR043704","UBERON:mouth","9"
"1927.SRS015176.SRX020554.SRR043724","UBERON:hard palate","7"
"1927.SRS016158.SRX020539.SRR044179","UBERON:buccal mucosa","7"
"1927.SRS011490.SRX020667.SRR045246","UBERON:palatine tonsil","7"
"1927.SRS015178.SRX020554.SRR047395","UBERON:buccal mucosa","6"
"1927.SRS014367.SRX020554.SRR043705","UBERON:tooth","7"
"1927.SRS016227.SRX020516.SRR044355","UBERON:hard palate","7"
"1927.SRS016016.SRX020539.SRR044136","UBERON:tooth","5"
"1927.SRS016014.SRX020539.SRR044175","UBERON:tooth","5"
"1927.SRS016006.SRX020539.SRR044177","UBERON:buccal mucosa","7"
"1927.SRS016331.SRX020516.SRR044302","UBERON:tooth","5"
"1927.SRS016333.SRX020516.SRR044327","UBERON:tooth","5"
"1927.SRS016323.SRX020516.SRR044339","UBERON:buccal mucosa","5"
"1927.SRS019578.SRX020543.SRR045555","UBERON:tooth","5"
"1927.SRS019570.SRX020511.SRR045613","UBERON:buccal mucosa","7"
"1927.SRS018954.SRX020572.SRR046000","UBERON:tooth","5"
"1927.SRS042093.SRX020531.SRR046046","UBERON:tooth","5"
"1927.SRS057608.SRX020568.SRR046876","UBERON:tooth","5"
"1927.SRS014605.SRX020546.SRR047390","UBERON:tooth","5"
"1927.SRS016119.SRX020516.SRR047427","UBERON:hard palate","2"
"1927.SRS018956.SRX020572.SRR047599","UBERON:tooth","5"
"1927.SRS023512.SRX020678.SRR048029","UBERON:tooth","5"
"1927.SRS014603.SRX020546.SRR049306","UBERON:tooth","5"
"1927.SRS064820.SRX020512.SRR049579","UBERON:skin of external ear","10"
"1927.SRS019769.SRX020577.SRR049847","UBERON:tooth","5"
"1927.SRS064715.SRX020532.SRR047049","UBERON:buccal mucosa","7"
"1927.SRS062660.SRX020532.SRR049641","UBERON:buccal mucosa","6"
"1927.SRS045061.SRX020670.SRR046228","UBERON:buccal mucosa","7"
"1927.SRS015237.SRX020577.SRR044025","UBERON:gingiva","6"
"1927.SRS015528.SRX020539.SRR044153","UBERON:tooth","5"
"1927.SRS015720.SRX020539.SRR044198","UBERON:tooth","5"
"1927.SRS019580.SRX020511.SRR045616","UBERON:tooth","5"
"1927.SRS015309.SRX020554.SRR043714","UBERON:tooth","5"
"1927.SRS011431.SRX020661.SRR044771","UBERON:tooth","5"
"1927.SRS016974.SRX020663.SRR045203","UBERON:palatine tonsil","9"
"1927.SRS014677.SRX020511.SRR045614","UBERON:tooth","5"
"1927.SRS015874.SRX020554.SRR043728","UBERON:buccal mucosa","6"
"1927.SRS021617.SRX020675.SRR047749","UBERON:buccal mucosa","7"
"1927.SRS021609.SRX020675.SRR047753","UBERON:mouth","7"
"1927.SRS021625.SRX020675.SRR047755","UBERON:tooth","5"
"1927.SRS011468.SRX020667.SRR045278","UBERON:tooth","5"
"1927.SRS064910.SRX020532.SRR047047","UBERON:tooth","5"
"1927.SRS015470.SRX020564.SRR047457","UBERON:tooth","5"
"1927.SRS014422.SRX020543.SRR047548","UBERON:tooth","5"
"1927.SRS015180.SRX020554.SRR043804","UBERON:gingiva","6"
"1927.SRS053487.SRX020554.SRR043806","UBERON:buccal mucosa","7"
"1927.SRS057453.SRX020554.SRR043810","UBERON:hard palate","9"
"1927.SRS015188.SRX020554.SRR043825","UBERON:tooth","5"
"1927.SRS057569.SRX020670.SRR046231","UBERON:tooth","5"
"1927.SRS011431.SRX020659.SRR044998","UBERON:tooth","5"
"1927.SRS050944.SRX020536.SRR046107","UBERON:skin of elbow","8"
"1927.SRS049266.SRX020563.SRR046392","UBERON:gingiva","6"
"1927.SRS011171.SRX020570.SRR047528","UBERON:throat","9"
"1927.SRS015470.SRX020545.SRR044759","UBERON:tooth","5"
"1927.SRS014353.SRX020554.SRR043830","UBERON:throat","5"
"1927.SRS019580.SRX020543.SRR045585","UBERON:tooth","5"
"1927.SRS014365.SRX020529.SRR049407","UBERON:tooth","5"
"1927.SRS044027.SRX020550.SRR047712","UBERON:tooth","5"
"1927.SRS046752.SRX020550.SRR047714","UBERON:tooth","5"
"1927.SRS015194.SRX020574.SRR043844","UBERON:skin of external ear","10"
"1927.SRS019558.SRX020574.SRR043858","UBERON:skin of elbow","10"
"1927.SRS015192.SRX020574.SRR043863","UBERON:skin of external ear","10"
"1927.SRS053355.SRX020677.SRR047996","UBERON:mouth","2"
"1927.SRS063342.SRX020549.SRR049391","UBERON:skin of external ear","10"
"1927.SRS015710.SRX020539.SRR049859","UBERON:hard palate","7"
"1927.SRS015235.SRX020577.SRR043972","UBERON:buccal mucosa","7"
"1927.SRS011627.SRX020667.SRR045230","UBERON:hard palate","6"
"1927.SRS019677.SRX020574.SRR043873","UBERON:skin of external ear","3"
"1927.SRS052230.SRX020577.SRR043970","UBERON:tooth","5"
"1927.SRS019763.SRX020577.SRR044022","UBERON:gingiva","6"
"1927.SRS015568.SRX020577.SRR044023","UBERON:gingiva","7"
"1927.SRS015566.SRX020577.SRR044037","UBERON:buccal mucosa","7"
"1927.SRS015556.SRX020577.SRR044072","UBERON:mouth","2"
"1927.SRS046514.SRX020540.SRR049591","UBERON:tooth","5"
"1927.SRS011460.SRX020661.SRR044810","UBERON:buccal mucosa","7"
"1927.SRS019572.SRX020543.SRR045599","UBERON:gingiva","5"
"1927.SRS015360.SRX020577.SRR044056","UBERON:gingiva","7"
"1927.SRS016281.SRX020577.SRR044029","UBERON:tooth","5"
"1927.SRS015970.SRX020577.SRR044031","UBERON:buccal mucosa","7"
"1927.SRS015788.SRX020539.SRR044182","UBERON:tooth","5"
"1927.SRS022512.SRX020683.SRR048349","UBERON:skin of elbow","4"
"1927.SRS042102.SRX020677.SRR047963","UBERON:tooth","5"
"1927.SRS015564.SRX020577.SRR044033","UBERON:hard palate","2"
"1927.SRS051437.SRX020577.SRR044035","UBERON:gingiva","7"
"1927.SRS015366.SRX020577.SRR044039","UBERON:tooth","5"
"1927.SRS015635.SRX020539.SRR044142","UBERON:tooth","5"
"1927.SRS015520.SRX020539.SRR044191","UBERON:buccal mucosa","7"
"1927.SRS015625.SRX020539.SRR049861","UBERON:buccal mucosa","6"
"1927.SRS011571.SRX020661.SRR044815","UBERON:tooth","7"
"1927.SRS011460.SRX020659.SRR045003","UBERON:buccal mucosa","7"
"1927.SRS011468.SRX020663.SRR045204","UBERON:tooth","5"
"1927.SRS019572.SRX020511.SRR045635","UBERON:gingiva","5"
"1927.SRS014675.SRX020511.SRR045650","UBERON:tooth","5"
"1927.SRS018938.SRX020572.SRR046001","UBERON:mouth","9"
"1927.SRS053278.SRX020568.SRR046867","UBERON:tooth","5"
"1927.SRS014424.SRX020511.SRR047552","UBERON:tooth","5"
"1927.SRS058210.SRX020677.SRR047962","UBERON:tooth","5"
"1927.SRS051976.SRX020577.SRR044046","UBERON:buccal mucosa","7"
"1927.SRS015968.SRX020577.SRR044048","UBERON:hard palate","2"
"1927.SRS053409.SRX020577.SRR044055","UBERON:tooth","5"
"1927.SRS016273.SRX020577.SRR044059","UBERON:buccal mucosa","7"
"1927.SRS019761.SRX020577.SRR044062","UBERON:buccal mucosa","7"
"1927.SRS015358.SRX020577.SRR044063","UBERON:buccal mucosa","7"
"1927.SRS011359.SRX020570.SRR045460","UBERON:tongue","9"
"1927.SRS046149.SRX020577.SRR044078","UBERON:hard palate","6"
"1927.SRS015368.SRX020577.SRR044081","UBERON:tooth","5"
"1927.SRS019570.SRX020543.SRR047541","UBERON:buccal mucosa","7"
"1927.SRS014323.SRX020546.SRR049219","UBERON:tooth","7"
"1927.SRS015574.SRX020577.SRR044085","UBERON:tooth","5"
"1927.SRS015572.SRX020577.SRR044090","UBERON:throat","11"
"1927.SRS015766.SRX020539.SRR044169","UBERON:buccal mucosa","7"
"1927.SRS011367.SRX020663.SRR045155","UBERON:palatine tonsil","7"
"1927.SRS011361.SRX020570.SRR045458","UBERON:hard palate","9"
"1927.SRS016156.SRX020539.SRR049854","UBERON:hard palate","7"
"1927.SRS011569.SRX020659.SRR045062","UBERON:tooth","5"
"1927.SRS011367.SRX020667.SRR045235","UBERON:palatine tonsil","7"
"1927.SRS011363.SRX020667.SRR045281","UBERON:buccal mucosa","7"
"1927.SRS011466.SRX020667.SRR045250","UBERON:throat","7"
"1927.SRS015669.SRX020539.SRR044126","UBERON:tongue","9"
"1927.SRS019005.SRX020520.SRR044626","UBERON:skin of elbow","3"
"1927.SRS063933.SRX020549.SRR046470","UBERON:skin of elbow","3"
"1927.SRS057978.SRX020540.SRR047284","UBERON:tooth","5"
"1927.SRS015722.SRX020539.SRR044130","UBERON:tooth","5"
"1927.SRS015714.SRX020539.SRR044134","UBERON:gingiva","7"
"1927.SRS016008.SRX020539.SRR044166","UBERON:gingiva","6"
"1927.SRS014677.SRX020543.SRR045578","UBERON:tooth","5"
"1927.SRS015633.SRX020539.SRR044143","UBERON:tooth","5"
"1927.SRS015712.SRX020539.SRR044144","UBERON:buccal mucosa","7"
"1927.SRS015681.SRX020539.SRR044193","UBERON:tooth","5"
"1927.SRS055203.SRX020670.SRR046353","UBERON:gingiva","6"
"1927.SRS016160.SRX020539.SRR044163","UBERON:gingiva","6"
"1927.SRS016974.SRX020667.SRR045276","UBERON:palatine tonsil","9"
"1927.SRS055450.SRX020578.SRR047319","UBERON:tooth","5"
"1927.SRS011571.SRX020659.SRR045040","UBERON:tooth","7"
"1927.SRS019578.SRX020511.SRR045641","UBERON:tooth","5"
"1927.SRS019107.SRX020564.SRR047453","UBERON:tooth","5"
"1927.SRS014653.SRX020511.SRR047555","UBERON:hard palate","7"
"1927.SRS022948.SRX020675.SRR047817","UBERON:tooth","5"
"1927.SRS013559.SRX020678.SRR048035","UBERON:buccal mucosa","7"
"1927.SRS016002.SRX020539.SRR044181","UBERON:tongue","9"
"1927.SRS015998.SRX020539.SRR044184","UBERON:mouth","9"
"1927.SRS015673.SRX020539.SRR044194","UBERON:buccal mucosa","6"
"1927.SRS016123.SRX020516.SRR044341","UBERON:gingiva","7"
"1927.SRS015835.SRX020562.SRR044704","UBERON:tooth","5"
"1927.SRS063462.SRX020670.SRR047677","UBERON:buccal mucosa","7"
"1927.SRS016121.SRX020516.SRR044304","UBERON:buccal mucosa","5"
"1927.SRS019900.SRX020516.SRR044307","UBERON:gingiva","7"
"1927.SRS062777.SRX020670.SRR046257","UBERON:gingiva","7"
"1927.SRS065151.SRX020670.SRR046354","UBERON:tooth","5"
"1927.SRS053128.SRX020568.SRR046868","UBERON:tooth","5"
"1927.SRS019249.SRX020516.SRR044338","UBERON:hard palate","2"
"1927.SRS016131.SRX020516.SRR044319","UBERON:tooth","5"
"1927.SRS019257.SRX020516.SRR044326","UBERON:throat","2"
"1927.SRS056493.SRX020550.SRR046443","UBERON:tooth","5"
"1927.SRS016321.SRX020516.SRR044350","UBERON:hard palate","2"
"1927.SRS053061.SRX020568.SRR046937","UBERON:hard palate","7"
"1927.SRS016068.SRX020516.SRR044362","UBERON:palatine tonsil","9"
"1927.SRS018753.SRX020516.SRR044365","UBERON:tooth","5"
"1927.SRS016325.SRX020516.SRR044368","UBERON:gingiva","6"
"1927.SRS018587.SRX020516.SRR044371","UBERON:mouth","2"
"1927.SRS016176.SRX020525.SRR044515","UBERON:skin of external ear","1"
"1927.SRS018761.SRX020525.SRR044531","UBERON:skin of elbow","8"
"1927.SRS016178.SRX020525.SRR044540","UBERON:skin of elbow","3"
"1927.SRS015605.SRX020525.SRR044549","UBERON:skin of elbow","8"
"1927.SRS015653.SRX020525.SRR044551","UBERON:skin of external ear","1"
"1927.SRS015249.SRX020525.SRR044553","UBERON:skin of external ear","1"
"1927.SRS018755.SRX020525.SRR044563","UBERON:skin of external ear","1"
"1927.SRS018997.SRX020510.SRR044584","UBERON:tooth","5"
"1927.SRS018999.SRX020510.SRR044587","UBERON:tooth","5"
"1927.SRS018989.SRX020510.SRR044591","UBERON:buccal mucosa","7"
"1927.SRS019005.SRX020510.SRR044596","UBERON:skin of elbow","3"
"1927.SRS015931.SRX020520.SRR044613","UBERON:tooth","5"
"1927.SRS018999.SRX020520.SRR044617","UBERON:tooth","5"
"1927.SRS015807.SRX020562.SRR044699","UBERON:skin of external ear","10"
"1927.SRS019101.SRX020564.SRR044714","UBERON:gingiva","6"
"1927.SRS019097.SRX020564.SRR044724","UBERON:hard palate","7"
"1927.SRS019109.SRX020564.SRR044733","UBERON:tooth","5"
"1927.SRS019107.SRX020545.SRR044735","UBERON:tooth","5"
"1927.SRS019099.SRX020545.SRR044741","UBERON:buccal mucosa","7"
"1927.SRS019101.SRX020545.SRR044742","UBERON:gingiva","6"
"1927.SRS015464.SRX020545.SRR044743","UBERON:gingiva","6"
"1927.SRS046586.SRX020670.SRR046330","UBERON:tooth","11"
"1927.SRS051935.SRX020670.SRR046335","UBERON:tooth","5"
"1927.SRS062908.SRX020548.SRR047345","UBERON:tooth","5"
"1927.SRS019109.SRX020545.SRR044760","UBERON:tooth","5"
"1927.SRS011518.SRX020661.SRR044761","UBERON:tooth","5"
"1927.SRS011175.SRX020661.SRR044766","UBERON:tooth","11"
"1927.SRS011165.SRX020661.SRR044777","UBERON:buccal mucosa","7"
"1927.SRS011421.SRX020663.SRR045156","UBERON:hard palate","6"
"1927.SRS011163.SRX020570.SRR045452","UBERON:hard palate","6"
"1927.SRS011470.SRX020661.SRR044773","UBERON:tooth","5"
"1927.SRS011588.SRX020661.SRR044782","UBERON:mouth","9"
"1927.SRS011520.SRX020661.SRR044783","UBERON:tooth","5"
"1927.SRS011407.SRX020661.SRR044785","UBERON:mouth","9"
"1927.SRS011433.SRX020661.SRR044789","UBERON:tooth","11"
"1927.SRS011423.SRX020661.SRR044794","UBERON:buccal mucosa","7"
"1927.SRS011494.SRX020661.SRR044795","UBERON:tooth","11"
"1927.SRS011594.SRX020661.SRR044796","UBERON:buccal mucosa","7"
"1927.SRS011417.SRX020661.SRR044797","UBERON:mouth","2"
"1927.SRS011545.SRX020661.SRR044814","UBERON:tooth","5"
"1927.SRS011669.SRX020661.SRR044817","UBERON:tooth","5"
"1927.SRS011173.SRX020661.SRR044818","UBERON:tooth","11"
"1927.SRS011167.SRX020661.SRR044828","UBERON:gingiva","6"
"1927.SRS011638.SRX020661.SRR044830","UBERON:tooth","5"
"1927.SRS011663.SRX020661.SRR044838","UBERON:gingiva","6"
"1927.SRS011429.SRX020663.SRR045163","UBERON:throat","2"
"1927.SRS011165.SRX020659.SRR045005","UBERON:buccal mucosa","7"
"1927.SRS011520.SRX020659.SRR045010","UBERON:tooth","5"
"1927.SRS011594.SRX020659.SRR045024","UBERON:buccal mucosa","7"
"1927.SRS011407.SRX020659.SRR045012","UBERON:mouth","9"
"1927.SRS011433.SRX020659.SRR045016","UBERON:tooth","11"
"1927.SRS011177.SRX020659.SRR045018","UBERON:skin of external ear","4"
"1927.SRS011423.SRX020659.SRR045022","UBERON:buccal mucosa","7"
"1927.SRS011182.SRX020570.SRR045449","UBERON:anterior nares","10"
"1927.SRS011494.SRX020659.SRR045023","UBERON:tooth","11"
"1927.SRS011598.SRX020659.SRR047487","UBERON:palatine tonsil","7"
"1927.SRS011512.SRX020659.SRR045025","UBERON:gingiva","6"
"1927.SRS011456.SRX020659.SRR045034","UBERON:tongue","2"
"1927.SRS011563.SRX020663.SRR045200","UBERON:gingiva","7"
"1927.SRS011669.SRX020659.SRR045042","UBERON:tooth","5"
"1927.SRS011173.SRX020659.SRR045043","UBERON:tooth","11"
"1927.SRS011167.SRX020659.SRR045052","UBERON:gingiva","6"
"1927.SRS011638.SRX020659.SRR045054","UBERON:tooth","5"
"1927.SRS011671.SRX020659.SRR045057","UBERON:tooth","5"
"1927.SRS011663.SRX020659.SRR045061","UBERON:gingiva","6"
"1927.SRS011629.SRX020663.SRR045139","UBERON:buccal mucosa","9"
"1927.SRS011169.SRX020663.SRR045141","UBERON:palatine tonsil","7"
"1927.SRS011159.SRX020663.SRR045145","UBERON:mouth","9"
"1927.SRS011462.SRX020663.SRR045147","UBERON:gingiva","6"
"1927.SRS011592.SRX020663.SRR045153","UBERON:hard palate","7"
"1927.SRS048090.SRX020511.SRR049329","UBERON:gingiva","5"
"1927.SRS011561.SRX020663.SRR045162","UBERON:buccal mucosa","7"
"1927.SRS011631.SRX020663.SRR045165","UBERON:gingiva","6"
"1927.SRS011508.SRX020663.SRR045168","UBERON:hard palate","6"
"1927.SRS011466.SRX020663.SRR045171","UBERON:throat","7"
"1927.SRS011458.SRX020663.SRR045179","UBERON:hard palate","7"
"1927.SRS011661.SRX020663.SRR045183","UBERON:buccal mucosa","7"
"1927.SRS011363.SRX020663.SRR045208","UBERON:buccal mucosa","7"
"1927.SRS011454.SRX020667.SRR047499","UBERON:mouth","2"
"1927.SRS011629.SRX020667.SRR045216","UBERON:buccal mucosa","9"
"1927.SRS011169.SRX020667.SRR045220","UBERON:palatine tonsil","7"
"1927.SRS011421.SRX020667.SRR045236","UBERON:hard palate","6"
"1927.SRS011659.SRX020667.SRR045237","UBERON:hard palate","6"
"1927.SRS011561.SRX020667.SRR045241","UBERON:buccal mucosa","7"
"1927.SRS011458.SRX020667.SRR045258","UBERON:hard palate","7"
"1927.SRS011661.SRX020667.SRR045261","UBERON:buccal mucosa","7"
"1927.SRS011514.SRX020667.SRR045264","UBERON:palatine tonsil","7"
"1927.SRS011506.SRX020667.SRR045275","UBERON:tongue","9"
"1927.SRS011510.SRX020667.SRR045277","UBERON:buccal mucosa","6"
"1927.SRS011454.SRX020663.SRR046238","UBERON:mouth","2"
"1927.SRS011182.SRX020537.SRR045378","UBERON:anterior nares","10"
"1927.SRS011163.SRX020537.SRR045380","UBERON:hard palate","6"
"1927.SRS011171.SRX020537.SRR045382","UBERON:throat","9"
"1927.SRS065010.SRX020532.SRR047033","UBERON:tooth","5"
"1927.SRS011361.SRX020537.SRR045390","UBERON:hard palate","9"
"1927.SRS011359.SRX020537.SRR045392","UBERON:tongue","9"
"1927.SRS011438.SRX020571.SRR045474","UBERON:skin of elbow","8"
"1927.SRS018686.SRX020572.SRR045980","UBERON:gingiva","2"
"1927.SRS048090.SRX020543.SRR045576","UBERON:gingiva","5"
"1927.SRS049589.SRX020543.SRR045581","UBERON:buccal mucosa","7"
"1927.SRS014428.SRX020543.SRR045586","UBERON:hard palate","9"
"1927.SRS043226.SRX020543.SRR045590","UBERON:hard palate","9"
"1927.SRS014653.SRX020543.SRR045591","UBERON:hard palate","7"
"1927.SRS055161.SRX020543.SRR045594","UBERON:tooth","11"
"1927.SRS050470.SRX020543.SRR045596","UBERON:tooth","5"
"1927.SRS019574.SRX020543.SRR045597","UBERON:palatine tonsil","9"
"1927.SRS014675.SRX020543.SRR045601","UBERON:tooth","5"
"1927.SRS019556.SRX020511.SRR045618","UBERON:skin of elbow","3"
"1927.SRS019552.SRX020511.SRR045619","UBERON:skin of external ear","10"
"1927.SRS014432.SRX020511.SRR045636","UBERON:gingiva","6"
"1927.SRS014428.SRX020511.SRR045642","UBERON:hard palate","9"
"1927.SRS050470.SRX020511.SRR045643","UBERON:tooth","5"
"1927.SRS049589.SRX020511.SRR045655","UBERON:buccal mucosa","7"
"1927.SRS055161.SRX020511.SRR045662","UBERON:tooth","11"
"1927.SRS014651.SRX020511.SRR045667","UBERON:tongue","9"
"1927.SRS014911.SRX020555.SRR045669","UBERON:buccal mucosa","7"
"1927.SRS014552.SRX020555.SRR045673","UBERON:tooth","5"
"1927.SRS015409.SRX020555.SRR045683","UBERON:tooth","5"
"1927.SRS015129.SRX020555.SRR045698","UBERON:tooth","5"
"1927.SRS014564.SRX020555.SRR045708","UBERON:buccal mucosa","7"
"1927.SRS014595.SRX020555.SRR045710","UBERON:hard palate","9"
"1927.SRS015399.SRX020555.SRR045719","UBERON:buccal mucosa","6"
"1927.SRS014919.SRX020555.SRR045732","UBERON:tooth","5"
"1927.SRS014903.SRX020547.SRR045752","UBERON:mouth","9"
"1927.SRS051071.SRX020568.SRR049533","UBERON:buccal mucosa","7"
"1927.SRS050795.SRX020575.SRR045823","UBERON:skin of elbow","10"
"1927.SRS019312.SRX020575.SRR045831","UBERON:skin of elbow","8"
"1927.SRS019498.SRX020575.SRR045838","UBERON:skin of external ear","10"
"1927.SRS019310.SRX020575.SRR046007","UBERON:skin of external ear","10"
"1927.SRS019625.SRX020575.SRR046014","UBERON:skin of external ear","10"
"1927.SRS019524.SRX020572.SRR045946","UBERON:gingiva","6"
"1927.SRS011635.SRX020659.SRR047490","UBERON:tooth","5"
"1927.SRS019361.SRX020572.SRR045949","UBERON:tooth","5"
"1927.SRS019355.SRX020572.SRR045952","UBERON:gingiva","6"
"1927.SRS019294.SRX020572.SRR047585","UBERON:hard palate","6"
"1927.SRS019353.SRX020572.SRR045961","UBERON:buccal mucosa","7"
"1927.SRS018852.SRX020572.SRR045969","UBERON:throat","2"
"1927.SRS019292.SRX020572.SRR045973","UBERON:tongue","2"
"1927.SRS018900.SRX020572.SRR045975","UBERON:gingiva","7"
"1927.SRS019532.SRX020572.SRR049344","UBERON:tooth","5"
"1927.SRS048671.SRX020531.SRR046044","UBERON:buccal mucosa","7"
"1927.SRS019363.SRX020572.SRR046006","UBERON:tooth","5"
"1927.SRS018962.SRX020575.SRR046015","UBERON:skin of elbow","10"
"1927.SRS045122.SRX020575.SRR046022","UBERON:skin of elbow","3"
"1927.SRS057300.SRX020531.SRR046033","UBERON:buccal mucosa","7"
"1927.SRS053216.SRX020531.SRR046049","UBERON:tooth","5"
"1927.SRS014903.SRX020557.SRR046071","UBERON:mouth","9"
"1927.SRS015530.SRX020557.SRR046083","UBERON:tooth","5"
"1927.SRS015196.SRX020536.SRR046117","UBERON:skin of elbow","8"
"1927.SRS044700.SRX020670.SRR046227","UBERON:tooth","5"
"1927.SRS050858.SRX020549.SRR046485","UBERON:skin of external ear","10"
"1927.SRS014657.SRX020511.SRR046240","UBERON:gingiva","7"
"1927.SRS042627.SRX020670.SRR046247","UBERON:hard palate","6"
"1927.SRS044901.SRX020670.SRR046250","UBERON:tooth","5"
"1927.SRS064663.SRX020670.SRR046261","UBERON:hard palate","7"
"1927.SRS045226.SRX020670.SRR046263","UBERON:gingiva","6"
"1927.SRS054441.SRX020670.SRR046329","UBERON:tooth","5"
"1927.SRS053092.SRX020670.SRR046352","UBERON:throat","2"
"1927.SRS045483.SRX020670.SRR046362","UBERON:hard palate","7"
"1927.SRS054907.SRX020670.SRR046365","UBERON:tooth","5"
"1927.SRS046921.SRX020542.SRR046373","UBERON:tooth","5"
"1927.SRS063594.SRX020542.SRR046375","UBERON:buccal mucosa","7"
"1927.SRS054796.SRX020563.SRR046403","UBERON:buccal mucosa","5"
"1927.SRS054039.SRX020550.SRR046424","UBERON:palatine tonsil","2"
"1927.SRS043219.SRX020550.SRR046436","UBERON:buccal mucosa","7"
"1927.SRS057689.SRX020550.SRR046438","UBERON:tooth","5"
"1927.SRS047158.SRX020550.SRR046448","UBERON:tooth","5"
"1927.SRS062749.SRX020569.SRR046507","UBERON:buccal mucosa","6"
"1927.SRS065336.SRX020569.SRR046509","UBERON:tooth","5"
"1927.SRS064713.SRX020569.SRR046541","UBERON:tooth","5"
"1927.SRS065278.SRX020569.SRR046548","UBERON:tongue","2"
"1927.SRS018635.SRX020529.SRR046577","UBERON:gingiva","6"
"1927.SRS062954.SRX020569.SRR046610","UBERON:hard palate","7"
"1927.SRS064809.SRX020569.SRR046612","UBERON:buccal mucosa","7"
"1927.SRS063287.SRX020569.SRR046615","UBERON:buccal mucosa","7"
"1927.SRS065037.SRX020569.SRR046654","UBERON:tooth","5"
"1927.SRS063513.SRX020569.SRR046701","UBERON:tooth","5"
"1927.SRS062662.SRX020569.SRR046703","UBERON:buccal mucosa","7"
"1927.SRS064291.SRX020569.SRR046704","UBERON:tooth","11"
"1927.SRS064792.SRX020532.SRR046826","UBERON:tooth","5"
"1927.SRS053142.SRX020568.SRR046842","UBERON:gingiva","7"
"1927.SRS043336.SRX020568.SRR046844","UBERON:hard palate","2"
"1927.SRS049634.SRX020568.SRR046870","UBERON:gingiva","6"
"1927.SRS058805.SRX020568.SRR046872","UBERON:gingiva","6"
"1927.SRS064564.SRX020532.SRR046896","UBERON:buccal mucosa","7"
"1927.SRS063636.SRX020532.SRR047001","UBERON:gingiva","2"
"1927.SRS065292.SRX020532.SRR049562","UBERON:hard palate","2"
"1927.SRS062793.SRX020532.SRR046993","UBERON:tooth","5"
"1927.SRS065615.SRX020532.SRR046912","UBERON:anterior nares","3"
"1927.SRS063859.SRX020532.SRR046926","UBERON:tooth","5"
"1927.SRS064025.SRX020532.SRR046927","UBERON:tooth","5"
"1927.SRS042595.SRX020568.SRR046928","UBERON:hard palate","2"
"1927.SRS049882.SRX020568.SRR046929","UBERON:buccal mucosa","7"
"1927.SRS023005.SRX020675.SRR047769","UBERON:gingiva","6"
"1927.SRS050958.SRX020568.SRR049536","UBERON:tooth","5"
"1927.SRS043758.SRX020568.SRR046940","UBERON:hard palate","2"
"1927.SRS063173.SRX020532.SRR047057","UBERON:hard palate","7"
"1927.SRS063766.SRX020532.SRR046967","UBERON:gingiva","7"
"1927.SRS065069.SRX020532.SRR046969","UBERON:gingiva","7"
"1927.SRS065489.SRX020532.SRR046971","UBERON:hard palate","7"
"1927.SRS065630.SRX020532.SRR046972","UBERON:tooth","5"
"1927.SRS064328.SRX020532.SRR046973","UBERON:hard palate","6"
"1927.SRS054065.SRX020568.SRR047009","UBERON:tongue","2"
"1927.SRS050262.SRX020568.SRR047024","UBERON:tooth","5"
"1927.SRS064226.SRX020532.SRR047040","UBERON:gingiva","6"
"1927.SRS065582.SRX020532.SRR047041","UBERON:throat","2"
"1927.SRS063132.SRX020512.SRR047062","UBERON:skin of elbow","3"
"1927.SRS042783.SRX020540.SRR047114","UBERON:buccal mucosa","7"
"1927.SRS044788.SRX020540.SRR047122","UBERON:buccal mucosa","7"
"1927.SRS053264.SRX020580.SRR047186","UBERON:mouth","2"
"1927.SRS051513.SRX020578.SRR047236","UBERON:buccal mucosa","6"
"1927.SRS052423.SRX020540.SRR047258","UBERON:tooth","5"
"1927.SRS057730.SRX020540.SRR047296","UBERON:hard palate","2"
"1927.SRS046788.SRX020578.SRR047299","UBERON:gingiva","6"
"1927.SRS053902.SRX020578.SRR047317","UBERON:hard palate","2"
"1927.SRS052746.SRX020578.SRR047318","UBERON:tooth","5"
"1927.SRS065570.SRX020548.SRR047346","UBERON:anterior nares","3"
"1927.SRS065424.SRX020548.SRR047348","UBERON:mouth","7"
"1927.SRS014556.SRX020546.SRR047375","UBERON:mouth","2"
"1927.SRS014597.SRX020546.SRR047384","UBERON:buccal mucosa","7"
"1927.SRS023514.SRX020677.SRR047948","UBERON:tooth","5"
"1927.SRS057093.SRX020677.SRR047961","UBERON:mouth","9"
"1927.SRS019906.SRX020516.SRR047422","UBERON:tooth","5"
"1927.SRS018745.SRX020516.SRR047429","UBERON:gingiva","6"
"1927.SRS015823.SRX020562.SRR047451","UBERON:hard palate","7"
"1927.SRS011512.SRX020661.SRR047462","UBERON:gingiva","6"
"1927.SRS011635.SRX020661.SRR047465","UBERON:tooth","5"
"1927.SRS011518.SRX020659.SRR047482","UBERON:tooth","5"
"1927.SRS011417.SRX020659.SRR047484","UBERON:mouth","2"
"1927.SRS011482.SRX020663.SRR047496","UBERON:mouth","2"
"1927.SRS011627.SRX020663.SRR047498","UBERON:hard palate","6"
"1927.SRS011464.SRX020667.SRR047504","UBERON:palatine tonsil","7"
"1927.SRS019556.SRX020543.SRR047543","UBERON:skin of elbow","3"
"1927.SRS014424.SRX020543.SRR047547","UBERON:tooth","5"
"1927.SRS018848.SRX020572.SRR047583","UBERON:gingiva","6"
"1927.SRS018682.SRX020572.SRR047588","UBERON:hard palate","2"
"1927.SRS019351.SRX020572.SRR047592","UBERON:hard palate","6"
"1927.SRS019705.SRX020575.SRR047605","UBERON:skin of external ear","10"
"1927.SRS019832.SRX020575.SRR047606","UBERON:skin of external ear","10"
"1927.SRS018700.SRX020575.SRR047608","UBERON:skin of external ear","3"
"1927.SRS064603.SRX020542.SRR047680","UBERON:gingiva","6"
"1927.SRS050055.SRX020563.SRR047699","UBERON:mouth","5"
"1927.SRS051359.SRX020550.SRR047704","UBERON:tooth","5"
"1927.SRS058695.SRX020550.SRR047705","UBERON:buccal mucosa","6"
"1927.SRS050012.SRX020550.SRR047709","UBERON:tooth","5"
"1927.SRS021615.SRX020675.SRR047750","UBERON:hard palate","7"
"1927.SRS023017.SRX020675.SRR047779","UBERON:skin of external ear","10"
"1927.SRS023003.SRX020675.SRR047767","UBERON:buccal mucosa","2"
"1927.SRS022995.SRX020675.SRR047771","UBERON:mouth","2"
"1927.SRS023013.SRX020675.SRR047772","UBERON:tooth","5"
"1927.SRS023009.SRX020675.SRR047774","UBERON:throat","2"
"1927.SRS022999.SRX020675.SRR047775","UBERON:tongue","2"
"1927.SRS023021.SRX020675.SRR047778","UBERON:skin of elbow","3"
"1927.SRS021930.SRX020675.SRR047787","UBERON:palatine tonsil","11"
"1927.SRS021936.SRX020675.SRR047789","UBERON:tooth","5"
"1927.SRS021555.SRX020675.SRR047799","UBERON:hard palate","9"
"1927.SRS021569.SRX020675.SRR047808","UBERON:skin of external ear","3"
"1927.SRS021575.SRX020675.SRR047809","UBERON:skin of elbow","9"
"1927.SRS022932.SRX020675.SRR047816","UBERON:mouth","2"
"1927.SRS020143.SRX020676.SRR047851","UBERON:tooth","5"
"1927.SRS020192.SRX020676.SRR047860","UBERON:buccal mucosa","7"
"1927.SRS020190.SRX020676.SRR047861","UBERON:hard palate","9"
"1927.SRS020184.SRX020676.SRR047864","UBERON:mouth","9"
"1927.SRS020202.SRX020676.SRR047865","UBERON:tooth","5"
"1927.SRS020208.SRX020676.SRR047870","UBERON:skin of elbow","3"
"1927.SRS023502.SRX020677.SRR047944","UBERON:hard palate","6"
"1927.SRS023506.SRX020677.SRR047945","UBERON:gingiva","6"
"1927.SRS023496.SRX020677.SRR047947","UBERON:mouth","2"
"1927.SRS055772.SRX020677.SRR047957","UBERON:buccal mucosa","7"
"1927.SRS046924.SRX020677.SRR047958","UBERON:hard palate","7"
"1927.SRS057073.SRX020677.SRR047959","UBERON:gingiva","6"
"1927.SRS056702.SRX020677.SRR047960","UBERON:palatine tonsil","7"
"1927.SRS058399.SRX020677.SRR047964","UBERON:throat","2"
"1927.SRS047619.SRX020677.SRR047966","UBERON:anterior nares","3"
"1927.SRS013563.SRX020677.SRR047983","UBERON:palatine tonsil","7"
"1927.SRS013567.SRX020677.SRR047986","UBERON:tooth","5"
"1927.SRS013555.SRX020677.SRR047988","UBERON:tongue","2"
"1927.SRS055904.SRX020677.SRR047994","UBERON:gingiva","6"
"1927.SRS049196.SRX020677.SRR047997","UBERON:tooth","11"
"1927.SRS013782.SRX020677.SRR048010","UBERON:palatine tonsil","7"
"1927.SRS023019.SRX020678.SRR048014","UBERON:skin of elbow","3"
"1927.SRS021573.SRX020678.SRR048016","UBERON:skin of elbow","4"
"1927.SRS022512.SRX020678.SRR048023","UBERON:skin of elbow","4"
"1927.SRS042206.SRX020678.SRR048033","UBERON:palatine tonsil","7"
"1927.SRS024535.SRX020678.SRR048040","UBERON:tooth","5"
"1927.SRS021928.SRX020683.SRR048326","UBERON:gingiva","7"
"1927.SRS020143.SRX020683.SRR048333","UBERON:tooth","5"
"1927.SRS023520.SRX020683.SRR048355","UBERON:skin of elbow","3"
"1927.SRS056008.SRX020683.SRR048356","UBERON:skin of elbow","3"
"1927.SRS013786.SRX020683.SRR048359","UBERON:tooth","5"
"1927.SRS015825.SRX020562.SRR049225","UBERON:buccal mucosa","6"
"1927.SRS011598.SRX020661.SRR049229","UBERON:palatine tonsil","7"
"1927.SRS014432.SRX020543.SRR049327","UBERON:gingiva","6"
"1927.SRS019403.SRX020575.SRR049339","UBERON:skin of elbow","8"
"1927.SRS019349.SRX020572.SRR049345","UBERON:tongue","9"
"1927.SRS054669.SRX020531.SRR049351","UBERON:tooth","5"
"1927.SRS054288.SRX020549.SRR049392","UBERON:skin of external ear","10"
"1927.SRS050199.SRX020549.SRR049401","UBERON:skin of external ear","4"
"1927.SRS064327.SRX020569.SRR049419","UBERON:hard palate","6"
"1927.SRS063728.SRX020569.SRR049439","UBERON:buccal mucosa","6"
"1927.SRS064079.SRX020569.SRR049441","UBERON:tooth","2"
"1927.SRS065607.SRX020569.SRR049458","UBERON:gingiva","6"
"1927.SRS062803.SRX020569.SRR049476","UBERON:palatine tonsil","2"
"1927.SRS055157.SRX020568.SRR049537","UBERON:buccal mucosa","6"
"1927.SRS047410.SRX020568.SRR049538","UBERON:tooth","5"
"1927.SRS050114.SRX020568.SRR049566","UBERON:tooth","5"
"1927.SRS014365.SRX020554.SRR049820","UBERON:tooth","5"
"1927.SRS019556.SRX020574.SRR049821","UBERON:skin of elbow","3"
"1927.SRS015350.SRX020577.SRR049843","UBERON:mouth","9"
"1927.SRS015233.SRX020577.SRR049844","UBERON:hard palate","2"
"1927.SRS019771.SRX020577.SRR049848","UBERON:tooth","5"
"1927.SRS063965.SRX020548.SRR050112","UBERON:mouth","9"
"1927.SRS018944.SRX020572.SRR051589","UBERON:hard palate","7"
"1927.SRS021125.SRX022097.SRR057663","UBERON:buccal mucosa","7"
"1927.SRS021123.SRX022097.SRR057663","UBERON:hard palate","9"
"1927.SRS021079.SRX022097.SRR057663","UBERON:hard palate","9"
"1927.SRS021073.SRX022097.SRR057663","UBERON:mouth","9"
"1927.SRS021091.SRX022097.SRR057663","UBERON:tooth","11"
"1927.SRS021089.SRX022097.SRR057663","UBERON:tooth","5"
"1927.SRS020835.SRX022097.SRR057663","UBERON:tooth","5"
"1927.SRS020847.SRX022097.SRR057663","UBERON:anterior nares","10"
"1927.SRS020592.SRX022097.SRR057663","UBERON:mouth","7"
"1927.SRS020655.SRX022097.SRR057663","UBERON:hard palate","9"
"1927.SRS063416.SRX022224.SRR058087","UBERON:mouth","9"
"1927.SRS062463.SRX022224.SRR058087","UBERON:tooth","5"
"1927.SRS049990.SRX022224.SRR058087","UBERON:tooth","11"
"1927.SRS052849.SRX022224.SRR058087","UBERON:gingiva","6"
"1927.SRS064652.SRX022224.SRR058087","UBERON:buccal mucosa","6"
"1927.SRS058373.SRX022225.SRR058088","UBERON:skin of elbow","3"
"1927.SRS055007.SRX022225.SRR058088","UBERON:skin of elbow","4"
"1927.SRS052737.SRX022225.SRR058088","UBERON:skin of elbow","3"
"1927.SRS056694.SRX022225.SRR058088","UBERON:anterior nares","3"
"1927.SRS064782.SRX022228.SRR058091","UBERON:skin of elbow","3"
"1927.SRS063110.SRX022228.SRR058091","UBERON:anterior nares","3"
"1927.SRS062795.SRX022228.SRR058091","UBERON:skin of elbow","3"
"1927.SRS065172.SRX022232.SRR058094","UBERON:tooth","5"
"1927.SRS065578.SRX022232.SRR058094","UBERON:tooth","5"
"1927.SRS062978.SRX022232.SRR058094","UBERON:buccal mucosa","7"
"1927.SRS062521.SRX022232.SRR058094","UBERON:mouth","7"
"1927.SRS065224.SRX022232.SRR058094","UBERON:buccal mucosa","7"
"1927.SRS065071.SRX022232.SRR058094","UBERON:tooth","5"
"1927.SRS064595.SRX022232.SRR058094","UBERON:tooth","11"
"1927.SRS062536.SRX022232.SRR058094","UBERON:buccal mucosa","6"
"1927.SRS065621.SRX022232.SRR058094","UBERON:tooth","5"
"1927.SRS063680.SRX022232.SRR058094","UBERON:gingiva","6"
"1927.SRS063426.SRX022232.SRR058094","UBERON:tooth","11"
"1927.SRS022759.SRX022232.SRR058094","UBERON:tooth","5"
"1927.SRS058500.SRX022241.SRR058097","UBERON:tooth","5"
"1927.SRS054219.SRX022241.SRR058097","UBERON:buccal mucosa","7"
"1927.SRS049248.SRX022241.SRR058097","UBERON:mouth","5"
"1927.SRS046889.SRX022241.SRR058097","UBERON:tooth","11"
"1927.SRS051423.SRX022241.SRR058097","UBERON:tooth","5"
"1927.SRS050269.SRX022241.SRR058097","UBERON:gingiva","7"
"1927.SRS047658.SRX022241.SRR058097","UBERON:tooth","11"
"1927.SRS046510.SRX022241.SRR058097","UBERON:tooth","5"
"1927.SRS056919.SRX022244.SRR058107","UBERON:skin of elbow","3"
"1927.SRS045771.SRX022156.SRR058115","UBERON:tooth","5"
"1927.SRS045318.SRX022156.SRR058115","UBERON:buccal mucosa","7"
"1927.SRS044339.SRX022156.SRR058115","UBERON:tooth","5"
"1927.SRS053513.SRX022156.SRR058115","UBERON:tooth","5"
"1927.SRS044206.SRX022156.SRR058115","UBERON:tooth","5"
"1927.SRS052931.SRX022156.SRR058115","UBERON:tooth","5"
"1927.SRS051219.SRX022156.SRR058115","UBERON:mouth","9"
"1927.SRS044589.SRX022156.SRR058115","UBERON:hard palate","9"
"1927.SRS052122.SRX022156.SRR058115","UBERON:mouth","9"
"1927.SRS045874.SRX022225.SRR058088","UBERON:skin of elbow","3"
"1927.SRS015854.SRX020554.SRR043727","UBERON:feces","4"
"1927.SRS015599.SRX020539.SRR044148","UBERON:feces","4"
"1927.SRS015452.SRX020545.SRR044740","UBERON:feces","4"
"1927.SRS014442.SRX020511.SRR045656","UBERON:feces","4"
"1927.SRS014287.SRX020511.SRR045664","UBERON:feces","4"
"1927.SRS049428.SRX020670.SRR047663","UBERON:feces","4"
"1927.SRS014837.SRX020546.SRR043659","UBERON:central vagina","12"
"1927.SRS015506.SRX020539.SRR044176","UBERON:central vagina","12"
"1927.SRS018710.SRX020572.SRR045956","UBERON:posterior fornix of vagina","12"
"1927.SRS063059.SRX020532.SRR046914","UBERON:posterior fornix of vagina","12"
"1927.SRS014835.SRX020546.SRR043667","UBERON:vaginal introitus","12"
"1927.SRS015202.SRX020554.SRR043827","UBERON:vaginal introitus","12"
"1927.SRS015204.SRX020554.SRR043834","UBERON:central vagina","12"
"1927.SRS015736.SRX020539.SRR044174","UBERON:vaginal introitus","12"
"1927.SRS015740.SRX020539.SRR044195","UBERON:posterior fornix of vagina","12"
"1927.SRS015738.SRX020539.SRR044197","UBERON:central vagina","12"
"1927.SRS011619.SRX020659.SRR045014","UBERON:posterior fornix of vagina","13"
"1927.SRS018706.SRX020572.SRR045812","UBERON:vaginal introitus","12"
"1927.SRS063310.SRX020519.SRR046864","UBERON:vaginal introitus","12"
"1927.SRS064975.SRX020532.SRR046909","UBERON:central vagina","12"
"1927.SRS063522.SRX020532.SRR046922","UBERON:vaginal introitus","12"
"1927.SRS048194.SRX020540.SRR047261","UBERON:central vagina","12"
"1927.SRS018708.SRX020572.SRR047591","UBERON:central vagina","12"
"1927.SRS022964.SRX020675.SRR047823","UBERON:central vagina","12"
"1927.SRS064648.SRX020532.SRR049576","UBERON:vaginal introitus","12"
"1927.SRS014835.SRX020555.SRR045701","UBERON:vaginal introitus","12"
"1927.SRS014839.SRX020546.SRR047392","UBERON:posterior fornix of vagina","12"
"1927.SRS015421.SRX020546.SRR043700","UBERON:vaginal introitus","12"
"1927.SRS011647.SRX020659.SRR045008","UBERON:vaginal introitus","14"
"1927.SRS015508.SRX020539.SRR044172","UBERON:posterior fornix of vagina","12"
"1927.SRS019512.SRX020572.SRR046243","UBERON:posterior fornix of vagina","12"
"1927.SRS044902.SRX020539.SRR044124","UBERON:posterior fornix of vagina","13"
"1927.SRS049964.SRX020539.SRR044145","UBERON:vaginal introitus","12"
"1927.SRS015504.SRX020539.SRR044150","UBERON:vaginal introitus","12"
"1927.SRS015611.SRX020539.SRR044159","UBERON:vaginal introitus","12"
"1927.SRS011651.SRX020659.SRR045002","UBERON:posterior fornix of vagina","14"
"1927.SRS015206.SRX020554.SRR049819","UBERON:posterior fornix of vagina","12"
"1927.SRS048610.SRX020539.SRR044199","UBERON:central vagina","12"
"1927.SRS018769.SRX020516.SRR044313","UBERON:posterior fornix of vagina","12"
"1927.SRS018767.SRX020516.SRR044315","UBERON:central vagina","12"
"1927.SRS018870.SRX020572.SRR045976","UBERON:posterior fornix of vagina","12"
"1927.SRS022966.SRX020675.SRR047824","UBERON:posterior fornix of vagina","12"
"1927.SRS022962.SRX020675.SRR047825","UBERON:vaginal introitus","12"
"1927.SRS011651.SRX020661.SRR044775","UBERON:posterior fornix of vagina","14"
"1927.SRS011647.SRX020661.SRR044781","UBERON:vaginal introitus","14"
"1927.SRS011649.SRX020661.SRR044793","UBERON:central vagina","14"
"1927.SRS011448.SRX020661.SRR044820","UBERON:central vagina","12"
"1927.SRS011649.SRX020659.SRR045021","UBERON:central vagina","14"
"1927.SRS011450.SRX020663.SRR045166","UBERON:posterior fornix of vagina","12"
"1927.SRS011527.SRX020663.SRR045173","UBERON:posterior fornix of vagina","12"
"1927.SRS053478.SRX020511.SRR045638","UBERON:posterior fornix of vagina","3"
"1927.SRS015423.SRX020555.SRR045677","UBERON:central vagina","12"
"1927.SRS019510.SRX020572.SRR045959","UBERON:central vagina","12"
"1927.SRS018868.SRX020572.SRR045963","UBERON:central vagina","12"
"1927.SRS044742.SRX020670.SRR046348","UBERON:posterior fornix of vagina","12"
"1927.SRS050522.SRX020670.SRR046350","UBERON:central vagina","12"
"1927.SRS042320.SRX020670.SRR046357","UBERON:vaginal introitus","12"
"1927.SRS065165.SRX020569.SRR046534","UBERON:vaginal introitus","12"
"1927.SRS065436.SRX020569.SRR046543","UBERON:vaginal introitus","12"
"1927.SRS065189.SRX020569.SRR046547","UBERON:vaginal introitus","12"
"1927.SRS063298.SRX020569.SRR046551","UBERON:central vagina","12"
"1927.SRS064015.SRX020569.SRR046657","UBERON:vaginal introitus","12"
"1927.SRS063755.SRX020569.SRR046658","UBERON:central vagina","12"
"1927.SRS063153.SRX020569.SRR046665","UBERON:posterior fornix of vagina","12"
"1927.SRS062739.SRX020532.SRR046911","UBERON:central vagina","12"
"1927.SRS055785.SRX020568.SRR046943","UBERON:posterior fornix of vagina","12"
"1927.SRS063210.SRX020532.SRR047059","UBERON:posterior fornix of vagina","12"
"1927.SRS052037.SRX020540.SRR047270","UBERON:central vagina","12"
"1927.SRS050220.SRX020540.SRR047276","UBERON:posterior fornix of vagina","12"
"1927.SRS053714.SRX020540.SRR047286","UBERON:vaginal introitus","12"
"1927.SRS018866.SRX020572.SRR047597","UBERON:vaginal introitus","12"
"1927.SRS014839.SRX020555.SRR049332","UBERON:posterior fornix of vagina","12"
"1927.SRS062985.SRX020569.SRR049442","UBERON:anterior nares","12"
"1927.SRS065457.SRX020569.SRR049444","UBERON:central vagina","12"
"1927.SRS064439.SRX020569.SRR049474","UBERON:posterior fornix of vagina","12"
"1927.SRS049597.SRX020568.SRR049524","UBERON:central vagina","12"
"1927.SRS054372.SRX022224.SRR058087","UBERON:central vagina","12"
"1927.SRS046109.SRX022224.SRR058087","UBERON:posterior fornix of vagina","12"
"1927.SRS042961.SRX022224.SRR058087","UBERON:vaginal introitus","12"
"1927.SRS062652.SRX022232.SRR058094","UBERON:posterior fornix of vagina","12"
"1927.SRS045746.SRX022241.SRR058097","UBERON:vaginal introitus","12"
"1927.SRS043922.SRX022156.SRR058115","UBERON:posterior fornix of vagina","12"
"1927.SRS045915.SRX022156.SRR058115","UBERON:vaginal introitus","12"
"1927.SRS014297.SRX020543.SRR045610","UBERON:anterior nares","10"
"1927.SRS019910.SRX020516.SRR044347","UBERON:feces","4"
"1927.SRS050422.SRX020511.SRR045628","UBERON:feces","4"
"1927.SRS064276.SRX020670.SRR046347","UBERON:feces","4"
"1927.SRS052697.SRX020550.SRR046441","UBERON:feces","4"
"1927.SRS063827.SRX020532.SRR046984","UBERON:feces","4"
"1927.SRS062847.SRX020532.SRR047036","UBERON:feces","4"
"1927.SRS014659.SRX020543.SRR045556","UBERON:feces","4"
"1927.SRS055482.SRX020550.SRR047716","UBERON:feces","4"
"1927.SRS021910.SRX020675.SRR047783","UBERON:feces","4"
"1927.SRS011271.SRX020661.SRR044827","UBERON:feces","4"
"1927.SRS011529.SRX020659.SRR044994","UBERON:feces","4"
"1927.SRS011271.SRX020659.SRR045051","UBERON:feces","4"
"1927.SRS052196.SRX020523.SRR046417","UBERON:feces","4"
"1927.SRS018733.SRX020516.SRR047425","UBERON:feces","4"
"1927.SRS021635.SRX020675.SRR047761","UBERON:skin of elbow","3"
"1927.SRS014929.SRX020536.SRR047633","UBERON:skin of elbow","8"
"1927.SRS015281.SRX020554.SRR043805","UBERON:feces","4"
"1927.SRS011415.SRX020661.SRR044786","UBERON:feces","4"
"1927.SRS014287.SRX020543.SRR045558","UBERON:feces","4"
"1927.SRS046382.SRX020540.SRR047262","UBERON:feces","4"
"1927.SRS064321.SRX020519.SRR046501","UBERON:feces","4"
"1927.SRS056259.SRX020578.SRR047235","UBERON:feces","4"
"1927.SRS020470.SRX022097.SRR057663","UBERON:feces","4"
"1927.SRS042577.SRX022244.SRR058107","UBERON:skin of elbow","3"
"1927.SRS055144.SRX020554.SRR043713","UBERON:throat","9"
"1927.SRS015870.SRX020554.SRR043831","UBERON:tongue","2"
"1927.SRS016269.SRX020577.SRR043976","UBERON:tongue","2"
"1927.SRS015966.SRX020577.SRR044060","UBERON:tongue","2"
"1927.SRS055123.SRX020577.SRR044040","UBERON:tongue","9"
"1927.SRS015227.SRX020577.SRR044041","UBERON:mouth","2"
"1927.SRS015560.SRX020577.SRR044045","UBERON:tongue","2"
"1927.SRS015356.SRX020577.SRR044067","UBERON:hard palate","7"
"1927.SRS015679.SRX020539.SRR044158","UBERON:throat","9"
"1927.SRS019298.SRX020572.SRR046005","UBERON:gingiva","6"
"1927.SRS019520.SRX020572.SRR045816","UBERON:hard palate","9"
"1927.SRS013551.SRX020677.SRR047984","UBERON:mouth","2"
"1927.SRS013770.SRX020677.SRR048011","UBERON:mouth","7"
"1927.SRS016010.SRX020539.SRR044192","UBERON:palatine tonsil","9"
"1927.SRS018601.SRX020516.SRR044305","UBERON:throat","2"
"1927.SRS018591.SRX020516.SRR044342","UBERON:tongue","2"
"1927.SRS016329.SRX020516.SRR044348","UBERON:throat","2"
"1927.SRS019255.SRX020516.SRR044370","UBERON:palatine tonsil","9"
"1927.SRS015923.SRX020510.SRR044603","UBERON:gingiva","6"
"1927.SRS015921.SRX020510.SRR044611","UBERON:buccal mucosa","7"
"1927.SRS015923.SRX020520.SRR044633","UBERON:gingiva","6"
"1927.SRS011533.SRX020661.SRR044790","UBERON:tongue","9"
"1927.SRS011161.SRX020661.SRR044801","UBERON:tongue","2"
"1927.SRS011541.SRX020661.SRR044802","UBERON:palatine tonsil","7"
"1927.SRS011409.SRX020661.SRR044819","UBERON:tongue","2"
"1927.SRS011623.SRX020661.SRR044837","UBERON:mouth","9"
"1927.SRS011419.SRX020659.SRR045011","UBERON:tongue","2"
"1927.SRS011567.SRX020659.SRR045035","UBERON:throat","2"
"1927.SRS011516.SRX020663.SRR045172","UBERON:throat","7"
"1927.SRS011506.SRX020663.SRR045202","UBERON:tongue","9"
"1927.SRS011531.SRX020663.SRR045213","UBERON:mouth","9"
"1927.SRS058494.SRX020677.SRR047972","UBERON:mouth","9"
"1927.SRS011159.SRX020667.SRR045224","UBERON:mouth","9"
"1927.SRS051224.SRX020540.SRR047111","UBERON:gingiva","7"
"1927.SRS011482.SRX020667.SRR045218","UBERON:mouth","2"
"1927.SRS011531.SRX020667.SRR045284","UBERON:mouth","9"
"1927.SRS011369.SRX020662.SRR045409","UBERON:throat","7"
"1927.SRS014651.SRX020543.SRR045561","UBERON:tongue","9"
"1927.SRS019566.SRX020543.SRR045574","UBERON:tongue","9"
"1927.SRS014661.SRX020543.SRR045598","UBERON:palatine tonsil","7"
"1927.SRS019576.SRX020543.SRR045603","UBERON:throat","2"
"1927.SRS014271.SRX020511.SRR045624","UBERON:tongue","2"
"1927.SRS014426.SRX020511.SRR045627","UBERON:tongue","9"
"1927.SRS019566.SRX020511.SRR045658","UBERON:tongue","9"
"1927.SRS050362.SRX020511.SRR045661","UBERON:tongue","9"
"1927.SRS047219.SRX020511.SRR045665","UBERON:tongue","2"
"1927.SRS019526.SRX020572.SRR045951","UBERON:palatine tonsil","9"
"1927.SRS018896.SRX020572.SRR045960","UBERON:hard palate","2"
"1927.SRS018914.SRX020575.SRR046018","UBERON:skin of elbow","10"
"1927.SRS019781.SRX020536.SRR046108","UBERON:anterior nares","8"
"1927.SRS064859.SRX020670.SRR046230","UBERON:throat","9"
"1927.SRS049521.SRX020563.SRR046394","UBERON:tooth","5"
"1927.SRS051311.SRX020563.SRR047691","UBERON:gingiva","7"
"1927.SRS052433.SRX020523.SRR046415","UBERON:feces","3"
"1927.SRS054824.SRX020550.SRR046429","UBERON:palatine tonsil","2"
"1927.SRS056867.SRX020567.SRR046771","UBERON:skin of elbow","2"
"1927.SRS053635.SRX020568.SRR046874","UBERON:mouth","9"
"1927.SRS065435.SRX020532.SRR047003","UBERON:tooth","5"
"1927.SRS055531.SRX020540.SRR047118","UBERON:tooth","5"
"1927.SRS013788.SRX020676.SRR047866","UBERON:tooth","11"
"1927.SRS013786.SRX020676.SRR047876","UBERON:tooth","5"
"1927.SRS013774.SRX020676.SRR047885","UBERON:tongue","2"
"1927.SRS024537.SRX020676.SRR047920","UBERON:tooth","11"
"1927.SRS062410.SRX020532.SRR047027","UBERON:mouth","9"
"1927.SRS013776.SRX020678.SRR048039","UBERON:hard palate","7"
"1927.SRS063651.SRX020532.SRR047054","UBERON:tongue","9"
"1927.SRS063248.SRX020580.SRR047132","UBERON:tongue","9"
"1927.SRS057094.SRX020578.SRR047238","UBERON:hard palate","7"
"1927.SRS048080.SRX020578.SRR047239","UBERON:buccal mucosa","7"
"1927.SRS043889.SRX020578.SRR047243","UBERON:gingiva","2"
"1927.SRS013778.SRX020677.SRR048008","UBERON:buccal mucosa","7"
"1927.SRS023001.SRX020683.SRR048325","UBERON:hard palate","2"
"1927.SRS042533.SRX020540.SRR047272","UBERON:tongue","2"
"1927.SRS054330.SRX020578.SRR047307","UBERON:throat","2"
"1927.SRS043047.SRX020578.SRR047309","UBERON:tongue","9"
"1927.SRS053246.SRX020578.SRR047315","UBERON:tooth","5"
"1927.SRS048906.SRX020578.SRR047320","UBERON:tooth","5"
"1927.SRS054697.SRX020578.SRR047323","UBERON:buccal mucosa","2"
"1927.SRS052624.SRX020578.SRR047326","UBERON:tongue","2"
"1927.SRS053925.SRX020531.SRR047613","UBERON:hard palate","6"
"1927.SRS023434.SRX020676.SRR047883","UBERON:tongue","2"
"1927.SRS052245.SRX020550.SRR047706","UBERON:tongue","2"
"1927.SRS021613.SRX020675.SRR047757","UBERON:tongue","2"
"1927.SRS023001.SRX020675.SRR047768","UBERON:hard palate","2"
"1927.SRS023007.SRX020675.SRR047770","UBERON:palatine tonsil","2"
"1927.SRS023023.SRX020675.SRR047776","UBERON:anterior nares","3"
"1927.SRS021928.SRX020675.SRR047786","UBERON:gingiva","7"
"1927.SRS021932.SRX020675.SRR047791","UBERON:throat","2"
"1927.SRS021557.SRX020675.SRR047798","UBERON:buccal mucosa","6"
"1927.SRS023055.SRX020675.SRR047831","UBERON:mouth","2"
"1927.SRS023442.SRX020676.SRR047878","UBERON:palatine tonsil","11"
"1927.SRS023444.SRX020676.SRR047882","UBERON:throat","2"
"1927.SRS022494.SRX020676.SRR047891","UBERON:hard palate","6"
"1927.SRS022500.SRX020676.SRR047893","UBERON:palatine tonsil","2"
"1927.SRS022488.SRX020676.SRR047894","UBERON:mouth","2"
"1927.SRS022506.SRX020676.SRR047895","UBERON:tooth","5"
"1927.SRS022504.SRX020676.SRR047896","UBERON:tooth","5"
"1927.SRS022426.SRX020676.SRR047916","UBERON:tongue","9"
"1927.SRS024519.SRX020676.SRR047918","UBERON:mouth","9"
"1927.SRS023867.SRX020676.SRR047926","UBERON:buccal mucosa","7"
"1927.SRS023871.SRX020676.SRR047929","UBERON:palatine tonsil","9"
"1927.SRS023863.SRX020677.SRR047935","UBERON:tongue","9"
"1927.SRS042197.SRX020677.SRR047975","UBERON:tongue","9"
"1927.SRS047650.SRX020677.SRR048000","UBERON:tongue","2"
"1927.SRS013780.SRX020677.SRR048009","UBERON:gingiva","6"
"1927.SRS023430.SRX020678.SRR048021","UBERON:mouth","9"
"1927.SRS044630.SRX020678.SRR048034","UBERON:tooth","5"
"1927.SRS023442.SRX020683.SRR048344","UBERON:palatine tonsil","11"
"1927.SRS043378.SRX020567.SRR049451","UBERON:skin of external ear","10"
"1927.SRS065559.SRX020569.SRR049456","UBERON:throat","6"
"1927.SRS063514.SRX020532.SRR049541","UBERON:tongue","9"
"1927.SRS050005.SRX020568.SRR049565","UBERON:mouth","2"
"1927.SRS050234.SRX020578.SRR049624","UBERON:palatine tonsil","2"
"1927.SRS018680.SRX020572.SRR051581","UBERON:tongue","2"
"1927.SRS020482.SRX022097.SRR057663","UBERON:hard palate","9"
"1927.SRS020492.SRX022097.SRR057663","UBERON:throat","9"
"1927.SRS020484.SRX022097.SRR057663","UBERON:tongue","9"
"1927.SRS021085.SRX022097.SRR057663","UBERON:palatine tonsil","7"
"1927.SRS020596.SRX022097.SRR057663","UBERON:tongue","7"
"1927.SRS050803.SRX022224.SRR058087","UBERON:tongue","9"
"1927.SRS062726.SRX022224.SRR058087","UBERON:mouth","9"
"1927.SRS048140.SRX022224.SRR058087","UBERON:mouth","9"
"1927.SRS057977.SRX022224.SRR058087","UBERON:palatine tonsil","9"
"1927.SRS064244.SRX022232.SRR058094","UBERON:mouth","9"
"1927.SRS064637.SRX022232.SRR058094","UBERON:palatine tonsil","7"
"1927.SRS065415.SRX022232.SRR058094","UBERON:palatine tonsil","9"
"1927.SRS065385.SRX022232.SRR058094","UBERON:buccal mucosa","7"
"1927.SRS065127.SRX022232.SRR058094","UBERON:palatine tonsil","9"
"1927.SRS048515.SRX022241.SRR058097","UBERON:hard palate","9"
"1927.SRS054246.SRX022241.SRR058097","UBERON:throat","9"
"1927.SRS054371.SRX022241.SRR058097","UBERON:tongue","9"
"1927.SRS053564.SRX022241.SRR058097","UBERON:throat","7"
"1927.SRS052377.SRX022241.SRR058097","UBERON:mouth","9"
"1927.SRS056606.SRX022241.SRR058097","UBERON:mouth","9"
"1927.SRS044032.SRX022241.SRR058097","UBERON:hard palate","6"
"1927.SRS047139.SRX022241.SRR058097","UBERON:hard palate","7"
"1927.SRS050434.SRX022156.SRR058115","UBERON:throat","7"
"1927.SRS046131.SRX022156.SRR058115","UBERON:buccal mucosa","6"
"1927.SRS058238.SRX022156.SRR058115","UBERON:buccal mucosa","7"
"1927.SRS046051.SRX022156.SRR058115","UBERON:mouth","7"
"1927.SRS050258.SRX022156.SRR058115","UBERON:throat","2"
"1927.SRS015291.SRX020554.SRR043839","UBERON:anterior nares","3"
"1927.SRS015287.SRX020536.SRR046113","UBERON:skin of elbow","8"
"1927.SRS015247.SRX020577.SRR044079","UBERON:feces","4"
"1927.SRS011293.SRX020537.SRR045379","UBERON:skin of elbow","4"
"1927.SRS015724.SRX020539.SRR044132","UBERON:feces","4"
"1927.SRS015782.SRX020539.SRR044139","UBERON:feces","4"
"1927.SRS064373.SRX020519.SRR047005","UBERON:vaginal introitus","12"
"1927.SRS018872.SRX020572.SRR051576","UBERON:feces","4"
"1927.SRS016203.SRX020516.SRR044343","UBERON:feces","4"
"1927.SRS015007.SRX020525.SRR044544","UBERON:skin of elbow","4"
"1927.SRS019089.SRX020564.SRR044731","UBERON:feces","4"
"1927.SRS011621.SRX020661.SRR044776","UBERON:feces","4"
"1927.SRS011300.SRX020661.SRR044778","UBERON:feces","4"
"1927.SRS011413.SRX020661.SRR044792","UBERON:feces","4"
"1927.SRS011653.SRX020659.SRR044997","UBERON:feces","4"
"1927.SRS011413.SRX020659.SRR045020","UBERON:feces","4"
"1927.SRS011435.SRX020662.SRR045414","UBERON:skin of external ear","8"
"1927.SRS019582.SRX020543.SRR045562","UBERON:feces","4"
"1927.SRS050422.SRX020543.SRR045575","UBERON:feces","4"
"1927.SRS048819.SRX020511.SRR045612","UBERON:feces","4"
"1927.SRS054461.SRX020550.SRR046442","UBERON:feces","4"
"1927.SRS064905.SRX020512.SRR047068","UBERON:skin of elbow","4"
"1927.SRS042703.SRX020540.SRR047267","UBERON:feces","4"
"1927.SRS046639.SRX020670.SRR047659","UBERON:feces","4"
"1927.SRS023047.SRX020675.SRR047826","UBERON:feces","4"
"1927.SRS016056.SRX020536.SRR049357","UBERON:feces","4"
"1927.SRS065725.SRX020519.SRR049530","UBERON:feces","4"
"1927.SRS011410.SRX020661.SRR044800","UBERON:feces","4"
"1927.SRS011300.SRX020659.SRR045006","UBERON:feces","4"
"1927.SRS011435.SRX020664.SRR045440","UBERON:skin of external ear","8"
"1927.SRS014442.SRX020543.SRR045553","UBERON:feces","4"
"1927.SRS048819.SRX020543.SRR045568","UBERON:feces","4"
"1927.SRS048682.SRX020549.SRR049403","UBERON:skin of elbow","8"
"1927.SRS045877.SRX020523.SRR046406","UBERON:feces","4"
"1927.SRS057447.SRX020523.SRR046411","UBERON:feces","4"
"1927.SRS046313.SRX020550.SRR046437","UBERON:feces","4"
"1927.SRS055630.SRX020568.SRR046881","UBERON:anterior nares","4"
"1927.SRS014613.SRX020546.SRR047386","UBERON:feces","4"
"1927.SRS021601.SRX020675.SRR047748","UBERON:feces","4"
"1927.SRS021631.SRX020675.SRR047762","UBERON:skin of external ear","10"
"1927.SRS022987.SRX020675.SRR047766","UBERON:feces","4"
"1927.SRS021944.SRX020675.SRR047795","UBERON:skin of elbow","4"
"1927.SRS022924.SRX020675.SRR047811","UBERON:feces","4"
"1927.SRS023061.SRX020675.SRR047828","UBERON:hard palate","2"
"1927.SRS020176.SRX020676.SRR047859","UBERON:feces","4"
"1927.SRS020210.SRX020676.SRR047872","UBERON:skin of elbow","4"
"1927.SRS024511.SRX020676.SRR047887","UBERON:feces","4"
"1927.SRS043675.SRX020678.SRR048037","UBERON:skin of elbow","4"
"1927.SRS020208.SRX020683.SRR048338","UBERON:skin of elbow","3"
"1927.SRS020204.SRX020683.SRR048339","UBERON:skin of external ear","10"
"1927.SRS011440.SRX020667.SRR049311","UBERON:anterior nares","10"
"1927.SRS020842.SRX022097.SRR057663","UBERON:skin of external ear","10"
"1927.SRS063807.SRX022232.SRR058094","UBERON:feces","4"
"1927.SRS063968.SRX022156.SRR058115","UBERON:feces","4"
"1927.SRS014823.SRX020546.SRR043699","UBERON:feces","4"
"1927.SRS018712.SRX020572.SRR046003","UBERON:feces","4"
"1927.SRS014885.SRX020554.SRR043822","UBERON:feces","4"
"1927.SRS014369.SRX020554.SRR043823","UBERON:feces","4"
"1927.SRS065466.SRX020532.SRR047056","UBERON:feces","4"
"1927.SRS050733.SRX020550.SRR047710","UBERON:feces","4"
"1927.SRS048870.SRX020577.SRR044064","UBERON:feces","4"
"1927.SRS015578.SRX020577.SRR044021","UBERON:feces","4"
"1927.SRS016018.SRX020539.SRR044156","UBERON:feces","4"
"1927.SRS016335.SRX020516.SRR044344","UBERON:feces","4"
"1927.SRS015911.SRX020520.SRR044615","UBERON:feces","4"
"1927.SRS019089.SRX020545.SRR044757","UBERON:feces","4"
"1927.SRS011452.SRX020661.SRR044798","UBERON:feces","4"
"1927.SRS011586.SRX020661.SRR044826","UBERON:feces","4"
"1927.SRS018655.SRX020572.SRR045814","UBERON:feces","4"
"1927.SRS053335.SRX020531.SRR046056","UBERON:feces","4"
"1927.SRS043411.SRX020670.SRR046345","UBERON:feces","4"
"1927.SRS045526.SRX020670.SRR046355","UBERON:feces","4"
"1927.SRS043299.SRX020523.SRR046410","UBERON:feces","4"
"1927.SRS049823.SRX020523.SRR046414","UBERON:feces","4"
"1927.SRS044415.SRX020523.SRR046420","UBERON:feces","4"
"1927.SRS045607.SRX020523.SRR046421","UBERON:feces","4"
"1927.SRS064233.SRX020569.SRR046702","UBERON:feces","4"
"1927.SRS063275.SRX020532.SRR046899","UBERON:feces","4"
"1927.SRS049164.SRX020540.SRR047273","UBERON:feces","4"
"1927.SRS042628.SRX020578.SRR047303","UBERON:feces","4"
"1927.SRS045414.SRX020563.SRR047697","UBERON:feces","4"
"1927.SRS057258.SRX022224.SRR058087","UBERON:feces","4"
"1927.SRS046216.SRX022241.SRR058097","UBERON:feces","4"
"1927.SRS015389.SRX020546.SRR043661","UBERON:feces","4"
"1927.SRS015190.SRX020554.SRR043731","UBERON:feces","4"
"1927.SRS014827.SRX020574.SRR043862","UBERON:skin of external ear","10"
"1927.SRS064411.SRX020512.SRR047077","UBERON:skin of elbow","8"
"1927.SRS014452.SRX020574.SRR043841","UBERON:skin of external ear","10"
"1927.SRS019787.SRX020577.SRR043974","UBERON:feces","4"
"1927.SRS015332.SRX020577.SRR044071","UBERON:feces","4"
"1927.SRS015911.SRX020510.SRR044585","UBERON:feces","4"
"1927.SRS019013.SRX020510.SRR044597","UBERON:feces","4"
"1927.SRS019013.SRX020520.SRR044627","UBERON:feces","4"
"1927.SRS011410.SRX020659.SRR045027","UBERON:feces","4"
"1927.SRS048083.SRX020677.SRR047956","UBERON:feces","4"
"1927.SRS023488.SRX020678.SRR048028","UBERON:feces","4"
"1927.SRS050599.SRX020678.SRR048036","UBERON:feces","4"
"1927.SRS065665.SRX020519.SRR049404","UBERON:feces","4"
"1927.SRS024721.SRX020678.SRR048030","UBERON:anterior nares","10"
"1927.SRS016267.SRX020577.SRR044054","UBERON:feces","4"
"1927.SRS011452.SRX020659.SRR047485","UBERON:feces","4"
"1927.SRS014454.SRX020574.SRR043901","UBERON:skin of elbow","4"
"1927.SRS012191.SRX020675.SRR047747","UBERON:feces","4"
"1927.SRS016095.SRX020516.SRR044317","UBERON:feces","4"
"1927.SRS014999.SRX020577.SRR044050","UBERON:feces","4"
"1927.SRS011653.SRX020661.SRR044770","UBERON:feces","4"
"1927.SRS019783.SRX020577.SRR044058","UBERON:mouth","9"
"1927.SRS019582.SRX020511.SRR045623","UBERON:feces","4"
"1927.SRS018559.SRX020516.SRR044352","UBERON:feces","4"
"1927.SRS019267.SRX020516.SRR044360","UBERON:feces","4"
"1927.SRS015960.SRX020577.SRR044087","UBERON:feces","4"
"1927.SRS063324.SRX020519.SRR046503","UBERON:feces","4"
"1927.SRS054590.SRX020550.SRR046427","UBERON:feces","4"
"1927.SRS064629.SRX020512.SRR046960","UBERON:skin of elbow","4"
"1927.SRS064961.SRX020512.SRR046962","UBERON:skin of external ear","10"
"1927.SRS011157.SRX020659.SRR045036","UBERON:feces","4"
"1927.SRS017189.SRX020571.SRR045473","UBERON:skin of elbow","4"
"1927.SRS015663.SRX020539.SRR044161","UBERON:feces","4"
"1927.SRS020119.SRX020676.SRR047844","UBERON:feces","4"
"1927.SRS015494.SRX020525.SRR044559","UBERON:skin of external ear","1"
"1927.SRS015340.SRX020525.SRR044565","UBERON:skin of elbow","8"
"1927.SRS019003.SRX020510.SRR044598","UBERON:skin of external ear","10"
"1927.SRS015815.SRX020562.SRR044705","UBERON:feces","4"
"1927.SRS046349.SRX020531.SRR046051","UBERON:feces","4"
"1927.SRS015452.SRX020564.SRR047456","UBERON:feces","4"
"1927.SRS011529.SRX020661.SRR044768","UBERON:feces","4"
"1927.SRS011557.SRX020659.SRR045033","UBERON:anterior nares","10"
"1927.SRS011273.SRX020659.SRR045049","UBERON:mouth","9"
"1927.SRS062829.SRX020578.SRR047321","UBERON:throat","2"
"1927.SRS022480.SRX020676.SRR047889","UBERON:feces","4"
"1927.SRS011557.SRX020661.SRR044805","UBERON:anterior nares","10"
"1927.SRS011157.SRX020661.SRR044808","UBERON:feces","4"
"1927.SRS011415.SRX020659.SRR045013","UBERON:feces","4"
"1927.SRS011586.SRX020659.SRR045050","UBERON:feces","4"
"1927.SRS011472.SRX020663.SRR045150","UBERON:skin of external ear","4"
"1927.SRS011551.SRX020663.SRR045152","UBERON:skin of external ear","4"
"1927.SRS011655.SRX020663.SRR045185","UBERON:mouth","9"
"1927.SRS011680.SRX020663.SRR045199","UBERON:anterior nares","10"
"1927.SRS011472.SRX020667.SRR045231","UBERON:skin of external ear","4"
"1927.SRS011551.SRX020667.SRR045232","UBERON:skin of external ear","4"
"1927.SRS011680.SRX020667.SRR045272","UBERON:anterior nares","10"
"1927.SRS011181.SRX020570.SRR045457","UBERON:skin of elbow","4"
"1927.SRS013096.SRX020571.SRR045493","UBERON:skin of elbow","8"
"1927.SRS053764.SRX020567.SRR046621","UBERON:skin of external ear","10"
"1927.SRS055168.SRX020678.SRR048038","UBERON:skin of elbow","4"
"1927.SRS015389.SRX020555.SRR045688","UBERON:feces","4"
"1927.SRS014823.SRX020555.SRR045736","UBERON:feces","4"
"1927.SRS015003.SRX020547.SRR045790","UBERON:skin of external ear","8"
"1927.SRS018920.SRX020572.SRR045810","UBERON:feces","4"
"1927.SRS043804.SRX020531.SRR046050","UBERON:feces","4"
"1927.SRS015003.SRX020557.SRR046104","UBERON:skin of external ear","8"
"1927.SRS052326.SRX020670.SRR046232","UBERON:feces","4"
"1927.SRS054928.SRX020670.SRR046262","UBERON:feces","4"
"1927.SRS065193.SRX020670.SRR046331","UBERON:hard palate","9"
"1927.SRS065263.SRX020670.SRR046351","UBERON:feces","4"
"1927.SRS055563.SRX020523.SRR046412","UBERON:feces","4"
"1927.SRS054608.SRX020523.SRR046413","UBERON:feces","4"
"1927.SRS042387.SRX020523.SRR046416","UBERON:feces","4"
"1927.SRS045613.SRX020523.SRR046419","UBERON:feces","4"
"1927.SRS013543.SRX020677.SRR047980","UBERON:feces","4"
"1927.SRS064557.SRX020569.SRR046542","UBERON:feces","4"
"1927.SRS063961.SRX020532.SRR046907","UBERON:feces","4"
"1927.SRS062464.SRX020532.SRR046982","UBERON:feces","4"
"1927.SRS063214.SRX020532.SRR046986","UBERON:feces","4"
"1927.SRS051031.SRX020578.SRR047244","UBERON:feces","4"
"1927.SRS042669.SRX020540.SRR047279","UBERON:feces","4"
"1927.SRS011177.SRX020661.SRR047461","UBERON:skin of external ear","4"
"1927.SRS011283.SRX020661.SRR047464","UBERON:palatine tonsil","7"
"1927.SRS011655.SRX020667.SRR047503","UBERON:mouth","9"
"1927.SRS014450.SRX020511.SRR047551","UBERON:skin of external ear","10"
"1927.SRS015344.SRX020542.SRR047690","UBERON:vaginal introitus","14"
"1927.SRS058416.SRX020523.SRR047701","UBERON:feces","4"
"1927.SRS055665.SRX020523.SRR047702","UBERON:feces","4"
"1927.SRS049748.SRX020523.SRR047703","UBERON:feces","4"
"1927.SRS021629.SRX020675.SRR047760","UBERON:skin of external ear","10"
"1927.SRS021946.SRX020675.SRR047793","UBERON:anterior nares","10"
"1927.SRS021541.SRX020675.SRR047797","UBERON:feces","4"
"1927.SRS020155.SRX020676.SRR047854","UBERON:anterior nares","3"
"1927.SRS020151.SRX020676.SRR047855","UBERON:skin of elbow","10"
"1927.SRS020153.SRX020676.SRR047857","UBERON:skin of elbow","10"
"1927.SRS022496.SRX020676.SRR047890","UBERON:buccal mucosa","6"
"1927.SRS022520.SRX020676.SRR047904","UBERON:central vagina","14"
"1927.SRS013762.SRX020677.SRR048007","UBERON:feces","4"
"1927.SRS022514.SRX020678.SRR048024","UBERON:skin of elbow","4"
"1927.SRS022446.SRX020678.SRR048025","UBERON:skin of elbow","3"
"1927.SRS022448.SRX020683.SRR048351","UBERON:skin of elbow","10"
"1927.SRS046552.SRX020683.SRR048357","UBERON:anterior nares","10"
"1927.SRS019381.SRX020572.SRR051585","UBERON:feces","4"
"1927.SRS021109.SRX022097.SRR057663","UBERON:feces","4"
"1927.SRS020584.SRX022097.SRR057663","UBERON:feces","4"
"1927.SRS020641.SRX022097.SRR057663","UBERON:feces","4"
"1927.SRS020657.SRX022097.SRR057663","UBERON:buccal mucosa","6"
"1927.SRS065500.SRX022224.SRR058087","UBERON:feces","4"
"1927.SRS051086.SRX022224.SRR058087","UBERON:feces","4"
"1927.SRS055697.SRX022224.SRR058087","UBERON:feces","4"
"1927.SRS058663.SRX022225.SRR058088","UBERON:anterior nares","4"
"1927.SRS063611.SRX022225.SRR058088","UBERON:skin of external ear","4"
"1927.SRS044442.SRX022225.SRR058088","UBERON:anterior nares","3"
"1927.SRS042803.SRX022156.SRR058115","UBERON:feces","4"
"1927.SRS065258.SRX022225.SRR058088","UBERON:skin of elbow","3"
"1927.SRS063781.SRX022228.SRR058091","UBERON:skin of elbow","3"
"1927.SRS063782.SRX022228.SRR058091","UBERON:skin of external ear","4"
"1927.SRS063918.SRX022232.SRR058094","UBERON:feces","4"
"1927.SRS064008.SRX022232.SRR058094","UBERON:feces","4"
"1927.SRS063105.SRX022232.SRR058094","UBERON:vaginal introitus","12"
"1927.SRS064647.SRX022232.SRR058094","UBERON:feces","4"
"1927.SRS049766.SRX022241.SRR058097","UBERON:feces","4"
"1927.SRS056832.SRX022241.SRR058097","UBERON:feces","4"
"1927.SRS043706.SRX022244.SRR058107","UBERON:skin of elbow","10"
"1927.SRS055039.SRX022244.SRR058107","UBERON:anterior nares","4"
"1927.SRS044827.SRX022156.SRR058115","UBERON:vaginal introitus","13"
"1927.SRS063608.SRX022156.SRR058115","UBERON:feces","4"
"1927.SRS015133.SRX020546.SRR043686","UBERON:feces","4"
"1927.SRS011621.SRX020659.SRR045004","UBERON:feces","4"
"1927.SRS011405.SRX020659.SRR046237","UBERON:feces","4"
"1927.SRS011477.SRX020667.SRR045221","UBERON:skin of elbow","4"
"1927.SRS015518.SRX020539.SRR044146","UBERON:feces","4"
"1927.SRS011477.SRX020663.SRR045142","UBERON:skin of elbow","4"
"1927.SRS011405.SRX020661.SRR044803","UBERON:feces","4"
"1927.SRS018968.SRX020572.SRR045817","UBERON:feces","4"
"1927.SRS048722.SRX020523.SRR046409","UBERON:feces","4"
"1927.SRS063921.SRX020569.SRR046605","UBERON:feces","4"
"1927.SRS063985.SRX020569.SRR046659","UBERON:feces","4"
"1927.SRS063898.SRX020569.SRR046660","UBERON:feces","4"
"1927.SRS011475.SRX020571.SRR047535","UBERON:skin of elbow","4"
"1927.SRS063018.SRX020670.SRR047661","UBERON:anterior nares","10"
"1927.SRS023422.SRX020683.SRR048341","UBERON:feces","4"
"1927.SRS050106.SRX020568.SRR049547","UBERON:central vagina","14"
"1927.SRS019534.SRX020572.SRR051591","UBERON:feces","4"
"1927.SRS047642.SRX022224.SRR058087","UBERON:feces","4"
"1927.SRS045910.SRX022224.SRR058087","UBERON:feces","4"
"1927.SRS057399.SRX022225.SRR058088","UBERON:skin of elbow","3"
"1927.SRS021853.SRX022232.SRR058094","UBERON:feces","4"
"1927.SRS065421.SRX022232.SRR058094","UBERON:feces","4"
"1927.SRS063307.SRX022232.SRR058094","UBERON:feces","4"
"1927.SRS042572.SRX022241.SRR058097","UBERON:feces","4"
"1927.SRS049949.SRX022241.SRR058097","UBERON:feces","4"
"1927.SRS055034.SRX022244.SRR058107","UBERON:skin of elbow","3"
"1927.SRS047278.SRX022244.SRR058107","UBERON:anterior nares","3"
"1927.SRS043503.SRX022244.SRR058107","UBERON:skin of elbow","3"
"1927.SRS042639.SRX022244.SRR058107","UBERON:skin of elbow","3"
"1927.SRS057676.SRX022156.SRR058115","UBERON:feces","4"
"1927.SRS015954.SRX020525.SRR044571","UBERON:skin of elbow","8"
"1927.SRS050761.SRX020574.SRR043865","UBERON:skin of elbow","3"
"1927.SRS019239.SRX020516.SRR044363","UBERON:anterior nares","3"
"1927.SRS019231.SRX020525.SRR044523","UBERON:skin of external ear","1"
"1927.SRS019235.SRX020525.SRR044562","UBERON:skin of elbow","8"
"1927.SRS011502.SRX020667.SRR045259","UBERON:anterior nares","10"
"1927.SRS011553.SRX020667.SRR045285","UBERON:skin of elbow","4"
"1927.SRS015198.SRX020536.SRR046114","UBERON:skin of elbow","8"
"1927.SRS044615.SRX020549.SRR046496","UBERON:skin of elbow","8"
"1927.SRS062998.SRX020512.SRR047076","UBERON:skin of elbow","8"
"1927.SRS043369.SRX020563.SRR049378","UBERON:anterior nares","3"
"1927.SRS044606.SRX020580.SRR047191","UBERON:mouth","2"
"1927.SRS019237.SRX020525.SRR047444","UBERON:skin of elbow","8"
"1927.SRS047925.SRX020677.SRR047978","UBERON:skin of elbow","10"
"1927.SRS023450.SRX020683.SRR048347","UBERON:skin of external ear","5"
"1927.SRS062964.SRX020519.SRR049528","UBERON:anterior nares","10"
"1927.SRS057060.SRX022244.SRR058107","UBERON:skin of external ear","10"
"1927.SRS014811.SRX020546.SRR043655","UBERON:buccal mucosa","7"
"1927.SRS015913.SRX020520.SRR044630","UBERON:mouth","9"
"1927.SRS065054.SRX020578.SRR049620","UBERON:tooth","5"
"1927.SRS047193.SRX020511.SRR045640","UBERON:tooth","5"
"1927.SRS011161.SRX020659.SRR045028","UBERON:tongue","2"
"1927.SRS057450.SRX020543.SRR045560","UBERON:tooth","5"
"1927.SRS014607.SRX020546.SRR047383","UBERON:palatine tonsil","9"
"1927.SRS049118.SRX022225.SRR058088","UBERON:skin of elbow","10"
"1927.SRS016309.SRX020525.SRR044530","UBERON:skin of elbow","8"
"1927.SRS058514.SRX022244.SRR058107","UBERON:skin of elbow","3"
"1927.SRS044585.SRX022244.SRR058107","UBERON:skin of external ear","10"
"1927.SRS053001.SRX020554.SRR043721","UBERON:palatine tonsil","9"
"1927.SRS015570.SRX020577.SRR044030","UBERON:palatine tonsil","11"
"1927.SRS015764.SRX020539.SRR044160","UBERON:hard palate","7"
"1927.SRS019103.SRX020564.SRR044718","UBERON:palatine tonsil","9"
"1927.SRS011175.SRX020659.SRR044992","UBERON:tooth","11"
"1927.SRS065520.SRX020532.SRR046975","UBERON:palatine tonsil","2"
"1927.SRS019103.SRX020545.SRR049227","UBERON:palatine tonsil","9"
"1927.SRS016315.SRX020516.SRR044354","UBERON:mouth","9"
"1927.SRS015876.SRX020554.SRR043707","UBERON:gingiva","6"
"1927.SRS015882.SRX020554.SRR043722","UBERON:tooth","5"
"1927.SRS014875.SRX020554.SRR043817","UBERON:tooth","5"
"1927.SRS014857.SRX020554.SRR043837","UBERON:mouth","9"
"1927.SRS015884.SRX020554.SRR047394","UBERON:tooth","5"
"1927.SRS014351.SRX020554.SRR049817","UBERON:palatine tonsil","9"
"1927.SRS015878.SRX020554.SRR043715","UBERON:palatine tonsil","2"
"1927.SRS018599.SRX020516.SRR044330","UBERON:palatine tonsil","2"
"1927.SRS042263.SRX020540.SRR047264","UBERON:palatine tonsil","2"
"1927.SRS051778.SRX020550.SRR049380","UBERON:tongue","2"
"1927.SRS045871.SRX020540.SRR049626","UBERON:tongue","2"
"1927.SRS058507.SRX020540.SRR047115","UBERON:palatine tonsil","9"
"1927.SRS014347.SRX020536.SRR049358","UBERON:buccal mucosa","7"
"1927.SRS015576.SRX020577.SRR043975","UBERON:tooth","5"
"1927.SRS015174.SRX020554.SRR043815","UBERON:tongue","9"
"1927.SRS015627.SRX020539.SRR044189","UBERON:gingiva","6"
"1927.SRS023067.SRX020675.SRR047830","UBERON:palatine tonsil","2"
"1927.SRS014758.SRX020554.SRR043818","UBERON:palatine tonsil","2"
"1927.SRS014267.SRX020554.SRR043819","UBERON:tooth","5"
"1927.SRS014865.SRX020554.SRR043824","UBERON:buccal mucosa","7"
"1927.SRS055075.SRX020567.SRR046690","UBERON:skin of elbow","6"
"1927.SRS015241.SRX020577.SRR044027","UBERON:throat","2"
"1927.SRS015362.SRX020577.SRR044028","UBERON:palatine tonsil","11"
"1927.SRS015466.SRX020564.SRR044728","UBERON:palatine tonsil","9"
"1927.SRS015468.SRX020545.SRR044737","UBERON:throat","9"
"1927.SRS015468.SRX020564.SRR047455","UBERON:throat","9"
"1927.SRS056485.SRX020578.SRR047246","UBERON:tooth","5"
"1927.SRS011179.SRX020570.SRR045464","UBERON:skin of external ear","4"
"1927.SRS046317.SRX020527.SRR047177","UBERON:skin of elbow","3"
"1927.SRS047751.SRX020578.SRR047306","UBERON:palatine tonsil","2"
"1927.SRS015974.SRX020577.SRR044049","UBERON:palatine tonsil","2"
"1927.SRS015029.SRX020577.SRR044066","UBERON:palatine tonsil","11"
"1927.SRS011373.SRX020661.SRR044832","UBERON:tooth","5"
"1927.SRS015239.SRX020577.SRR044086","UBERON:palatine tonsil","2"
"1927.SRS011547.SRX020659.SRR045015","UBERON:tooth","5"
"1927.SRS015758.SRX020539.SRR044162","UBERON:mouth","2"
"1927.SRS047265.SRX020578.SRR047248","UBERON:tooth","3"
"1927.SRS043680.SRX020578.SRR047304","UBERON:mouth","9"
"1927.SRS019890.SRX020516.SRR044323","UBERON:mouth","2"
"1927.SRS016205.SRX020525.SRR044542","UBERON:skin of external ear","1"
"1927.SRS015925.SRX020510.SRR044595","UBERON:palatine tonsil","9"
"1927.SRS015925.SRX020520.SRR044625","UBERON:palatine tonsil","9"
"1927.SRS019105.SRX020564.SRR044720","UBERON:throat","9"
"1927.SRS019105.SRX020545.SRR044745","UBERON:throat","9"
"1927.SRS011496.SRX020661.SRR044764","UBERON:tooth","11"
"1927.SRS011547.SRX020661.SRR044788","UBERON:tooth","5"
"1927.SRS011371.SRX020661.SRR044804","UBERON:tooth","5"
"1927.SRS011289.SRX020661.SRR044835","UBERON:tooth","5"
"1927.SRS011371.SRX020659.SRR045031","UBERON:tooth","5"
"1927.SRS011545.SRX020659.SRR045039","UBERON:tooth","5"
"1927.SRS011604.SRX020659.SRR045053","UBERON:tooth","5"
"1927.SRS011373.SRX020659.SRR045056","UBERON:tooth","5"
"1927.SRS011484.SRX020663.SRR045176","UBERON:tongue","2"
"1927.SRS058444.SRX020578.SRR047313","UBERON:tooth","5"
"1927.SRS011179.SRX020537.SRR045397","UBERON:skin of external ear","4"
"1927.SRS011287.SRX020664.SRR045439","UBERON:tooth","5"
"1927.SRS014271.SRX020543.SRR045570","UBERON:tongue","2"
"1927.SRS014434.SRX020511.SRR045647","UBERON:palatine tonsil","11"
"1927.SRS015131.SRX020555.SRR045679","UBERON:tooth","5"
"1927.SRS014821.SRX020555.SRR045707","UBERON:tooth","5"
"1927.SRS011496.SRX020659.SRR049236","UBERON:tooth","11"
"1927.SRS056140.SRX020670.SRR046246","UBERON:palatine tonsil","9"
"1927.SRS064281.SRX020670.SRR046255","UBERON:tooth","5"
"1927.SRS049611.SRX020670.SRR046258","UBERON:palatine tonsil","11"
"1927.SRS065346.SRX020670.SRR046338","UBERON:gingiva","11"
"1927.SRS062472.SRX020542.SRR046386","UBERON:tooth","11"
"1927.SRS052454.SRX020563.SRR046390","UBERON:tooth","3"
"1927.SRS050617.SRX020550.SRR046432","UBERON:tooth","5"
"1927.SRS048971.SRX020567.SRR046578","UBERON:skin of external ear","10"
"1927.SRS056028.SRX020568.SRR046861","UBERON:palatine tonsil","11"
"1927.SRS055808.SRX020568.SRR046882","UBERON:mouth","9"
"1927.SRS021926.SRX020675.SRR047784","UBERON:buccal mucosa","2"
"1927.SRS063235.SRX020532.SRR046918","UBERON:palatine tonsil","9"
"1927.SRS057634.SRX020568.SRR046930","UBERON:throat","9"
"1927.SRS022438.SRX020676.SRR047914","UBERON:tooth","5"
"1927.SRS062681.SRX020532.SRR046988","UBERON:palatine tonsil","11"
"1927.SRS051098.SRX020580.SRR047125","UBERON:mouth","2"
"1927.SRS044643.SRX020580.SRR047190","UBERON:throat","2"
"1927.SRS058271.SRX020578.SRR047252","UBERON:tooth","11"
"1927.SRS052682.SRX020540.SRR047278","UBERON:tooth","5"
"1927.SRS049012.SRX020540.SRR047283","UBERON:palatine tonsil","7"
"1927.SRS048928.SRX020578.SRR047310","UBERON:gingiva","7"
"1927.SRS051176.SRX020578.SRR047312","UBERON:palatine tonsil","2"
"1927.SRS022428.SRX020676.SRR047909","UBERON:hard palate","7"
"1927.SRS022440.SRX020676.SRR047913","UBERON:tooth","5"
"1927.SRS014917.SRX020546.SRR047389","UBERON:throat","9"
"1927.SRS019568.SRX020511.SRR047554","UBERON:hard palate","9"
"1927.SRS018688.SRX020572.SRR047586","UBERON:palatine tonsil","11"
"1927.SRS065125.SRX020670.SRR047678","UBERON:tooth","5"
"1927.SRS021627.SRX020675.SRR047754","UBERON:tooth","5"
"1927.SRS021567.SRX020675.SRR047803","UBERON:tooth","5"
"1927.SRS020145.SRX020676.SRR047850","UBERON:tooth","5"
"1927.SRS023869.SRX020676.SRR047928","UBERON:gingiva","7"
"1927.SRS022422.SRX020676.SRR047912","UBERON:mouth","7"
"1927.SRS024531.SRX020676.SRR047907","UBERON:palatine tonsil","9"
"1927.SRS022430.SRX020676.SRR047908","UBERON:buccal mucosa","7"
"1927.SRS023877.SRX020677.SRR047932","UBERON:tooth","5"
"1927.SRS023875.SRX020677.SRR047933","UBERON:tooth","5"
"1927.SRS023504.SRX020677.SRR047943","UBERON:buccal mucosa","7"
"1927.SRS063554.SRX020569.SRR049421","UBERON:tooth","5"
"1927.SRS063872.SRX020569.SRR049443","UBERON:palatine tonsil","2"
"1927.SRS062719.SRX020532.SRR049542","UBERON:palatine tonsil","11"
"1927.SRS064970.SRX020532.SRR049560","UBERON:buccal mucosa","7"
"1927.SRS014760.SRX020554.SRR049816","UBERON:throat","2"
"1927.SRS015772.SRX020539.SRR049862","UBERON:palatine tonsil","2"
"1927.SRS043325.SRX020577.SRR049874","UBERON:palatine tonsil","2"
"1927.SRS020819.SRX022097.SRR057663","UBERON:mouth","9"
"1927.SRS020837.SRX022097.SRR057663","UBERON:tooth","5"
"1927.SRS020600.SRX022097.SRR057663","UBERON:buccal mucosa","6"
"1927.SRS020598.SRX022097.SRR057663","UBERON:hard palate","7"
"1927.SRS020604.SRX022097.SRR057663","UBERON:palatine tonsil","7"
"1927.SRS020610.SRX022097.SRR057663","UBERON:tooth","11"
"1927.SRS052249.SRX022224.SRR058087","UBERON:tooth","11"
"1927.SRS020608.SRX022097.SRR057663","UBERON:tooth","5"
"1927.SRS055211.SRX022232.SRR058094","UBERON:tooth","11"
"1927.SRS020614.SRX022097.SRR057663","UBERON:skin of external ear","10"
"1927.SRS020606.SRX022097.SRR057663","UBERON:throat","7"
"1927.SRS020612.SRX022097.SRR057663","UBERON:skin of external ear","3"
"1927.SRS020649.SRX022097.SRR057663","UBERON:mouth","9"
"1927.SRS020667.SRX022097.SRR057663","UBERON:tooth","5"
"1927.SRS020665.SRX022097.SRR057663","UBERON:tooth","5"
"1927.SRS046568.SRX022224.SRR058087","UBERON:tooth","5"
"1927.SRS052060.SRX022224.SRR058087","UBERON:tooth","11"
"1927.SRS064934.SRX022224.SRR058087","UBERON:tooth","5"
"1927.SRS046636.SRX022224.SRR058087","UBERON:tooth","11"
"1927.SRS063481.SRX022224.SRR058087","UBERON:tooth","11"
"1927.SRS047830.SRX022224.SRR058087","UBERON:mouth","2"
"1927.SRS046408.SRX022224.SRR058087","UBERON:tooth","5"
"1927.SRS046272.SRX022224.SRR058087","UBERON:buccal mucosa","7"
"1927.SRS058242.SRX022224.SRR058087","UBERON:tooth","11"
"1927.SRS044297.SRX022241.SRR058097","UBERON:tooth","11"
"1927.SRS064994.SRX022232.SRR058094","UBERON:tooth","5"
"1927.SRS062615.SRX022232.SRR058094","UBERON:tooth","5"
"1927.SRS052640.SRX022156.SRR058115","UBERON:tooth","11"
"1927.SRS043289.SRX022156.SRR058115","UBERON:tooth","5"
"1927.SRS056814.SRX022156.SRR058115","UBERON:mouth","9"
"1927.SRS022761.SRX022232.SRR058094","UBERON:tooth","5"
"1927.SRS062517.SRX022232.SRR058094","UBERON:tooth","11"
"1927.SRS063628.SRX022232.SRR058094","UBERON:tooth","11"
"1927.SRS064383.SRX022232.SRR058094","UBERON:palatine tonsil","9"
"1927.SRS046988.SRX022241.SRR058097","UBERON:buccal mucosa","7"
"1927.SRS046528.SRX022241.SRR058097","UBERON:buccal mucosa","6"
"1927.SRS057051.SRX022241.SRR058097","UBERON:tooth","5"
"1927.SRS050034.SRX022241.SRR058097","UBERON:palatine tonsil","9"
"1927.SRS052419.SRX022241.SRR058097","UBERON:palatine tonsil","7"
"1927.SRS047760.SRX022241.SRR058097","UBERON:tooth","11"
"1927.SRS047149.SRX022241.SRR058097","UBERON:tongue","9"
"1927.SRS052116.SRX022241.SRR058097","UBERON:throat","7"
"1927.SRS049828.SRX022241.SRR058097","UBERON:tooth","5"
"1927.SRS047280.SRX022241.SRR058097","UBERON:tooth","11"
"1927.SRS046376.SRX022241.SRR058097","UBERON:tooth","5"
"1927.SRS058543.SRX022241.SRR058097","UBERON:mouth","9"
"1927.SRS056433.SRX022241.SRR058097","UBERON:tooth","5"
"1927.SRS057272.SRX022244.SRR058107","UBERON:skin of external ear","11"
"1927.SRS042607.SRX022156.SRR058115","UBERON:mouth","9"
"1927.SRS051769.SRX022156.SRR058115","UBERON:gingiva","6"
"1927.SRS053288.SRX022156.SRR058115","UBERON:tooth","5"
"1927.SRS052615.SRX022156.SRR058115","UBERON:tooth","5"
"1927.SRS048843.SRX020574.SRR043857","UBERON:skin of elbow","3"
"1927.SRS011440.SRX020663.SRR045186","UBERON:anterior nares","10"
"1927.SRS014831.SRX020536.SRR046121","UBERON:skin of elbow","8"
"1927.SRS063720.SRX020519.SRR046502","UBERON:central vagina","12"
"1927.SRS019003.SRX020520.SRR044628","UBERON:skin of external ear","10"
"1927.SRS014436.SRX020511.SRR045631","UBERON:throat","9"
"1927.SRS014275.SRX020543.SRR047544","UBERON:buccal mucosa","7"
"1927.SRS021637.SRX020675.SRR047758","UBERON:anterior nares","3"
"1927.SRS023065.SRX020675.SRR047829","UBERON:gingiva","6"
"1927.SRS023081.SRX020676.SRR047839","UBERON:skin of elbow","3"
"1927.SRS022956.SRX020678.SRR048017","UBERON:skin of elbow","4"
"1927.SRS023069.SRX020678.SRR048019","UBERON:throat","2"
"1927.SRS023079.SRX020683.SRR048331","UBERON:skin of elbow","3"
"1927.SRS062427.SRX020569.SRR049637","UBERON:feces","4"
"1927.SRS021139.SRX022097.SRR057663","UBERON:skin of external ear","10"
"1927.SRS044937.SRX022244.SRR058107","UBERON:anterior nares","3"
"1927.SRS015655.SRX020525.SRR044533","UBERON:skin of external ear","1"
"1927.SRS014337.SRX020546.SRR047391","UBERON:anterior nares","3"
"1927.SRS019675.SRX020574.SRR043876","UBERON:skin of external ear","10"
"1927.SRS014883.SRX020574.SRR043900","UBERON:skin of elbow","3"
"1927.SRS019552.SRX020543.SRR045557","UBERON:skin of external ear","10"
"1927.SRS019007.SRX020510.SRR044582","UBERON:skin of elbow","3"
"1927.SRS019007.SRX020520.SRR044612","UBERON:skin of elbow","3"
"1927.SRS019085.SRX020564.SRR044722","UBERON:skin of elbow","10"
"1927.SRS019085.SRX020545.SRR044747","UBERON:skin of elbow","10"
"1927.SRS049355.SRX020678.SRR048031","UBERON:skin of elbow","3"
"1927.SRS019182.SRX020575.SRR045820","UBERON:skin of external ear","10"
"1927.SRS019180.SRX020575.SRR045841","UBERON:skin of external ear","10"
"1927.SRS019186.SRX020575.SRR047610","UBERON:skin of elbow","8"
"1927.SRS019554.SRX020557.SRR046099","UBERON:skin of external ear","10"
"1927.SRS024543.SRX020678.SRR048041","UBERON:skin of elbow","3"
"1927.SRS020212.SRX020683.SRR048337","UBERON:anterior nares","10"
"1927.SRS047711.SRX022244.SRR058107","UBERON:skin of elbow","10"
"1927.SRS055318.SRX020554.SRR043838","UBERON:anterior nares","3"
"1927.SRS052219.SRX020574.SRR043846","UBERON:skin of elbow","10"
"1927.SRS057278.SRX020550.SRR046428","UBERON:central vagina","12"
"1927.SRS058788.SRX020578.SRR047300","UBERON:anterior nares","3"
"1927.SRS065120.SRX020519.SRR049529","UBERON:anterior nares","10"
"1927.SRS019083.SRX020564.SRR044727","UBERON:skin of elbow","10"
"1927.SRS018811.SRX020525.SRR044541","UBERON:skin of elbow","8"
"1927.SRS018551.SRX020525.SRR044564","UBERON:skin of external ear","1"
"1927.SRS019083.SRX020545.SRR044753","UBERON:skin of elbow","10"
"1927.SRS011682.SRX020661.SRR044762","UBERON:vaginal introitus","13"
"1927.SRS011490.SRX020663.SRR045167","UBERON:palatine tonsil","7"
"1927.SRS043226.SRX020511.SRR045657","UBERON:hard palate","9"
"1927.SRS023221.SRX020675.SRR047781","UBERON:posterior fornix of vagina","15"
"1927.SRS054549.SRX020568.SRR046945","UBERON:vaginal introitus","13"
"1927.SRS057292.SRX020670.SRR047664","UBERON:central vagina","12"
"1927.SRS023219.SRX020675.SRR047780","UBERON:central vagina","15"
"1927.SRS023217.SRX020675.SRR047782","UBERON:vaginal introitus","15"
"1927.SRS023075.SRX020676.SRR047838","UBERON:skin of external ear","10"
"1927.SRS023087.SRX020676.SRR047841","UBERON:central vagina","14"
"1927.SRS023085.SRX020676.SRR047843","UBERON:vaginal introitus","14"
"1927.SRS011296.SRX020659.SRR049237","UBERON:anterior nares","10"
"1927.SRS019314.SRX020575.SRR049632","UBERON:skin of elbow","3"
"1927.SRS065480.SRX022225.SRR058088","UBERON:skin of external ear","10"
"1927.SRS063535.SRX022232.SRR058094","UBERON:posterior fornix of vagina","15"
"1927.SRS065644.SRX022232.SRR058094","UBERON:vaginal introitus","14"
"1927.SRS047998.SRX022244.SRR058107","UBERON:anterior nares","10"
"1927.SRS051688.SRX022244.SRR058107","UBERON:skin of elbow","10"
"1927.SRS014829.SRX020536.SRR046118","UBERON:skin of elbow","8"
"1927.SRS011292.SRX020570.SRR047532","UBERON:skin of external ear","8"
"1927.SRS011443.SRX020571.SRR047536","UBERON:skin of elbow","8"
"1927.SRS014923.SRX020546.SRR043675","UBERON:feces","4"
"1927.SRS014825.SRX020574.SRR049832","UBERON:skin of external ear","10"
"1927.SRS011535.SRX020667.SRR045223","UBERON:hard palate","7"
"1927.SRS014881.SRX020536.SRR046111","UBERON:skin of elbow","8"
"1927.SRS020194.SRX020676.SRR047862","UBERON:gingiva","6"
"1927.SRS062455.SRX020519.SRR049527","UBERON:anterior nares","10"
"1927.SRS063673.SRX020548.SRR050034","UBERON:buccal mucosa","2"
"1927.SRS045145.SRX022224.SRR058087","UBERON:mouth","9"
"1927.SRS065628.SRX022224.SRR058087","UBERON:feces","4"
"1927.SRS043160.SRX022225.SRR058088","UBERON:skin of elbow","3"
"1927.SRS047898.SRX022225.SRR058088","UBERON:skin of elbow","3"
"1927.SRS065487.SRX022225.SRR058088","UBERON:skin of elbow","4"
"1927.SRS064351.SRX022225.SRR058088","UBERON:skin of external ear","10"
"1927.SRS056913.SRX022225.SRR058088","UBERON:skin of external ear","10"
"1927.SRS064035.SRX022225.SRR058088","UBERON:skin of elbow","3"
"1927.SRS047449.SRX022244.SRR058107","UBERON:anterior nares","4"
"1927.SRS051892.SRX022156.SRR058115","UBERON:feces","4"
"1927.SRS014570.SRX020546.SRR047369","UBERON:throat","6"
"1927.SRS014341.SRX020546.SRR043648","UBERON:central vagina","14"
"1927.SRS014315.SRX020546.SRR043689","UBERON:gingiva","6"
"1927.SRS015401.SRX020546.SRR047370","UBERON:gingiva","7"
"1927.SRS014273.SRX020511.SRR045668","UBERON:hard palate","2"
"1927.SRS064413.SRX020532.SRR046901","UBERON:throat","9"
"1927.SRS014746.SRX020554.SRR043813","UBERON:mouth","2"
"1927.SRS014869.SRX020554.SRR043833","UBERON:palatine tonsil","2"
"1927.SRS014879.SRX020574.SRR043853","UBERON:skin of external ear","3"
"1927.SRS015768.SRX020539.SRR044154","UBERON:gingiva","6"
"1927.SRS043591.SRX020540.SRR047257","UBERON:tongue","9"
"1927.SRS014566.SRX020546.SRR043669","UBERON:gingiva","6"
"1927.SRS015405.SRX020546.SRR043702","UBERON:throat","2"
"1927.SRS015123.SRX020546.SRR043695","UBERON:gingiva","6"
"1927.SRS011279.SRX020664.SRR045429","UBERON:buccal mucosa","7"
"1927.SRS016004.SRX020539.SRR044183","UBERON:hard palate","7"
"1927.SRS011535.SRX020663.SRR045144","UBERON:hard palate","7"
"1927.SRS051198.SRX020568.SRR046938","UBERON:hard palate","7"
"1927.SRS045571.SRX020578.SRR047322","UBERON:hard palate","7"
"1927.SRS016271.SRX020577.SRR044051","UBERON:hard palate","6"
"1927.SRS014277.SRX020511.SRR045615","UBERON:gingiva","6"
"1927.SRS014570.SRX020555.SRR045682","UBERON:throat","6"
"1927.SRS049142.SRX020670.SRR046256","UBERON:buccal mucosa","7"
"1927.SRS043351.SRX020540.SRR047266","UBERON:hard palate","6"
"1927.SRS063784.SRX020532.SRR049569","UBERON:hard palate","7"
"1927.SRS022940.SRX020675.SRR047812","UBERON:buccal mucosa","7"
"1927.SRS042298.SRX020568.SRR046845","UBERON:buccal mucosa","7"
"1927.SRS054624.SRX020578.SRR047324","UBERON:buccal mucosa","7"
"1927.SRS014132.SRX020546.SRR047387","UBERON:buccal mucosa","7"
"1927.SRS011365.SRX020570.SRR045461","UBERON:gingiva","7"
"1927.SRS047456.SRX020549.SRR046474","UBERON:skin of external ear","10"
"1927.SRS015623.SRX020539.SRR049858","UBERON:hard palate","6"
"1927.SRS051123.SRX020554.SRR043734","UBERON:gingiva","6"
"1927.SRS047957.SRX020540.SRR049627","UBERON:throat","2"
"1927.SRS015671.SRX020539.SRR049877","UBERON:hard palate","7"
"1927.SRS057949.SRX020531.SRR046043","UBERON:buccal mucosa","7"
"1927.SRS021563.SRX020675.SRR047805","UBERON:throat","7"
"1927.SRS022938.SRX020675.SRR047813","UBERON:hard palate","7"
"1927.SRS023063.SRX020675.SRR047827","UBERON:buccal mucosa","7"
"1927.SRS018948.SRX020572.SRR051578","UBERON:gingiva","7"
"1927.SRS014599.SRX020546.SRR043656","UBERON:gingiva","6"
"1927.SRS011365.SRX020537.SRR045393","UBERON:gingiva","7"
"1927.SRS043966.SRX020567.SRR046637","UBERON:skin of elbow","7"
"1927.SRS063197.SRX020532.SRR046921","UBERON:gingiva","2"
"1927.SRS048577.SRX020550.SRR049381","UBERON:gingiva","6"
"1927.SRS014809.SRX020546.SRR043660","UBERON:hard palate","2"
"1927.SRS014128.SRX020546.SRR043665","UBERON:tongue","9"
"1927.SRS018631.SRX020572.SRR047571","UBERON:hard palate","7"
"1927.SRS019896.SRX020516.SRR044316","UBERON:hard palate","2"
"1927.SRS051466.SRX020540.SRR047274","UBERON:hard palate","7"
"1927.SRS015301.SRX020554.SRR047396","UBERON:buccal mucosa","2"
"1927.SRS047717.SRX020578.SRR049619","UBERON:buccal mucosa","7"
"1927.SRS051166.SRX020670.SRR046248","UBERON:mouth","9"
"1927.SRS014813.SRX020546.SRR043682","UBERON:gingiva","7"
"1927.SRS015677.SRX020539.SRR044173","UBERON:palatine tonsil","9"
"1927.SRS018625.SRX020536.SRR046124","UBERON:mouth","2"
"1927.SRS063277.SRX020578.SRR047314","UBERON:palatine tonsil","2"
"1927.SRS014277.SRX020543.SRR047545","UBERON:gingiva","6"
"1927.SRS057259.SRX020670.SRR049367","UBERON:buccal mucosa","7"
"1927.SRS043408.SRX020546.SRR043687","UBERON:hard palate","9"
"1927.SRS065181.SRX020512.SRR047066","UBERON:skin of external ear","10"
"1927.SRS055124.SRX020531.SRR046047","UBERON:gingiva","6"
"1927.SRS015113.SRX020546.SRR043680","UBERON:mouth","9"
"1927.SRS011537.SRX020663.SRR045182","UBERON:buccal mucosa","7"
"1927.SRS014752.SRX020554.SRR043733","UBERON:hard palate","6"
"1927.SRS015784.SRX020539.SRR044190","UBERON:throat","2"
"1927.SRS016012.SRX020539.SRR044196","UBERON:throat","9"
"1927.SRS019099.SRX020564.SRR044713","UBERON:buccal mucosa","7"
"1927.SRS016235.SRX020516.SRR044349","UBERON:throat","9"
"1927.SRS014317.SRX020546.SRR043692","UBERON:palatine tonsil","9"
"1927.SRS057813.SRX020543.SRR045564","UBERON:gingiva","6"
"1927.SRS021571.SRX020675.SRR047810","UBERON:skin of external ear","3"
"1927.SRS014867.SRX020554.SRR043809","UBERON:gingiva","6"
"1927.SRS014817.SRX020546.SRR043698","UBERON:throat","2"
"1927.SRS015125.SRX020546.SRR043701","UBERON:palatine tonsil","2"
"1927.SRS011279.SRX020662.SRR045406","UBERON:buccal mucosa","7"
"1927.SRS011514.SRX020663.SRR045190","UBERON:palatine tonsil","7"
"1927.SRS021621.SRX020675.SRR047752","UBERON:palatine tonsil","2"
"1927.SRS021623.SRX020675.SRR047756","UBERON:throat","2"
"1927.SRS021924.SRX020675.SRR047785","UBERON:hard palate","2"
"1927.SRS021559.SRX020675.SRR047800","UBERON:gingiva","7"
"1927.SRS014863.SRX020554.SRR049818","UBERON:hard palate","2"
"1927.SRS014349.SRX020554.SRR043711","UBERON:gingiva","6"
"1927.SRS019898.SRX020516.SRR044300","UBERON:buccal mucosa","2"
"1927.SRS014762.SRX020554.SRR043717","UBERON:tooth","5"
"1927.SRS057320.SRX020554.SRR043718","UBERON:throat","9"
"1927.SRS014756.SRX020554.SRR043729","UBERON:gingiva","6"
"1927.SRS014657.SRX020543.SRR045566","UBERON:gingiva","7"
"1927.SRS015972.SRX020577.SRR044089","UBERON:gingiva","6"
"1927.SRS011631.SRX020667.SRR045244","UBERON:gingiva","6"
"1927.SRS063935.SRX020532.SRR047052","UBERON:gingiva","7"
"1927.SRS015872.SRX020554.SRR043738","UBERON:hard palate","7"
"1927.SRS015464.SRX020564.SRR044715","UBERON:gingiva","6"
"1927.SRS011600.SRX020663.SRR045140","UBERON:throat","7"
"1927.SRS044092.SRX020670.SRR047660","UBERON:tongue","2"
"1927.SRS015182.SRX020554.SRR043807","UBERON:palatine tonsil","9"
"1927.SRS014544.SRX020546.SRR047367","UBERON:anterior nares","10"
"1927.SRS011281.SRX020663.SRR045160","UBERON:gingiva","7"
"1927.SRS015880.SRX020554.SRR043820","UBERON:throat","2"
"1927.SRS019681.SRX020574.SRR043867","UBERON:skin of elbow","10"
"1927.SRS011559.SRX020570.SRR045463","UBERON:hard palate","7"
"1927.SRS046196.SRX020568.SRR046857","UBERON:buccal mucosa","5"
"1927.SRS043149.SRX020568.SRR046950","UBERON:hard palate","6"
"1927.SRS057813.SRX020511.SRR045651","UBERON:gingiva","6"
"1927.SRS046855.SRX020511.SRR045654","UBERON:palatine tonsil","9"
"1927.SRS020133.SRX020683.SRR048332","UBERON:hard palate","2"
"1927.SRS042258.SRX020568.SRR049531","UBERON:mouth","5"
"1927.SRS053271.SRX020568.SRR046949","UBERON:gingiva","6"
"1927.SRS064240.SRX020578.SRR047327","UBERON:hard palate","7"
"1927.SRS022944.SRX020675.SRR047815","UBERON:palatine tonsil","2"
"1927.SRS057704.SRX020540.SRR047110","UBERON:throat","2"
"1927.SRS016070.SRX020516.SRR044337","UBERON:throat","3"
"1927.SRS011533.SRX020659.SRR045017","UBERON:tongue","9"
"1927.SRS015522.SRX020539.SRR044128","UBERON:gingiva","7"
"1927.SRS015516.SRX020539.SRR044168","UBERON:hard palate","7"
"1927.SRS015704.SRX020539.SRR044180","UBERON:mouth","2"
"1927.SRS014279.SRX020543.SRR045579","UBERON:palatine tonsil","2"
"1927.SRS016275.SRX020577.SRR044047","UBERON:gingiva","6"
"1927.SRS022946.SRX020675.SRR047818","UBERON:throat","2"
"1927.SRS015401.SRX020555.SRR045686","UBERON:gingiva","7"
"1927.SRS014562.SRX020555.SRR045676","UBERON:hard palate","6"
"1927.SRS055363.SRX020578.SRR047328","UBERON:palatine tonsil","2"
"1927.SRS019765.SRX020577.SRR044068","UBERON:palatine tonsil","9"
"1927.SRS016277.SRX020577.SRR044076","UBERON:palatine tonsil","2"
"1927.SRS045277.SRX020540.SRR047268","UBERON:gingiva","6"
"1927.SRS015780.SRX020539.SRR044129","UBERON:anterior nares","3"
"1927.SRS015675.SRX020539.SRR044155","UBERON:gingiva","6"
"1927.SRS015514.SRX020539.SRR044137","UBERON:tongue","9"
"1927.SRS015661.SRX020539.SRR044141","UBERON:anterior nares","3"
"1927.SRS015524.SRX020539.SRR044147","UBERON:palatine tonsil","9"
"1927.SRS016231.SRX020516.SRR044345","UBERON:gingiva","6"
"1927.SRS018995.SRX020510.SRR044593","UBERON:throat","9"
"1927.SRS014972.SRX020536.SRR046130","UBERON:skin of elbow","8"
"1927.SRS065474.SRX020512.SRR046886","UBERON:skin of elbow","8"
"1927.SRS015631.SRX020539.SRR044164","UBERON:throat","9"
"1927.SRS048284.SRX020543.SRR045609","UBERON:hard palate","2"
"1927.SRS014275.SRX020511.SRR045666","UBERON:buccal mucosa","7"
"1927.SRS016162.SRX020539.SRR044185","UBERON:palatine tonsil","2"
"1927.SRS011539.SRX020663.SRR045161","UBERON:gingiva","6"
"1927.SRS011543.SRX020663.SRR049239","UBERON:throat","9"
"1927.SRS019243.SRX020516.SRR044314","UBERON:central vagina","14"
"1927.SRS049406.SRX020550.SRR046425","UBERON:gingiva","6"
"1927.SRS019904.SRX020516.SRR044374","UBERON:throat","2"
"1927.SRS015774.SRX020525.SRR044517","UBERON:skin of external ear","1"
"1927.SRS016209.SRX020525.SRR044568","UBERON:skin of elbow","8"
"1927.SRS018579.SRX020525.SRR044519","UBERON:skin of external ear","1"
"1927.SRS015338.SRX020525.SRR044520","UBERON:skin of elbow","8"
"1927.SRS045880.SRX020525.SRR044560","UBERON:skin of elbow","8"
"1927.SRS016026.SRX020525.SRR044529","UBERON:skin of elbow","8"
"1927.SRS015657.SRX020525.SRR044573","UBERON:skin of elbow","8"
"1927.SRS016050.SRX020525.SRR044538","UBERON:skin of elbow","8"
"1927.SRS018581.SRX020525.SRR044557","UBERON:skin of elbow","8"
"1927.SRS015776.SRX020525.SRR044561","UBERON:skin of elbow","3"
"1927.SRS016207.SRX020525.SRR044574","UBERON:skin of external ear","1"
"1927.SRS018583.SRX020525.SRR044578","UBERON:skin of elbow","8"
"1927.SRS019886.SRX020525.SRR044579","UBERON:skin of elbow","8"
"1927.SRS018993.SRX020510.SRR044590","UBERON:palatine tonsil","9"
"1927.SRS018991.SRX020510.SRR044602","UBERON:gingiva","6"
"1927.SRS018993.SRX020520.SRR044620","UBERON:palatine tonsil","9"
"1927.SRS018989.SRX020520.SRR044621","UBERON:buccal mucosa","7"
"1927.SRS018995.SRX020520.SRR044623","UBERON:throat","9"
"1927.SRS011479.SRX020662.SRR045403","UBERON:anterior nares","3"
"1927.SRS065357.SRX020532.SRR046915","UBERON:hard palate","2"
"1927.SRS015817.SRX020562.SRR044698","UBERON:mouth","7"
"1927.SRS015829.SRX020562.SRR044700","UBERON:palatine tonsil","9"
"1927.SRS015827.SRX020562.SRR044706","UBERON:gingiva","6"
"1927.SRS019095.SRX020564.SRR044711","UBERON:tongue","9"
"1927.SRS015460.SRX020564.SRR044712","UBERON:hard palate","7"
"1927.SRS011485.SRX020662.SRR047521","UBERON:hard palate","2"
"1927.SRS011567.SRX020661.SRR044807","UBERON:throat","2"
"1927.SRS063501.SRX020532.SRR046994","UBERON:tongue","9"
"1927.SRS015460.SRX020545.SRR044739","UBERON:hard palate","7"
"1927.SRS011667.SRX020663.SRR045174","UBERON:throat","7"
"1927.SRS019097.SRX020545.SRR044750","UBERON:hard palate","7"
"1927.SRS015466.SRX020545.SRR044754","UBERON:palatine tonsil","9"
"1927.SRS011275.SRX020661.SRR044769","UBERON:tongue","9"
"1927.SRS011596.SRX020661.SRR044772","UBERON:gingiva","6"
"1927.SRS011425.SRX020661.SRR044811","UBERON:gingiva","6"
"1927.SRS011624.SRX020661.SRR044823","UBERON:tongue","9"
"1927.SRS011357.SRX020659.SRR044990","UBERON:mouth","9"
"1927.SRS011275.SRX020659.SRR044995","UBERON:tongue","9"
"1927.SRS011596.SRX020659.SRR044999","UBERON:gingiva","6"
"1927.SRS011464.SRX020663.SRR045187","UBERON:palatine tonsil","7"
"1927.SRS011659.SRX020663.SRR045158","UBERON:hard palate","6"
"1927.SRS014661.SRX020511.SRR045611","UBERON:palatine tonsil","7"
"1927.SRS011588.SRX020659.SRR045009","UBERON:mouth","9"
"1927.SRS011665.SRX020659.SRR045026","UBERON:palatine tonsil","7"
"1927.SRS011541.SRX020659.SRR045029","UBERON:palatine tonsil","7"
"1927.SRS011425.SRX020659.SRR045030","UBERON:gingiva","6"
"1927.SRS011283.SRX020659.SRR045032","UBERON:palatine tonsil","7"
"1927.SRS011504.SRX020659.SRR045041","UBERON:mouth","9"
"1927.SRS011624.SRX020659.SRR045047","UBERON:tongue","9"
"1927.SRS013561.SRX020677.SRR047982","UBERON:gingiva","6"
"1927.SRS018635.SRX020572.SRR045974","UBERON:gingiva","6"
"1927.SRS051600.SRX020540.SRR047112","UBERON:anterior nares","3"
"1927.SRS011486.SRX020571.SRR049325","UBERON:buccal mucosa","7"
"1927.SRS011492.SRX020663.SRR045157","UBERON:throat","2"
"1927.SRS048957.SRX020670.SRR046346","UBERON:anterior nares","3"
"1927.SRS023440.SRX020683.SRR048343","UBERON:gingiva","6"
"1927.SRS011488.SRX020663.SRR045181","UBERON:gingiva","2"
"1927.SRS023508.SRX020677.SRR047946","UBERON:palatine tonsil","7"
"1927.SRS011613.SRX020571.SRR045477","UBERON:anterior nares","10"
"1927.SRS054390.SRX020540.SRR047119","UBERON:hard palate","9"
"1927.SRS011600.SRX020667.SRR045217","UBERON:throat","7"
"1927.SRS049113.SRX020578.SRR047330","UBERON:mouth","2"
"1927.SRS011462.SRX020667.SRR045226","UBERON:gingiva","6"
"1927.SRS011592.SRX020667.SRR045233","UBERON:hard palate","7"
"1927.SRS024533.SRX020677.SRR047938","UBERON:throat","9"
"1927.SRS011281.SRX020667.SRR045239","UBERON:gingiva","7"
"1927.SRS011539.SRX020667.SRR045240","UBERON:gingiva","6"
"1927.SRS011429.SRX020667.SRR045242","UBERON:throat","2"
"1927.SRS011516.SRX020667.SRR045251","UBERON:throat","7"
"1927.SRS011667.SRX020667.SRR045253","UBERON:throat","7"
"1927.SRS063612.SRX020532.SRR047031","UBERON:throat","3"
"1927.SRS011488.SRX020667.SRR045260","UBERON:gingiva","2"
"1927.SRS011563.SRX020667.SRR045273","UBERON:gingiva","7"
"1927.SRS011559.SRX020571.SRR045487","UBERON:hard palate","7"
"1927.SRS048463.SRX020550.SRR046433","UBERON:gingiva","7"
"1927.SRS063963.SRX020670.SRR046360","UBERON:buccal mucosa","9"
"1927.SRS045277.SRX020563.SRR047700","UBERON:gingiva","6"
"1927.SRS048228.SRX020670.SRR047676","UBERON:gingiva","7"
"1927.SRS054108.SRX020678.SRR048032","UBERON:hard palate","6"
"1927.SRS048936.SRX020578.SRR049622","UBERON:anterior nares","10"
"1927.SRS011287.SRX020662.SRR045413","UBERON:tooth","5"
"1927.SRS011479.SRX020664.SRR045426","UBERON:anterior nares","3"
"1927.SRS011369.SRX020664.SRR045433","UBERON:throat","7"
"1927.SRS011485.SRX020664.SRR045435","UBERON:hard palate","2"
"1927.SRS011609.SRX020571.SRR045466","UBERON:skin of elbow","8"
"1927.SRS011521.SRX020571.SRR045469","UBERON:anterior nares","4"
"1927.SRS011277.SRX020571.SRR045480","UBERON:hard palate","7"
"1927.SRS011576.SRX020571.SRR045482","UBERON:skin of elbow","3"
"1927.SRS014601.SRX020557.SRR046087","UBERON:throat","6"
"1927.SRS011285.SRX020571.SRR045492","UBERON:throat","7"
"1927.SRS057762.SRX020543.SRR045571","UBERON:throat","2"
"1927.SRS047219.SRX020543.SRR045573","UBERON:tongue","2"
"1927.SRS019568.SRX020543.SRR045580","UBERON:hard palate","9"
"1927.SRS054405.SRX020543.SRR045588","UBERON:palatine tonsil","2"
"1927.SRS014281.SRX020543.SRR045593","UBERON:throat","2"
"1927.SRS046855.SRX020543.SRR045605","UBERON:palatine tonsil","9"
"1927.SRS044635.SRX020543.SRR045608","UBERON:buccal mucosa","7"
"1927.SRS019574.SRX020511.SRR045645","UBERON:palatine tonsil","9"
"1927.SRS057762.SRX020511.SRR045625","UBERON:throat","2"
"1927.SRS044635.SRX020511.SRR045626","UBERON:buccal mucosa","7"
"1927.SRS014655.SRX020511.SRR045639","UBERON:buccal mucosa","7"
"1927.SRS014556.SRX020555.SRR045697","UBERON:mouth","2"
"1927.SRS014566.SRX020555.SRR045704","UBERON:gingiva","6"
"1927.SRS015119.SRX020555.SRR045711","UBERON:hard palate","7"
"1927.SRS014607.SRX020555.SRR045712","UBERON:palatine tonsil","9"
"1927.SRS014132.SRX020555.SRR045716","UBERON:buccal mucosa","7"
"1927.SRS015121.SRX020555.SRR045717","UBERON:buccal mucosa","7"
"1927.SRS014813.SRX020555.SRR045718","UBERON:gingiva","7"
"1927.SRS014315.SRX020555.SRR045725","UBERON:gingiva","6"
"1927.SRS015123.SRX020555.SRR045731","UBERON:gingiva","6"
"1927.SRS014913.SRX020555.SRR045733","UBERON:gingiva","6"
"1927.SRS018555.SRX020547.SRR045758","UBERON:skin of elbow","8"
"1927.SRS014319.SRX020547.SRR045760","UBERON:throat","7"
"1927.SRS015500.SRX020547.SRR045761","UBERON:skin of elbow","10"
"1927.SRS015253.SRX020547.SRR045773","UBERON:skin of elbow","8"
"1927.SRS014601.SRX020547.SRR045774","UBERON:throat","6"
"1927.SRS024525.SRX020683.SRR048361","UBERON:hard palate","7"
"1927.SRS019709.SRX020575.SRR045842","UBERON:skin of elbow","8"
"1927.SRS019357.SRX020572.SRR045955","UBERON:palatine tonsil","7"
"1927.SRS019300.SRX020572.SRR045965","UBERON:palatine tonsil","2"
"1927.SRS018850.SRX020572.SRR045967","UBERON:palatine tonsil","2"
"1927.SRS018952.SRX020572.SRR045970","UBERON:throat","9"
"1927.SRS051886.SRX020531.SRR046029","UBERON:hard palate","2"
"1927.SRS052501.SRX020531.SRR046030","UBERON:throat","2"
"1927.SRS014361.SRX020536.SRR046123","UBERON:skin of elbow","8"
"1927.SRS063499.SRX020532.SRR046996","UBERON:hard palate","7"
"1927.SRS047667.SRX020531.SRR046055","UBERON:tooth","5"
"1927.SRS045980.SRX020531.SRR046058","UBERON:palatine tonsil","2"
"1927.SRS015500.SRX020557.SRR046078","UBERON:skin of elbow","10"
"1927.SRS015253.SRX020557.SRR046086","UBERON:skin of elbow","8"
"1927.SRS046524.SRX020540.SRR047287","UBERON:gingiva","2"
"1927.SRS055348.SRX020540.SRR047295","UBERON:palatine tonsil","9"
"1927.SRS055987.SRX020670.SRR046233","UBERON:mouth","9"
"1927.SRS055541.SRX020670.SRR046249","UBERON:palatine tonsil","2"
"1927.SRS056529.SRX020670.SRR046251","UBERON:gingiva","2"
"1927.SRS058791.SRX020670.SRR046259","UBERON:tooth","5"
"1927.SRS065156.SRX020670.SRR046265","UBERON:mouth","2"
"1927.SRS049858.SRX020670.SRR046334","UBERON:mouth","2"
"1927.SRS043353.SRX020670.SRR046339","UBERON:throat","2"
"1927.SRS048816.SRX020670.SRR046340","UBERON:hard palate","2"
"1927.SRS062784.SRX020670.SRR046341","UBERON:mouth","9"
"1927.SRS050971.SRX020670.SRR046342","UBERON:mouth","2"
"1927.SRS047354.SRX020670.SRR046343","UBERON:buccal mucosa","7"
"1927.SRS050719.SRX020670.SRR046364","UBERON:hard palate","2"
"1927.SRS050839.SRX020542.SRR046387","UBERON:mouth","9"
"1927.SRS046281.SRX020563.SRR046396","UBERON:buccal mucosa","7"
"1927.SRS053893.SRX020563.SRR046404","UBERON:hard palate","7"
"1927.SRS043392.SRX020550.SRR046422","UBERON:gingiva","7"
"1927.SRS056511.SRX020550.SRR046430","UBERON:tongue","9"
"1927.SRS045963.SRX020550.SRR046431","UBERON:palatine tonsil","9"
"1927.SRS043642.SRX020550.SRR046434","UBERON:tongue","9"
"1927.SRS051473.SRX020550.SRR046447","UBERON:palatine tonsil","9"
"1927.SRS044970.SRX020549.SRR046500","UBERON:skin of elbow","8"
"1927.SRS064296.SRX020569.SRR046539","UBERON:palatine tonsil","2"
"1927.SRS064708.SRX020569.SRR046549","UBERON:buccal mucosa","6"
"1927.SRS062832.SRX020569.SRR046550","UBERON:hard palate","6"
"1927.SRS065101.SRX020569.SRR046552","UBERON:throat","2"
"1927.SRS014140.SRX020529.SRR046572","UBERON:hard palate","9"
"1927.SRS063780.SRX020569.SRR046604","UBERON:palatine tonsil","9"
"1927.SRS065223.SRX020569.SRR046606","UBERON:gingiva","6"
"1927.SRS065584.SRX020569.SRR046616","UBERON:gingiva","6"
"1927.SRS062465.SRX020569.SRR046655","UBERON:buccal mucosa","7"
"1927.SRS065179.SRX020569.SRR046661","UBERON:anterior nares","10"
"1927.SRS065568.SRX020569.SRR046666","UBERON:hard palate","6"
"1927.SRS051724.SRX020568.SRR046855","UBERON:throat","9"
"1927.SRS057595.SRX020568.SRR046875","UBERON:palatine tonsil","9"
"1927.SRS048749.SRX020568.SRR046878","UBERON:palatine tonsil","11"
"1927.SRS062431.SRX020512.SRR046883","UBERON:skin of elbow","8"
"1927.SRS063101.SRX020512.SRR046885","UBERON:skin of elbow","8"
"1927.SRS063776.SRX020532.SRR046905","UBERON:tongue","9"
"1927.SRS064085.SRX020532.SRR046916","UBERON:throat","2"
"1927.SRS064252.SRX020532.SRR046919","UBERON:palatine tonsil","2"
"1927.SRS057795.SRX020568.SRR046944","UBERON:palatine tonsil","2"
"1927.SRS065123.SRX020512.SRR046953","UBERON:skin of elbow","8"
"1927.SRS065167.SRX020512.SRR046955","UBERON:skin of elbow","3"
"1927.SRS063268.SRX020512.SRR046961","UBERON:skin of elbow","8"
"1927.SRS064299.SRX020512.SRR046965","UBERON:skin of elbow","3"
"1927.SRS062500.SRX020532.SRR046977","UBERON:mouth","9"
"1927.SRS043730.SRX020568.SRR047022","UBERON:gingiva","6"
"1927.SRS050208.SRX020568.SRR047023","UBERON:palatine tonsil","9"
"1927.SRS062620.SRX020532.SRR047025","UBERON:mouth","2"
"1927.SRS063253.SRX020512.SRR047067","UBERON:skin of elbow","8"
"1927.SRS058474.SRX020540.SRR047107","UBERON:hard palate","7"
"1927.SRS048544.SRX020540.SRR047113","UBERON:throat","9"
"1927.SRS051029.SRX020580.SRR047133","UBERON:mouth","2"
"1927.SRS044569.SRX020580.SRR047134","UBERON:anterior nares","3"
"1927.SRS049575.SRX020580.SRR047141","UBERON:anterior nares","10"
"1927.SRS063236.SRX020580.SRR047187","UBERON:throat","9"
"1927.SRS043565.SRX020540.SRR047280","UBERON:throat","2"
"1927.SRS042504.SRX020540.SRR047282","UBERON:mouth","9"
"1927.SRS053052.SRX020540.SRR047288","UBERON:buccal mucosa","7"
"1927.SRS054559.SRX020540.SRR047290","UBERON:gingiva","7"
"1927.SRS058104.SRX020540.SRR047297","UBERON:tooth","5"
"1927.SRS048401.SRX020578.SRR047305","UBERON:throat","2"
"1927.SRS047564.SRX020578.SRR047311","UBERON:hard palate","2"
"1927.SRS064983.SRX020532.SRR049574","UBERON:buccal mucosa","5"
"1927.SRS042521.SRX020578.SRR047325","UBERON:hard palate","2"
"1927.SRS042623.SRX020578.SRR047329","UBERON:tongue","2"
"1927.SRS063438.SRX020548.SRR047333","UBERON:mouth","9"
"1927.SRS063560.SRX020548.SRR047335","UBERON:anterior nares","10"
"1927.SRS014915.SRX020546.SRR047376","UBERON:palatine tonsil","9"
"1927.SRS014595.SRX020546.SRR047381","UBERON:hard palate","9"
"1927.SRS014907.SRX020546.SRR047388","UBERON:tongue","9"
"1927.SRS011665.SRX020661.SRR047463","UBERON:palatine tonsil","7"
"1927.SRS011634.SRX020659.SRR047489","UBERON:throat","9"
"1927.SRS011537.SRX020667.SRR047501","UBERON:buccal mucosa","7"
"1927.SRS011543.SRX020667.SRR047502","UBERON:throat","9"
"1927.SRS011640.SRX020570.SRR047529","UBERON:skin of external ear","10"
"1927.SRS014667.SRX020511.SRR047558","UBERON:skin of external ear","7"
"1927.SRS044813.SRX020531.SRR047614","UBERON:hard palate","2"
"1927.SRS018555.SRX020557.SRR047620","UBERON:skin of elbow","8"
"1927.SRS014319.SRX020557.SRR047621","UBERON:throat","7"
"1927.SRS043203.SRX020670.SRR047662","UBERON:palatine tonsil","2"
"1927.SRS052973.SRX020550.SRR047708","UBERON:palatine tonsil","2"
"1927.SRS021619.SRX020675.SRR047751","UBERON:gingiva","6"
"1927.SRS021633.SRX020675.SRR047759","UBERON:skin of elbow","10"
"1927.SRS022942.SRX020675.SRR047814","UBERON:gingiva","7"
"1927.SRS023015.SRX020675.SRR047777","UBERON:skin of external ear","10"
"1927.SRS021561.SRX020675.SRR047801","UBERON:palatine tonsil","9"
"1927.SRS020135.SRX020676.SRR047845","UBERON:buccal mucosa","6"
"1927.SRS020133.SRX020676.SRR047846","UBERON:hard palate","2"
"1927.SRS020137.SRX020676.SRR047847","UBERON:gingiva","6"
"1927.SRS020139.SRX020676.SRR047848","UBERON:palatine tonsil","2"
"1927.SRS020127.SRX020676.SRR047849","UBERON:mouth","2"
"1927.SRS020141.SRX020676.SRR047852","UBERON:throat","2"
"1927.SRS020131.SRX020676.SRR047853","UBERON:tongue","2"
"1927.SRS020196.SRX020676.SRR047863","UBERON:palatine tonsil","9"
"1927.SRS020198.SRX020676.SRR047867","UBERON:throat","7"
"1927.SRS023438.SRX020676.SRR047875","UBERON:buccal mucosa","6"
"1927.SRS023440.SRX020676.SRR047877","UBERON:gingiva","6"
"1927.SRS024527.SRX020676.SRR047888","UBERON:buccal mucosa","6"
"1927.SRS022498.SRX020676.SRR047892","UBERON:gingiva","6"
"1927.SRS022502.SRX020676.SRR047897","UBERON:throat","2"
"1927.SRS024525.SRX020676.SRR047900","UBERON:hard palate","7"
"1927.SRS024529.SRX020676.SRR047902","UBERON:gingiva","6"
"1927.SRS022434.SRX020676.SRR047911","UBERON:palatine tonsil","7"
"1927.SRS022432.SRX020676.SRR047910","UBERON:gingiva","6"
"1927.SRS022436.SRX020676.SRR047915","UBERON:throat","9"
"1927.SRS056480.SRX020677.SRR047970","UBERON:buccal mucosa","7"
"1927.SRS013565.SRX020677.SRR047987","UBERON:throat","7"
"1927.SRS047054.SRX020677.SRR047971","UBERON:gingiva","6"
"1927.SRS023438.SRX020683.SRR048342","UBERON:buccal mucosa","6"
"1927.SRS023510.SRX020677.SRR047950","UBERON:throat","2"
"1927.SRS023500.SRX020677.SRR047951","UBERON:tongue","2"
"1927.SRS054426.SRX020677.SRR047974","UBERON:throat","9"
"1927.SRS053832.SRX020677.SRR047992","UBERON:buccal mucosa","6"
"1927.SRS043077.SRX020677.SRR047993","UBERON:hard palate","7"
"1927.SRS051745.SRX020677.SRR047995","UBERON:palatine tonsil","2"
"1927.SRS047084.SRX020677.SRR047999","UBERON:throat","2"
"1927.SRS023452.SRX020678.SRR048022","UBERON:skin of external ear","5"
"1927.SRS023510.SRX020683.SRR048354","UBERON:throat","2"
"1927.SRS024545.SRX020678.SRR048042","UBERON:skin of elbow","3"
"1927.SRS022958.SRX020683.SRR048329","UBERON:skin of elbow","3"
"1927.SRS023083.SRX020683.SRR048330","UBERON:anterior nares","10"
"1927.SRS020153.SRX020683.SRR048335","UBERON:skin of elbow","10"
"1927.SRS023883.SRX020683.SRR048352","UBERON:skin of elbow","3"
"1927.SRS023885.SRX020683.SRR048353","UBERON:skin of elbow","3"
"1927.SRS013557.SRX020683.SRR048358","UBERON:hard palate","7"
"1927.SRS015299.SRX020554.SRR048943","UBERON:hard palate","2"
"1927.SRS019359.SRX020572.SRR049337","UBERON:throat","9"
"1927.SRS019528.SRX020572.SRR049347","UBERON:throat","9"
"1927.SRS058527.SRX020531.SRR049349","UBERON:palatine tonsil","2"
"1927.SRS050321.SRX020542.SRR049376","UBERON:palatine tonsil","9"
"1927.SRS051800.SRX020549.SRR049393","UBERON:skin of external ear","10"
"1927.SRS064626.SRX020569.SRR049420","UBERON:throat","9"
"1927.SRS063340.SRX020569.SRR049473","UBERON:anterior nares","10"
"1927.SRS055643.SRX020568.SRR049523","UBERON:hard palate","2"
"1927.SRS047180.SRX020568.SRR049549","UBERON:tooth","2"
"1927.SRS063675.SRX020512.SRR049552","UBERON:skin of elbow","3"
"1927.SRS062461.SRX020512.SRR049554","UBERON:skin of external ear","10"
"1927.SRS064628.SRX020532.SRR049557","UBERON:throat","9"
"1927.SRS050987.SRX020527.SRR049595","UBERON:skin of elbow","3"
"1927.SRS048669.SRX020540.SRR049629","UBERON:throat","2"
"1927.SRS062682.SRX020548.SRR049631","UBERON:anterior nares","3"
"1927.SRS019679.SRX020574.SRR049824","UBERON:skin of elbow","3"
"1927.SRS015257.SRX020577.SRR049840","UBERON:anterior nares","10"
"1927.SRS015364.SRX020577.SRR049845","UBERON:throat","9"
"1927.SRS065676.SRX020548.SRR049896","UBERON:throat","2"
"1927.SRS021127.SRX022097.SRR057663","UBERON:gingiva","7"
"1927.SRS021129.SRX022097.SRR057663","UBERON:palatine tonsil","9"
"1927.SRS021117.SRX022097.SRR057663","UBERON:mouth","9"
"1927.SRS021081.SRX022097.SRR057663","UBERON:buccal mucosa","7"
"1927.SRS063665.SRX022232.SRR058094","UBERON:gingiva","7"
"1927.SRS065719.SRX022232.SRR058094","UBERON:hard palate","6"
"1927.SRS064462.SRX022156.SRR058115","UBERON:throat","9"
"1927.SRS065451.SRX022156.SRR058115","UBERON:palatine tonsil","7"
"1927.SRS065051.SRX022156.SRR058115","UBERON:buccal mucosa","7"
"1927.SRS021131.SRX022097.SRR057663","UBERON:throat","9"
"1927.SRS020486.SRX022097.SRR057663","UBERON:buccal mucosa","7"
"1927.SRS020488.SRX022097.SRR057663","UBERON:gingiva","6"
"1927.SRS020490.SRX022097.SRR057663","UBERON:palatine tonsil","9"
"1927.SRS020478.SRX022097.SRR057663","UBERON:mouth","9"
"1927.SRS020496.SRX022097.SRR057663","UBERON:tooth","5"
"1927.SRS020500.SRX022097.SRR057663","UBERON:skin of external ear","10"
"1927.SRS024704.SRX022228.SRR058091","UBERON:throat","9"
"1927.SRS021065.SRX022097.SRR057663","UBERON:feces","6"
"1927.SRS062712.SRX022232.SRR058094","UBERON:throat","7"
"1927.SRS020827.SRX022097.SRR057663","UBERON:buccal mucosa","7"
"1927.SRS064024.SRX022232.SRR058094","UBERON:hard palate","9"
"1927.SRS021087.SRX022097.SRR057663","UBERON:throat","9"
"1927.SRS058681.SRX022156.SRR058115","UBERON:gingiva","7"
"1927.SRS062723.SRX022156.SRR058115","UBERON:buccal mucosa","7"
"1927.SRS020825.SRX022097.SRR057663","UBERON:hard palate","9"
"1927.SRS020829.SRX022097.SRR057663","UBERON:gingiva","6"
"1927.SRS020663.SRX022097.SRR057663","UBERON:throat","9"
"1927.SRS064396.SRX022232.SRR058094","UBERON:gingiva","6"
"1927.SRS020831.SRX022097.SRR057663","UBERON:palatine tonsil","9"
"1927.SRS020602.SRX022097.SRR057663","UBERON:gingiva","6"
"1927.SRS020659.SRX022097.SRR057663","UBERON:gingiva","6"
"1927.SRS064884.SRX022224.SRR058087","UBERON:hard palate","7"
"1927.SRS052897.SRX022224.SRR058087","UBERON:gingiva","6"
"1927.SRS057265.SRX022224.SRR058087","UBERON:throat","7"
"1927.SRS054475.SRX022224.SRR058087","UBERON:gingiva","7"
"1927.SRS043542.SRX022224.SRR058087","UBERON:hard palate","6"
"1927.SRS064048.SRX022224.SRR058087","UBERON:throat","9"
"1927.SRS044248.SRX022224.SRR058087","UBERON:throat","7"
"1927.SRS065343.SRX022224.SRR058087","UBERON:palatine tonsil","9"
"1927.SRS049609.SRX022224.SRR058087","UBERON:gingiva","6"
"1927.SRS057565.SRX022224.SRR058087","UBERON:throat","7"
"1927.SRS062997.SRX022224.SRR058087","UBERON:gingiva","6"
"1927.SRS044676.SRX022224.SRR058087","UBERON:buccal mucosa","7"
"1927.SRS052074.SRX022224.SRR058087","UBERON:palatine tonsil","11"
"1927.SRS043603.SRX022224.SRR058087","UBERON:throat","7"
"1927.SRS044803.SRX022224.SRR058087","UBERON:buccal mucosa","7"
"1927.SRS047005.SRX022224.SRR058087","UBERON:hard palate","7"
"1927.SRS052153.SRX022224.SRR058087","UBERON:gingiva","6"
"1927.SRS063986.SRX022224.SRR058087","UBERON:gingiva","6"
"1927.SRS047873.SRX022224.SRR058087","UBERON:buccal mucosa","6"
"1927.SRS063023.SRX022224.SRR058087","UBERON:hard palate","7"
"1927.SRS051870.SRX022224.SRR058087","UBERON:buccal mucosa","6"
"1927.SRS057423.SRX022224.SRR058087","UBERON:palatine tonsil","9"
"1927.SRS046784.SRX022225.SRR058088","UBERON:skin of elbow","3"
"1927.SRS056044.SRX022225.SRR058088","UBERON:skin of elbow","3"
"1927.SRS053403.SRX022225.SRR058088","UBERON:anterior nares","3"
"1927.SRS054830.SRX022225.SRR058088","UBERON:skin of elbow","3"
"1927.SRS051443.SRX022225.SRR058088","UBERON:skin of external ear","10"
"1927.SRS056456.SRX022225.SRR058088","UBERON:skin of elbow","5"
"1927.SRS062733.SRX022228.SRR058091","UBERON:skin of external ear","3"
"1927.SRS064168.SRX022228.SRR058091","UBERON:skin of elbow","3"
"1927.SRS062773.SRX022228.SRR058091","UBERON:skin of external ear","10"
"1927.SRS065685.SRX022232.SRR058094","UBERON:gingiva","6"
"1927.SRS062796.SRX022232.SRR058094","UBERON:gingiva","7"
"1927.SRS022755.SRX022232.SRR058094","UBERON:palatine tonsil","9"
"1927.SRS021760.SRX022232.SRR058094","UBERON:anterior nares","3"
"1927.SRS063494.SRX022232.SRR058094","UBERON:mouth","9"
"1927.SRS065316.SRX022232.SRR058094","UBERON:buccal mucosa","7"
"1927.SRS062561.SRX022232.SRR058094","UBERON:throat","9"
"1927.SRS062597.SRX022232.SRR058094","UBERON:hard palate","9"
"1927.SRS062628.SRX022232.SRR058094","UBERON:palatine tonsil","9"
"1927.SRS044780.SRX022241.SRR058097","UBERON:hard palate","6"
"1927.SRS057867.SRX022241.SRR058097","UBERON:buccal mucosa","6"
"1927.SRS044581.SRX022241.SRR058097","UBERON:buccal mucosa","7"
"1927.SRS046759.SRX022241.SRR058097","UBERON:gingiva","6"
"1927.SRS046893.SRX022241.SRR058097","UBERON:mouth","9"
"1927.SRS045519.SRX022241.SRR058097","UBERON:hard palate","9"
"1927.SRS049284.SRX022241.SRR058097","UBERON:buccal mucosa","6"
"1927.SRS054361.SRX022241.SRR058097","UBERON:gingiva","6"
"1927.SRS051345.SRX022241.SRR058097","UBERON:throat","9"
"1927.SRS049939.SRX022241.SRR058097","UBERON:throat","9"
"1927.SRS048334.SRX022241.SRR058097","UBERON:gingiva","7"
"1927.SRS058160.SRX022241.SRR058097","UBERON:palatine tonsil","9"
"1927.SRS044719.SRX022241.SRR058097","UBERON:gingiva","6"
"1927.SRS044110.SRX022244.SRR058107","UBERON:skin of elbow","3"
"1927.SRS043339.SRX022244.SRR058107","UBERON:skin of elbow","3"
"1927.SRS047465.SRX022244.SRR058107","UBERON:skin of elbow","4"
"1927.SRS049386.SRX022244.SRR058107","UBERON:skin of elbow","10"
"1927.SRS048093.SRX022244.SRR058107","UBERON:skin of elbow","3"
"1927.SRS064913.SRX022156.SRR058115","UBERON:gingiva","7"
"1927.SRS057489.SRX022156.SRR058115","UBERON:hard palate","6"
"1927.SRS048602.SRX022156.SRR058115","UBERON:gingiva","7"
"1927.SRS045945.SRX022156.SRR058115","UBERON:palatine tonsil","9"
"1927.SRS055814.SRX022156.SRR058115","UBERON:buccal mucosa","7"
"1927.SRS056779.SRX022156.SRR058115","UBERON:hard palate","7"
"1927.SRS053146.SRX022156.SRR058115","UBERON:throat","9"
"1927.SRS051827.SRX022156.SRR058115","UBERON:gingiva","6"
"1927.SRS044898.SRX022156.SRR058115","UBERON:posterior fornix of vagina","13"
"1927.SRS049325.SRX022156.SRR058115","UBERON:buccal mucosa","7"
"1927.SRS047042.SRX022156.SRR058115","UBERON:hard palate","9"
"1927.SRS048972.SRX022156.SRR058115","UBERON:throat","2"
"1927.SRS051010.SRX022156.SRR058115","UBERON:palatine tonsil","9"
"1927.SRS048471.SRX022156.SRR058115","UBERON:throat","7"
"1927.SRS057920.SRX022156.SRR058115","UBERON:gingiva","7"
"1927.SRS064479.SRX022156.SRR058115","UBERON:hard palate","7"
"1927.SRS046799.SRX022156.SRR058115","UBERON:hard palate","9"
"1927.SRS053828.SRX022156.SRR058115","UBERON:palatine tonsil","9"
"1927.SRS048650.SRX022156.SRR058115","UBERON:throat","9"
"1927.SRS054401.SRX022156.SRR058115","UBERON:buccal mucosa","7"
"1927.SRS064596.SRX022156.SRR058115","UBERON:mouth","9"
"1927.SRS048332.SRX022156.SRR058115","UBERON:gingiva","7"
"1927.SRS015011.SRX020577.SRR049846","UBERON:vaginal introitus","13"
"1927.SRS011686.SRX020661.SRR044765","UBERON:posterior fornix of vagina","13"
"1927.SRS011684.SRX020661.SRR044791","UBERON:central vagina","13"
"1927.SRS019375.SRX020572.SRR045813","UBERON:vaginal introitus","13"
"1927.SRS019379.SRX020572.SRR045977","UBERON:posterior fornix of vagina","13"
"1927.SRS019377.SRX020572.SRR049336","UBERON:central vagina","13"
"1927.SRS015263.SRX020577.SRR044034","UBERON:posterior fornix of vagina","14"
"1927.SRS015261.SRX020577.SRR044036","UBERON:central vagina","14"
"1927.SRS015259.SRX020577.SRR044053","UBERON:vaginal introitus","14"
"1927.SRS011617.SRX020661.SRR044780","UBERON:central vagina","13"
"1927.SRS011619.SRX020661.SRR044787","UBERON:posterior fornix of vagina","13"
"1927.SRS011615.SRX020661.SRR044831","UBERON:vaginal introitus","13"
"1927.SRS011682.SRX020659.SRR044989","UBERON:vaginal introitus","13"
"1927.SRS011686.SRX020659.SRR044991","UBERON:posterior fornix of vagina","13"
"1927.SRS011617.SRX020659.SRR045007","UBERON:central vagina","13"
"1927.SRS011615.SRX020659.SRR045055","UBERON:vaginal introitus","13"
"1927.SRS056363.SRX020568.SRR046780","UBERON:posterior fornix of vagina","15"
"1927.SRS045281.SRX020568.SRR046853","UBERON:vaginal introitus","13"
"1927.SRS055981.SRX020568.SRR046933","UBERON:posterior fornix of vagina","13"
"1927.SRS048570.SRX020568.SRR046946","UBERON:central vagina","13"
"1927.SRS058032.SRX020578.SRR047241","UBERON:central vagina","14"
"1927.SRS053453.SRX020578.SRR047245","UBERON:posterior fornix of vagina","14"
"1927.SRS053817.SRX020578.SRR047249","UBERON:vaginal introitus","14"
"1927.SRS011684.SRX020659.SRR047483","UBERON:central vagina","13"
"1927.SRS022522.SRX020676.SRR047905","UBERON:posterior fornix of vagina","14"
"1927.SRS022518.SRX020676.SRR047906","UBERON:vaginal introitus","14"
"1927.SRS063992.SRX020532.SRR049539","UBERON:posterior fornix of vagina","12"
"1927.SRS053253.SRX020568.SRR049548","UBERON:central vagina","15"
"1927.SRS062635.SRX020578.SRR049623","UBERON:posterior fornix of vagina","13"
"1927.SRS063095.SRX020578.SRR047247","UBERON:vaginal introitus","13"
"1927.SRS015015.SRX020577.SRR044073","UBERON:posterior fornix of vagina","13"
"1927.SRS015013.SRX020577.SRR044075","UBERON:central vagina","13"
"1927.SRS047424.SRX020568.SRR046941","UBERON:central vagina","13"
"1927.SRS015231.SRX020577.SRR044042","UBERON:tongue","2"
"1927.SRS016215.SRX020516.SRR044359","UBERON:vaginal introitus","12"
"1927.SRS064520.SRX020542.SRR046377","UBERON:central vagina","13"
"1927.SRS049372.SRX020568.SRR046936","UBERON:posterior fornix of vagina","13"
"1927.SRS014343.SRX020546.SRR047378","UBERON:posterior fornix of vagina","14"
"1927.SRS019508.SRX020572.SRR049346","UBERON:vaginal introitus","12"
"1927.SRS014339.SRX020546.SRR047373","UBERON:vaginal introitus","14"
"1927.SRS016109.SRX020516.SRR044328","UBERON:central vagina","14"
"1927.SRS048631.SRX020568.SRR046931","UBERON:vaginal introitus","15"
"1927.SRS065132.SRX020519.SRR047004","UBERON:anterior nares","10"
"1927.SRS063404.SRX020512.SRR047071","UBERON:skin of elbow","8"
"1927.SRS023079.SRX020676.SRR047837","UBERON:skin of elbow","3"
"1927.SRS056664.SRX020568.SRR046879","UBERON:anterior nares","10"
"1927.SRS016219.SRX020516.SRR044306","UBERON:posterior fornix of vagina","12"
"1927.SRS016217.SRX020516.SRR044297","UBERON:central vagina","12"
"1927.SRS016111.SRX020516.SRR044321","UBERON:posterior fornix of vagina","14"
"1927.SRS023893.SRX020678.SRR048026","UBERON:posterior fornix of vagina","13"
"1927.SRS023889.SRX020678.SRR048027","UBERON:vaginal introitus","13"
"1927.SRS022508.SRX020676.SRR047901","UBERON:skin of external ear","10"
"1927.SRS055354.SRX020567.SRR049493","UBERON:skin of external ear","10"
"1927.SRS011584.SRX020661.SRR047460","UBERON:posterior fornix of vagina","15"
"1927.SRS023891.SRX020677.SRR047940","UBERON:central vagina","13"
"1927.SRS050634.SRX020670.SRR046333","UBERON:central vagina","13"
"1927.SRS044750.SRX020670.SRR047658","UBERON:vaginal introitus","13"
"1927.SRS016174.SRX020525.SRR044580","UBERON:skin of external ear","1"
"1927.SRS011434.SRX020662.SRR045405","UBERON:skin of external ear","10"
"1927.SRS011611.SRX020662.SRR045407","UBERON:skin of elbow","10"
"1927.SRS011497.SRX020662.SRR045415","UBERON:skin of external ear","10"
"1927.SRS011677.SRX020662.SRR045420","UBERON:skin of elbow","10"
"1927.SRS011434.SRX020664.SRR045428","UBERON:skin of external ear","10"
"1927.SRS011611.SRX020664.SRR045430","UBERON:skin of elbow","10"
"1927.SRS011497.SRX020664.SRR045441","UBERON:skin of external ear","10"
"1927.SRS011498.SRX020664.SRR045442","UBERON:skin of external ear","10"
"1927.SRS011677.SRX020664.SRR045445","UBERON:skin of elbow","10"
"1927.SRS056878.SRX020670.SRR046253","UBERON:posterior fornix of vagina","13"
"1927.SRS054740.SRX020567.SRR046644","UBERON:skin of elbow","2"
"1927.SRS011498.SRX020662.SRR047523","UBERON:skin of external ear","10"
"1927.SRS044938.SRX020568.SRR049551","UBERON:mouth","9"
"1927.SRS054477.SRX020670.SRR046229","UBERON:anterior nares","10"
"1927.SRS011375.SRX020537.SRR045399","UBERON:skin of external ear","10"
"1927.SRS011375.SRX020570.SRR047533","UBERON:skin of external ear","10"
"1927.SRS020149.SRX020683.SRR048336","UBERON:skin of external ear","10"
"1927.SRS018637.SRX020572.SRR045962","UBERON:palatine tonsil","2"
"1927.SRS011582.SRX020661.SRR044836","UBERON:central vagina","15"
"1927.SRS011357.SRX020661.SRR044763","UBERON:mouth","9"
"1927.SRS047581.SRX020549.SRR046492","UBERON:skin of external ear","10"
"1927.SRS011604.SRX020661.SRR044829","UBERON:tooth","5"
"1927.SRS065444.SRX020519.SRR049526","UBERON:vaginal introitus","14"
"1927.SRS014343.SRX020555.SRR045699","UBERON:posterior fornix of vagina","14"
"1927.SRS011450.SRX020667.SRR045245","UBERON:posterior fornix of vagina","12"
"1927.SRS022454.SRX020676.SRR047922","UBERON:central vagina","15"
"1927.SRS022456.SRX020676.SRR047923","UBERON:posterior fornix of vagina","15"
"1927.SRS014341.SRX020555.SRR045670","UBERON:central vagina","14"
"1927.SRS015009.SRX020547.SRR045782","UBERON:anterior nares","8"
"1927.SRS019371.SRX020575.SRR045830","UBERON:skin of elbow","8"
"1927.SRS019367.SRX020575.SRR046026","UBERON:skin of external ear","10"
"1927.SRS018858.SRX020575.SRR045840","UBERON:skin of external ear","10"
"1927.SRS019365.SRX020575.SRR046019","UBERON:skin of external ear","10"
"1927.SRS015009.SRX020557.SRR046094","UBERON:anterior nares","8"
"1927.SRS043058.SRX020549.SRR046478","UBERON:skin of external ear","10"
"1927.SRS048941.SRX020549.SRR046497","UBERON:skin of external ear","10"
"1927.SRS043122.SRX020567.SRR046699","UBERON:skin of external ear","10"
"1927.SRS056693.SRX020568.SRR046847","UBERON:vaginal introitus","12"
"1927.SRS054558.SRX020568.SRR046877","UBERON:hard palate","9"
"1927.SRS045007.SRX020568.SRR046939","UBERON:tongue","9"
"1927.SRS051929.SRX020580.SRR047136","UBERON:hard palate","2"
"1927.SRS011580.SRX020659.SRR047486","UBERON:vaginal introitus","15"
"1927.SRS011448.SRX020659.SRR047488","UBERON:central vagina","12"
"1927.SRS053420.SRX020550.SRR047718","UBERON:posterior fornix of vagina","12"
"1927.SRS022952.SRX020675.SRR047821","UBERON:skin of external ear","10"
"1927.SRS022452.SRX020676.SRR047924","UBERON:vaginal introitus","15"
"1927.SRS022514.SRX020683.SRR048350","UBERON:skin of elbow","4"
"1927.SRS051255.SRX020511.SRR049328","UBERON:vaginal introitus","3"
"1927.SRS020839.SRX022097.SRR057663","UBERON:skin of external ear","10"
"1927.SRS064784.SRX022232.SRR058094","UBERON:vaginal introitus","15"
"1927.SRS054341.SRX022156.SRR058115","UBERON:posterior fornix of vagina","13"
"1927.SRS057305.SRX022225.SRR058088","UBERON:skin of external ear","10"
"1927.SRS063304.SRX022228.SRR058091","UBERON:anterior nares","10"
"1927.SRS050791.SRX022156.SRR058115","UBERON:central vagina","13"
"1927.SRS063239.SRX022228.SRR058091","UBERON:skin of external ear","10"
"1927.SRS065507.SRX022232.SRR058094","UBERON:tongue","9"
"1927.SRS064006.SRX022232.SRR058094","UBERON:central vagina","12"
"1927.SRS064987.SRX022232.SRR058094","UBERON:central vagina","15"
"1927.SRS056286.SRX022241.SRR058097","UBERON:central vagina","12"
"1927.SRS046640.SRX022156.SRR058115","UBERON:central vagina","13"
"1927.SRS050327.SRX022156.SRR058115","UBERON:central vagina","12"
"1927.SRS014450.SRX020574.SRR043868","UBERON:skin of external ear","10"
"1927.SRS011273.SRX020661.SRR044825","UBERON:mouth","9"
"1927.SRS011446.SRX020667.SRR045270","UBERON:vaginal introitus","12"
"1927.SRS011181.SRX020537.SRR045389","UBERON:skin of elbow","4"
"1927.SRS014289.SRX020574.SRR043848","UBERON:skin of external ear","8"
"1927.SRS011474.SRX020663.SRR045215","UBERON:skin of external ear","10"
"1927.SRS011474.SRX020667.SRR045286","UBERON:skin of external ear","10"
"1927.SRS011446.SRX020663.SRR045196","UBERON:vaginal introitus","12"
"1927.SRS045672.SRX020527.SRR047179","UBERON:skin of elbow","2"
"1927.SRS015831.SRX020562.SRR044701","UBERON:throat","3"
"1927.SRS015813.SRX020562.SRR044708","UBERON:anterior nares","10"
"1927.SRS048838.SRX020523.SRR046418","UBERON:feces","4"
"1927.SRS047715.SRX020567.SRR046618","UBERON:skin of elbow","11"
"1927.SRS057122.SRX020677.SRR047969","UBERON:feces","4"
"1927.SRS011290.SRX020571.SRR045485","UBERON:skin of external ear","10"
"1927.SRS021940.SRX020675.SRR047796","UBERON:skin of external ear","10"
"1927.SRS045722.SRX020677.SRR048004","UBERON:central vagina","14"
"1927.SRS051093.SRX020677.SRR048006","UBERON:vaginal introitus","14"
"1927.SRS014615.SRX020574.SRR043854","UBERON:skin of external ear","4"
"1927.SRS051102.SRX020547.SRR045755","UBERON:mouth","8"
"1927.SRS051102.SRX020557.SRR046074","UBERON:mouth","8"
"1927.SRS065078.SRX020548.SRR049891","UBERON:anterior nares","3"
"1927.SRS011555.SRX020663.SRR045170","UBERON:skin of elbow","4"
"1927.SRS042415.SRX020523.SRR046407","UBERON:feces","4"
"1927.SRS015289.SRX020574.SRR043903","UBERON:skin of elbow","10"
"1927.SRS015905.SRX020520.SRR044616","UBERON:skin of elbow","10"
"1927.SRS011555.SRX020667.SRR045249","UBERON:skin of elbow","4"
"1927.SRS018696.SRX020572.SRR045971","UBERON:anterior nares","3"
"1927.SRS045970.SRX020549.SRR046488","UBERON:skin of elbow","8"
"1927.SRS018702.SRX020575.SRR045837","UBERON:skin of elbow","8"
"1927.SRS018704.SRX020575.SRR047603","UBERON:skin of elbow","4"
"1927.SRS050233.SRX020549.SRR046480","UBERON:skin of external ear","10"
"1927.SRS047862.SRX020549.SRR049394","UBERON:skin of external ear","10"
"1927.SRS053500.SRX020567.SRR046632","UBERON:skin of elbow","8"
"1927.SRS014627.SRX020546.SRR043662","UBERON:central vagina","15"
"1927.SRS014625.SRX020546.SRR043670","UBERON:vaginal introitus","15"
"1927.SRS019245.SRX020516.SRR044312","UBERON:posterior fornix of vagina","14"
"1927.SRS019241.SRX020516.SRR044324","UBERON:vaginal introitus","14"
"1927.SRS014629.SRX020555.SRR045687","UBERON:posterior fornix of vagina","15"
"1927.SRS018918.SRX020572.SRR045999","UBERON:anterior nares","8"
"1927.SRS047255.SRX020567.SRR046677","UBERON:skin of external ear","10"
"1927.SRS014629.SRX020546.SRR047371","UBERON:posterior fornix of vagina","15"
"1927.SRS015659.SRX020525.SRR047443","UBERON:skin of elbow","8"
"1927.SRS011380.SRX020662.SRR047518","UBERON:anterior nares","10"
"1927.SRS022510.SRX020676.SRR047903","UBERON:skin of external ear","10"
"1927.SRS023522.SRX020677.SRR047954","UBERON:skin of elbow","3"
"1927.SRS023518.SRX020677.SRR047955","UBERON:skin of external ear","10"
"1927.SRS020677.SRX022097.SRR057663","UBERON:anterior nares","10"
"1927.SRS014623.SRX020546.SRR047374","UBERON:anterior nares","3"
"1927.SRS049139.SRX020568.SRR046809","UBERON:throat","4"
"1927.SRS014345.SRX020546.SRR047368","UBERON:feces","4"
"1927.SRS023851.SRX020676.SRR047925","UBERON:feces","4"
"1927.SRS014815.SRX020546.SRR043693","UBERON:palatine tonsil","2"
"1927.SRS016154.SRX020539.SRR044171","UBERON:tongue","2"
"1927.SRS052787.SRX020554.SRR043816","UBERON:tongue","9"
"1927.SRS015708.SRX020539.SRR044152","UBERON:tongue","2"
"1927.SRS015021.SRX020577.SRR044069","UBERON:tongue","2"
"1927.SRS015716.SRX020539.SRR044140","UBERON:palatine tonsil","2"
"1927.SRS015117.SRX020546.SRR047372","UBERON:tongue","2"
"1927.SRS016164.SRX020539.SRR044188","UBERON:throat","2"
"1927.SRS015718.SRX020539.SRR044201","UBERON:throat","2"
"1927.SRS049972.SRX020578.SRR047233","UBERON:tongue","2"
"1927.SRS019247.SRX020516.SRR044333","UBERON:tongue","2"
"1927.SRS011657.SRX020661.SRR044813","UBERON:tongue","9"
"1927.SRS049102.SRX020578.SRR047316","UBERON:palatine tonsil","2"
"1927.SRS018902.SRX020572.SRR047587","UBERON:palatine tonsil","2"
"1927.SRS011484.SRX020667.SRR045255","UBERON:tongue","2"
"1927.SRS014279.SRX020511.SRR045617","UBERON:palatine tonsil","2"
"1927.SRS018904.SRX020572.SRR045947","UBERON:throat","2"
"1927.SRS018894.SRX020572.SRR045964","UBERON:tongue","9"
"1927.SRS018842.SRX020572.SRR045997","UBERON:tongue","2"
"1927.SRS055868.SRX020531.SRR046054","UBERON:throat","2"
"1927.SRS046022.SRX020568.SRR046837","UBERON:tongue","2"
"1927.SRS064558.SRX020532.SRR046906","UBERON:tongue","2"
"1927.SRS045466.SRX020540.SRR047124","UBERON:tongue","2"
"1927.SRS063184.SRX020578.SRR047242","UBERON:tongue","2"
"1927.SRS056834.SRX020540.SRR047259","UBERON:tongue","9"
"1927.SRS055467.SRX020578.SRR047302","UBERON:tongue","2"
"1927.SRS063125.SRX020548.SRR047343","UBERON:tongue","9"
"1927.SRS016117.SRX020516.SRR049307","UBERON:tongue","9"
"1927.SRS044548.SRX020568.SRR049550","UBERON:throat","2"
"1927.SRS056460.SRX022224.SRR058087","UBERON:throat","2"
"1927.SRS063388.SRX022232.SRR058094","UBERON:mouth","9"
"1927.SRS063960.SRX022232.SRR058094","UBERON:throat","9"
"1927.SRS063123.SRX022232.SRR058094","UBERON:hard palate","9"
"1927.SRS065329.SRX022232.SRR058094","UBERON:mouth","9"
"1927.SRS043826.SRX022241.SRR058097","UBERON:hard palate","9"
"1927.SRS046341.SRX020554.SRR043828","UBERON:feces","4"
"1927.SRS054917.SRX022244.SRR058107","UBERON:skin of elbow","4"
"1927.SRS046108.SRX020531.SRR046041","UBERON:central vagina","14"
"1927.SRS015444.SRX020545.SRR044748","UBERON:skin of external ear","10"
"1927.SRS011559.SRX020537.SRR045396","UBERON:hard palate","7"
"1927.SRS046500.SRX020549.SRR046479","UBERON:skin of external ear","10"
"1927.SRS019308.SRX020575.SRR045829","UBERON:skin of external ear","10"
"1927.SRS042274.SRX020575.SRR047602","UBERON:skin of external ear","10"
"1927.SRS051407.SRX020670.SRR046245","UBERON:vaginal introitus","14"
"1927.SRS055470.SRX020549.SRR046473","UBERON:skin of external ear","10"
"1927.SRS045463.SRX020549.SRR046483","UBERON:skin of external ear","10"
"1927.SRS019554.SRX020574.SRR049827","UBERON:skin of external ear","10"
"1927.SRS015856.SRX020574.SRR049831","UBERON:skin of external ear","10"
"1927.SRS063457.SRX022225.SRR058088","UBERON:skin of external ear","10"
"1927.SRS018864.SRX020575.SRR046023","UBERON:skin of elbow","8"
"1927.SRS016265.SRX020577.SRR044077","UBERON:anterior nares","10"
"1927.SRS014619.SRX020536.SRR046128","UBERON:skin of elbow","8"
"1927.SRS023422.SRX020676.SRR047874","UBERON:feces","4"
"1927.SRS015145.SRX020546.SRR043653","UBERON:vaginal introitus","12"
"1927.SRS014239.SRX020574.SRR043850","UBERON:skin of external ear","10"
"1927.SRS014923.SRX020555.SRR045709","UBERON:feces","4"
"1927.SRS062539.SRX020512.SRR046959","UBERON:skin of elbow","8"
"1927.SRS043400.SRX022225.SRR058088","UBERON:skin of external ear","10"
"1927.SRS063753.SRX022228.SRR058091","UBERON:anterior nares","10"
"1927.SRS062741.SRX020512.SRR047074","UBERON:skin of elbow","3"
"1927.SRS052337.SRX022225.SRR058088","UBERON:skin of elbow","3"
"1927.SRS046871.SRX020677.SRR047976","UBERON:skin of elbow","10"
"1927.SRS048785.SRX022244.SRR058107","UBERON:skin of external ear","10"
"1927.SRS045035.SRX020567.SRR049414","UBERON:skin of elbow","3"
"1927.SRS015496.SRX020525.SRR044556","UBERON:skin of external ear","1"
"1927.SRS063078.SRX020532.SRR049555","UBERON:tooth","5"
"1927.SRS044434.SRX022156.SRR058115","UBERON:vaginal introitus","3"
"1927.SRS051945.SRX020567.SRR049463","UBERON:skin of elbow","5"
"1927.SRS064922.SRX020512.SRR049553","UBERON:skin of elbow","8"
"1927.SRS018585.SRX020516.SRR044373","UBERON:anterior nares","10"
"1927.SRS018577.SRX020525.SRR044518","UBERON:skin of external ear","8"
"1927.SRS015905.SRX020510.SRR044586","UBERON:skin of elbow","10"
"1927.SRS045119.SRX020575.SRR045822","UBERON:skin of external ear","10"
"1927.SRS064616.SRX020670.SRR046234","UBERON:anterior nares","3"
"1927.SRS047699.SRX020549.SRR046494","UBERON:skin of elbow","3"
"1927.SRS044666.SRX020568.SRR046873","UBERON:anterior nares","10"
"1927.SRS044993.SRX020567.SRR049484","UBERON:skin of external ear","10"
"1927.SRS042924.SRX020540.SRR047291","UBERON:anterior nares","10"
"1927.SRS022954.SRX020675.SRR047822","UBERON:skin of external ear","10"
"1927.SRS021942.SRX020678.SRR048015","UBERON:skin of elbow","10"
"1927.SRS022960.SRX020683.SRR048328","UBERON:anterior nares","10"
"1927.SRS023458.SRX020683.SRR048345","UBERON:anterior nares","10"
"1927.SRS013784.SRX020683.SRR048360","UBERON:throat","2"
"1927.SRS019233.SRX020525.SRR049224","UBERON:skin of external ear","10"
"1927.SRS064399.SRX022225.SRR058088","UBERON:skin of external ear","3"
"1927.SRS042248.SRX022225.SRR058088","UBERON:skin of external ear","10"
"1927.SRS064897.SRX022228.SRR058091","UBERON:skin of elbow","3"
"1927.SRS011523.SRX020663.SRR045178","UBERON:vaginal introitus","12"
"1927.SRS011527.SRX020667.SRR045252","UBERON:posterior fornix of vagina","12"
"1927.SRS064620.SRX022228.SRR058091","UBERON:skin of external ear","10"
"1927.SRS042365.SRX022224.SRR058087","UBERON:feces","4"
"1927.SRS065508.SRX020532.SRR047035","UBERON:palatine tonsil","9"
"1927.SRS064038.SRX020532.SRR046904","UBERON:mouth","2"
"1927.SRS049168.SRX020540.SRR047289","UBERON:tooth","5"
"1927.SRS065592.SRX020569.SRR049472","UBERON:posterior fornix of vagina","12"
"1927.SRS020494.SRX022097.SRR057663","UBERON:tooth","5"
"1927.SRS045158.SRX022224.SRR058087","UBERON:mouth","9"
"1927.SRS050871.SRX022224.SRR058087","UBERON:mouth","9"
"1927.SRS043437.SRX022224.SRR058087","UBERON:palatine tonsil","2"
"1927.SRS065219.SRX022232.SRR058094","UBERON:throat","9"
"1927.SRS049057.SRX022156.SRR058115","UBERON:mouth","5"
"1927.SRS046309.SRX020575.SRR046010","UBERON:skin of external ear","10"
"1927.SRS023887.SRX020677.SRR047936","UBERON:anterior nares","10"
"1927.SRS020147.SRX020683.SRR048334","UBERON:skin of external ear","10"
"1927.SRS020498.SRX022097.SRR057663","UBERON:skin of external ear","3"
"1927.SRS062601.SRX020532.SRR046968","UBERON:gingiva","7"
"1927.SRS021918.SRX020675.SRR047788","UBERON:mouth","2"
"1927.SRS044811.SRX022224.SRR058087","UBERON:hard palate","9"
"1927.SRS050772.SRX022224.SRR058087","UBERON:tooth","5"
"1927.SRS011577.SRX020571.SRR045465","UBERON:skin of elbow","3"
"1927.SRS019767.SRX020577.SRR044052","UBERON:throat","9"
"1927.SRS064811.SRX020532.SRR046991","UBERON:palatine tonsil","9"
"1927.SRS011601.SRX020659.SRR045037","UBERON:tooth","5"
"1927.SRS049203.SRX020677.SRR047973","UBERON:tooth","5"
"1927.SRS051356.SRX020670.SRR046252","UBERON:tooth","5"
"1927.SRS065656.SRX020670.SRR046356","UBERON:tongue","9"
"1927.SRS064467.SRX020532.SRR046903","UBERON:anterior nares","10"
"1927.SRS016233.SRX020516.SRR047424","UBERON:palatine tonsil","9"
"1927.SRS013569.SRX020677.SRR047985","UBERON:tooth","5"
"1927.SRS051203.SRX022224.SRR058087","UBERON:tooth","5"
"1927.SRS049893.SRX022241.SRR058097","UBERON:palatine tonsil","11"
"1927.SRS014803.SRX020546.SRR043658","UBERON:mouth","2"
"1927.SRS014281.SRX020511.SRR045648","UBERON:throat","2"
"1927.SRS016221.SRX020516.SRR044366","UBERON:mouth","9"
"1927.SRS014811.SRX020555.SRR045680","UBERON:buccal mucosa","7"
"1927.SRS014764.SRX020554.SRR043808","UBERON:tooth","5"
"1927.SRS014140.SRX020554.SRR043812","UBERON:hard palate","9"
"1927.SRS019552.SRX020574.SRR043864","UBERON:skin of external ear","10"
"1927.SRS015665.SRX020539.SRR044165","UBERON:mouth","9"
"1927.SRS015919.SRX020510.SRR044604","UBERON:hard palate","6"
"1927.SRS018991.SRX020520.SRR044632","UBERON:gingiva","6"
"1927.SRS018987.SRX020520.SRR044639","UBERON:hard palate","9"
"1927.SRS015921.SRX020520.SRR044641","UBERON:buccal mucosa","7"
"1927.SRS019079.SRX020564.SRR044725","UBERON:skin of external ear","10"
"1927.SRS011565.SRX020661.SRR044824","UBERON:palatine tonsil","7"
"1927.SRS011657.SRX020659.SRR045038","UBERON:tongue","9"
"1927.SRS011640.SRX020537.SRR045383","UBERON:skin of external ear","10"
"1927.SRS014663.SRX020543.SRR045554","UBERON:throat","2"
"1927.SRS014446.SRX020543.SRR045567","UBERON:central vagina","3"
"1927.SRS050362.SRX020543.SRR045569","UBERON:tongue","9"
"1927.SRS054405.SRX020511.SRR045659","UBERON:palatine tonsil","2"
"1927.SRS019576.SRX020511.SRR045660","UBERON:throat","2"
"1927.SRS014803.SRX020555.SRR045684","UBERON:mouth","2"
"1927.SRS014809.SRX020555.SRR045685","UBERON:hard palate","2"
"1927.SRS016211.SRX020547.SRR045769","UBERON:skin of elbow","8"
"1927.SRS019405.SRX020575.SRR045832","UBERON:skin of elbow","8"
"1927.SRS054576.SRX020531.SRR046042","UBERON:mouth","9"
"1927.SRS016211.SRX020557.SRR046084","UBERON:skin of elbow","8"
"1927.SRS058381.SRX020549.SRR046484","UBERON:skin of external ear","10"
"1927.SRS064876.SRX020569.SRR046603","UBERON:hard palate","2"
"1927.SRS065311.SRX020519.SRR046865","UBERON:anterior nares","3"
"1927.SRS053775.SRX020568.SRR046947","UBERON:tongue","9"
"1927.SRS049648.SRX020568.SRR046948","UBERON:tooth","5"
"1927.SRS063516.SRX020532.SRR047046","UBERON:tongue","2"
"1927.SRS042558.SRX020580.SRR047129","UBERON:anterior nares","10"
"1927.SRS058537.SRX020540.SRR047260","UBERON:palatine tonsil","2"
"1927.SRS011492.SRX020667.SRR047500","UBERON:throat","2"
"1927.SRS049760.SRX020547.SRR047565","UBERON:skin of external ear","10"
"1927.SRS018653.SRX020572.SRR047596","UBERON:anterior nares","3"
"1927.SRS023865.SRX020676.SRR047927","UBERON:hard palate","9"
"1927.SRS062540.SRX020569.SRR049457","UBERON:tongue","2"
"1927.SRS015629.SRX020539.SRR049856","UBERON:palatine tonsil","9"
"1927.SRS020661.SRX022097.SRR057663","UBERON:palatine tonsil","9"
"1927.SRS014357.SRX020574.SRR043845","UBERON:skin of external ear","10"
"1927.SRS014877.SRX020574.SRR043847","UBERON:skin of external ear","8"
"1927.SRS014974.SRX020574.SRR043902","UBERON:skin of elbow","8"
"1927.SRS015862.SRX020536.SRR047628","UBERON:skin of elbow","8"
"1927.SRS014667.SRX020574.SRR043874","UBERON:skin of external ear","10"
"1927.SRS015958.SRX020577.SRR044065","UBERON:anterior nares","10"
"1927.SRS015607.SRX020525.SRR044514","UBERON:skin of elbow","8"
"1927.SRS015956.SRX020525.SRR044516","UBERON:skin of elbow","8"
"1927.SRS016261.SRX020525.SRR044558","UBERON:skin of elbow","8"
"1927.SRS015901.SRX020510.SRR044599","UBERON:skin of external ear","10"
"1927.SRS015927.SRX020510.SRR044610","UBERON:throat","9"
"1927.SRS015901.SRX020520.SRR044629","UBERON:skin of external ear","10"
"1927.SRS046977.SRX020575.SRR045819","UBERON:skin of external ear","10"
"1927.SRS052132.SRX020540.SRR047277","UBERON:anterior nares","10"
"1927.SRS056724.SRX020567.SRR046683","UBERON:skin of elbow","10"
"1927.SRS014750.SRX020554.SRR043725","UBERON:tongue","2"
"1927.SRS014807.SRX020546.SRR043677","UBERON:tongue","2"
"1927.SRS015307.SRX020554.SRR043719","UBERON:throat","2"
"1927.SRS015305.SRX020554.SRR043730","UBERON:palatine tonsil","2"
"1927.SRS015297.SRX020554.SRR043840","UBERON:tongue","2"
"1927.SRS055828.SRX020540.SRR047269","UBERON:palatine tonsil","2"
"1927.SRS011427.SRX020663.SRR045175","UBERON:palatine tonsil","2"
"1927.SRS043574.SRX020563.SRR046391","UBERON:tongue","2"
"1927.SRS015976.SRX020577.SRR049839","UBERON:throat","2"
"1927.SRS046522.SRX020578.SRR047301","UBERON:throat","2"
"1927.SRS011419.SRX020661.SRR044784","UBERON:tongue","2"
"1927.SRS011427.SRX020667.SRR045254","UBERON:palatine tonsil","2"
"1927.SRS011673.SRX020663.SRR045192","UBERON:skin of external ear","10"
"1927.SRS014817.SRX020555.SRR045734","UBERON:throat","2"
"1927.SRS043821.SRX020542.SRR046368","UBERON:mouth","2"
"1927.SRS049453.SRX020568.SRR046859","UBERON:throat","2"
"1927.SRS048716.SRX020578.SRR047240","UBERON:mouth","9"
"1927.SRS054520.SRX020542.SRR047681","UBERON:tongue","2"
"1927.SRS062800.SRX020569.SRR049440","UBERON:tongue","2"
"1927.SRS045165.SRX020580.SRR049592","UBERON:tooth","5"
"1927.SRS050023.SRX022224.SRR058087","UBERON:tongue","2"
"1927.SRS015526.SRX020539.SRR044187","UBERON:throat","9"
"1927.SRS043683.SRX022156.SRR058115","UBERON:palatine tonsil","2"
"1927.SRS049760.SRX020574.SRR043866","UBERON:skin of external ear","10"
"1927.SRS042788.SRX020563.SRR046388","UBERON:anterior nares","3"
"1927.SRS015133.SRX020555.SRR045722","UBERON:feces","4"
"1927.SRS016125.SRX020516.SRR044318","UBERON:palatine tonsil","9"
"1927.SRS019263.SRX020516.SRR044369","UBERON:mouth","9"
"1927.SRS016127.SRX020516.SRR044367","UBERON:throat","9"
"1927.SRS019011.SRX020510.SRR044594","UBERON:mouth","9"
"1927.SRS015403.SRX020555.SRR045691","UBERON:palatine tonsil","2"
"1927.SRS018964.SRX020575.SRR045825","UBERON:skin of elbow","10"
"1927.SRS019345.SRX020572.SRR045954","UBERON:mouth","9"
"1927.SRS062994.SRX020532.SRR046917","UBERON:tooth","5"
"1927.SRS063990.SRX020532.SRR047043","UBERON:anterior nares","3"
"1927.SRS019558.SRX020543.SRR047549","UBERON:skin of elbow","10"
"1927.SRS048383.SRX020563.SRR049377","UBERON:tooth","5"
"1927.SRS044175.SRX022224.SRR058087","UBERON:tooth","5"
"1927.SRS048103.SRX022224.SRR058087","UBERON:tooth","5"
"1927.SRS063888.SRX022232.SRR058094","UBERON:hard palate","9"
"1927.SRS054709.SRX022156.SRR058115","UBERON:tooth","5"
"1927.SRS064672.SRX022156.SRR058115","UBERON:tooth","5"
"1927.SRS024539.SRX020677.SRR047949","UBERON:skin of external ear","10"
"1927.SRS015931.SRX020510.SRR044583","UBERON:tooth","5"
"1927.SRS018639.SRX020572.SRR045994","UBERON:throat","2"
"1927.SRS063820.SRX020532.SRR047038","UBERON:palatine tonsil","9"
"1927.SRS063956.SRX022228.SRR058091","UBERON:skin of external ear","10"
"1927.SRS047723.SRX022244.SRR058107","UBERON:skin of external ear","10"
"1927.SRS056542.SRX022244.SRR058107","UBERON:skin of external ear","10"
"1927.SRS044145.SRX020578.SRR047251","UBERON:gingiva","6"
"1927.SRS056620.SRX020523.SRR046408","UBERON:feces","4"
"1927.SRS011549.SRX020663.SRR045211","UBERON:skin of external ear","10"
"1927.SRS011549.SRX020667.SRR047507","UBERON:skin of external ear","10"
"1927.SRS022958.SRX020678.SRR048018","UBERON:skin of elbow","3"
"1927.SRS053562.SRX022244.SRR058107","UBERON:skin of elbow","4"
"1927.SRS014138.SRX020554.SRR043706","UBERON:tongue","2"
"1927.SRS045858.SRX020670.SRR046235","UBERON:tongue","2"
"1927.SRS016327.SRX020516.SRR044372","UBERON:palatine tonsil","2"
"1927.SRS064128.SRX020532.SRR046925","UBERON:throat","9"
"1927.SRS046542.SRX020568.SRR049544","UBERON:palatine tonsil","2"
"1927.SRS058741.SRX020540.SRR049625","UBERON:palatine tonsil","2"
"1927.SRS015762.SRX020539.SRR044131","UBERON:tongue","2"
"1927.SRS014138.SRX020529.SRR046635","UBERON:tongue","9"
"1927.SRS019902.SRX020516.SRR047430","UBERON:palatine tonsil","2"
"1927.SRS014861.SRX020554.SRR043814","UBERON:tongue","2"
"1927.SRS042427.SRX020531.SRR046035","UBERON:tongue","2"
"1927.SRS044314.SRX020568.SRR047018","UBERON:tongue","2"
"1927.SRS065240.SRX020532.SRR047029","UBERON:throat","2"
"1927.SRS022936.SRX020675.SRR047819","UBERON:tongue","2"
"1927.SRS014359.SRX020536.SRR046110","UBERON:skin of elbow","8"
"1927.SRS019757.SRX020577.SRR044074","UBERON:tongue","9"
"1927.SRS019111.SRX020545.SRR044756","UBERON:tongue","9"
"1927.SRS015454.SRX020545.SRR044746","UBERON:mouth","9"
"1927.SRS019894.SRX020516.SRR044311","UBERON:tongue","2"
"1927.SRS016319.SRX020516.SRR044356","UBERON:tongue","2"
"1927.SRS015454.SRX020564.SRR044721","UBERON:mouth","9"
"1927.SRS019111.SRX020564.SRR044730","UBERON:tongue","9"
"1927.SRS054954.SRX020580.SRR047150","UBERON:throat","2"
"1927.SRS048659.SRX022224.SRR058087","UBERON:tongue","9"
"1927.SRS050206.SRX022156.SRR058115","UBERON:tongue","2"
"1927.SRS062943.SRX022232.SRR058094","UBERON:tongue","9"
"1927.SRS056153.SRX022156.SRR058115","UBERON:hard palate","7"
"1927.SRS047627.SRX022156.SRR058115","UBERON:tongue","9"
"1927.SRS049174.SRX022156.SRR058115","UBERON:tongue","2"
"1927.SRS057288.SRX020549.SRR046477","UBERON:skin of external ear","10"
"1927.SRS057422.SRX020677.SRR048001","UBERON:anterior nares","3"
"1927.SRS057065.SRX020577.SRR044083","UBERON:central vagina","14"
"1927.SRS011521.SRX020663.SRR045146","UBERON:anterior nares","3"
"1927.SRS020212.SRX020676.SRR047869","UBERON:anterior nares","10"
"1927.SRS016058.SRX020557.SRR049353","UBERON:mouth","9"
"1927.SRS011523.SRX020667.SRR045257","UBERON:vaginal introitus","12"
"1927.SRS015444.SRX020564.SRR049226","UBERON:skin of external ear","10"
"1927.SRS055886.SRX022224.SRR058087","UBERON:hard palate","4"
"1927.SRS050374.SRX022156.SRR058115","UBERON:feces","3"
"1927.SRS011525.SRX020667.SRR045222","UBERON:central vagina","12"
"1927.SRS011673.SRX020667.SRR045266","UBERON:skin of external ear","10"
"1927.SRS062532.SRX020512.SRR046956","UBERON:skin of elbow","8"
"1927.SRS015303.SRX020554.SRR043821","UBERON:gingiva","7"
"1927.SRS018950.SRX020572.SRR047590","UBERON:palatine tonsil","9"
"1927.SRS014609.SRX020546.SRR043666","UBERON:mouth","9"
"1927.SRS014593.SRX020546.SRR043691","UBERON:tongue","9"
"1927.SRS015031.SRX020577.SRR044026","UBERON:throat","2"
"1927.SRS016060.SRX020539.SRR044200","UBERON:tongue","9"
"1927.SRS018739.SRX020516.SRR044332","UBERON:tongue","2"
"1927.SRS015913.SRX020510.SRR044600","UBERON:mouth","9"
"1927.SRS015917.SRX020520.SRR044637","UBERON:tongue","9"
"1927.SRS015821.SRX020562.SRR044709","UBERON:tongue","9"
"1927.SRS011456.SRX020661.SRR044806","UBERON:tongue","2"
"1927.SRS011589.SRX020661.SRR044821","UBERON:tongue","9"
"1927.SRS011409.SRX020659.SRR045044","UBERON:tongue","2"
"1927.SRS011589.SRX020659.SRR045045","UBERON:tongue","9"
"1927.SRS011565.SRX020659.SRR045048","UBERON:palatine tonsil","7"
"1927.SRS048284.SRX020511.SRR045621","UBERON:hard palate","2"
"1927.SRS014663.SRX020511.SRR045630","UBERON:throat","2"
"1927.SRS014560.SRX020555.SRR045729","UBERON:tongue","9"
"1927.SRS018629.SRX020572.SRR045968","UBERON:tongue","2"
"1927.SRS018942.SRX020572.SRR045995","UBERON:tongue","9"
"1927.SRS052368.SRX020572.SRR045996","UBERON:throat","2"
"1927.SRS045314.SRX020531.SRR046031","UBERON:mouth","2"
"1927.SRS045258.SRX020531.SRR046052","UBERON:tongue","2"
"1927.SRS047034.SRX020670.SRR046254","UBERON:tongue","2"
"1927.SRS048709.SRX020670.SRR046337","UBERON:tongue","9"
"1927.SRS056170.SRX020550.SRR046435","UBERON:palatine tonsil","9"
"1927.SRS044879.SRX020550.SRR046440","UBERON:tongue","2"
"1927.SRS044078.SRX020550.SRR046444","UBERON:throat","9"
"1927.SRS063942.SRX020512.SRR046958","UBERON:skin of elbow","10"
"1927.SRS063850.SRX020532.SRR046974","UBERON:tongue","2"
"1927.SRS050936.SRX020568.SRR047019","UBERON:tongue","2"
"1927.SRS064781.SRX020512.SRR047061","UBERON:skin of external ear","10"
"1927.SRS063768.SRX020512.SRR047075","UBERON:anterior nares","10"
"1927.SRS053222.SRX020578.SRR047234","UBERON:palatine tonsil","9"
"1927.SRS044593.SRX020578.SRR047237","UBERON:tongue","9"
"1927.SRS045931.SRX020578.SRR047250","UBERON:tongue","9"
"1927.SRS042722.SRX020578.SRR047255","UBERON:hard palate","7"
"1927.SRS046027.SRX020540.SRR047271","UBERON:tongue","2"
"1927.SRS016113.SRX020516.SRR047428","UBERON:mouth","2"
"1927.SRS018676.SRX020572.SRR047594","UBERON:mouth","2"
"1927.SRS063808.SRX020670.SRR047657","UBERON:palatine tonsil","9"
"1927.SRS048396.SRX020550.SRR047711","UBERON:tongue","9"
"1927.SRS024523.SRX020677.SRR047941","UBERON:tongue","2"
"1927.SRS048045.SRX020677.SRR047965","UBERON:tongue","2"
"1927.SRS054770.SRX020563.SRR049379","UBERON:throat","2"
"1927.SRS050224.SRX020549.SRR049388","UBERON:skin of external ear","10"
"1927.SRS054440.SRX020568.SRR049535","UBERON:tongue","9"
"1927.SRS015621.SRX020539.SRR049855","UBERON:tongue","9"
"1927.SRS064960.SRX020549.SRR046482","UBERON:skin of elbow","3"
"1927.SRS014560.SRX020546.SRR043694","UBERON:tongue","9"
"1927.SRS015184.SRX020554.SRR043732","UBERON:throat","9"
"1927.SRS016279.SRX020577.SRR043973","UBERON:throat","2"
"1927.SRS015354.SRX020577.SRR044043","UBERON:tongue","9"
"1927.SRS018747.SRX020516.SRR044303","UBERON:palatine tonsil","2"
"1927.SRS019011.SRX020520.SRR044624","UBERON:mouth","9"
"1927.SRS015927.SRX020520.SRR044640","UBERON:throat","9"
"1927.SRS014426.SRX020543.SRR045587","UBERON:tongue","9"
"1927.SRS014593.SRX020555.SRR045727","UBERON:tongue","9"
"1927.SRS016058.SRX020547.SRR045764","UBERON:mouth","9"
"1927.SRS044041.SRX020531.SRR046039","UBERON:throat","2"
"1927.SRS046144.SRX020536.SRR046109","UBERON:mouth","9"
"1927.SRS053285.SRX020670.SRR046366","UBERON:central vagina","14"
"1927.SRS052430.SRX020550.SRR046446","UBERON:throat","2"
"1927.SRS064483.SRX020569.SRR046609","UBERON:hard palate","2"
"1927.SRS065164.SRX020569.SRR046611","UBERON:tongue","9"
"1927.SRS042288.SRX020568.SRR046871","UBERON:throat","2"
"1927.SRS055003.SRX020568.SRR046880","UBERON:mouth","2"
"1927.SRS064711.SRX020548.SRR047339","UBERON:throat","2"
"1927.SRS063053.SRX020548.SRR047341","UBERON:anterior nares","10"
"1927.SRS016225.SRX020516.SRR047423","UBERON:tongue","9"
"1927.SRS023859.SRX020677.SRR047931","UBERON:mouth","9"
"1927.SRS057938.SRX020549.SRR049389","UBERON:skin of external ear","10"
"1927.SRS015866.SRX020557.SRR046103","UBERON:mouth","8"
"1927.SRS045536.SRX020567.SRR046727","UBERON:skin of external ear","10"
"1927.SRS018987.SRX020510.SRR044609","UBERON:hard palate","9"
"1927.SRS065544.SRX020569.SRR046545","UBERON:tongue","2"
"1927.SRS064171.SRX020512.SRR046887","UBERON:skin of elbow","8"
"1927.SRS015125.SRX020555.SRR045735","UBERON:palatine tonsil","2"
"1927.SRS015919.SRX020520.SRR044634","UBERON:hard palate","6"
"1927.SRS015395.SRX020555.SRR045675","UBERON:tongue","2"
"1927.SRS015405.SRX020555.SRR047561","UBERON:throat","2"
"1927.SRS011606.SRX020667.SRR045219","UBERON:skin of external ear","10"
"1927.SRS019518.SRX020572.SRR045809","UBERON:tongue","9"
"1927.SRS055141.SRX020531.SRR046036","UBERON:mouth","2"
"1927.SRS064261.SRX020532.SRR046923","UBERON:tongue","9"
"1927.SRS014436.SRX020543.SRR045604","UBERON:throat","9"
"1927.SRS014297.SRX020511.SRR045637","UBERON:anterior nares","10"
"1927.SRS021922.SRX020675.SRR047792","UBERON:tongue","2"
"1927.SRS018985.SRX020520.SRR044619","UBERON:tongue","9"
"1927.SRS014355.SRX020574.SRR043870","UBERON:skin of external ear","10"
"1927.SRS045400.SRX020567.SRR049461","UBERON:skin of external ear","10"
"1927.SRS047859.SRX020531.SRR046045","UBERON:gingiva","6"
"1927.SRS015805.SRX020562.SRR044710","UBERON:skin of external ear","10"
"1927.SRS023873.SRX020677.SRR047934","UBERON:throat","2"
"1927.SRS014807.SRX020555.SRR045713","UBERON:tongue","2"
"1927.SRS019888.SRX020516.SRR044353","UBERON:anterior nares","3"
"1927.SRS018985.SRX020510.SRR044589","UBERON:tongue","9"
"1927.SRS014128.SRX020555.SRR045692","UBERON:tongue","9"
"1927.SRS018910.SRX020575.SRR046021","UBERON:skin of external ear","10"
"1927.SRS062414.SRX020569.SRR046617","UBERON:gingiva","2"
"1927.SRS058170.SRX020580.SRR047131","UBERON:mouth","9"
"1927.SRS021553.SRX020675.SRR047806","UBERON:tongue","9"
"1927.SRS042643.SRX020531.SRR046038","UBERON:tongue","2"
"1927.SRS042974.SRX020567.SRR049480","UBERON:skin of external ear","10"
"1927.SRS064413.SRX020579.SRR046976","UBERON:throat","9"
"1927.SRS014815.SRX020555.SRR045728","UBERON:palatine tonsil","2"
"1927.SRS014568.SRX020555.SRR047558","UBERON:palatine tonsil","2"
"1927.SRS018649.SRX020575.SRR047601","UBERON:skin of elbow","8"
"1927.SRS015866.SRX020547.SRR045789","UBERON:mouth","8"
"1927.SRS047607.SRX020568.SRR049546","UBERON:tongue","2"
"1927.SRS016285.SRX020577.SRR044024","UBERON:mouth","9"
"1927.SRS023881.SRX020677.SRR047939","UBERON:skin of external ear","10"
"1927.SRS019095.SRX020545.SRR044738","UBERON:tongue","9"
"1927.SRS011553.SRX020663.SRR045214","UBERON:skin of elbow","4"
"1927.SRS050378.SRX020568.SRR047021","UBERON:anterior nares","10"
"1927.SRS014450.SRX020511.SRR045723","UBERON:skin of external ear","9"
"1927.SRS015917.SRX020510.SRR044607","UBERON:tongue","9"
"1927.SRS043728.SRX020527.SRR047173","UBERON:skin of elbow","3"
"1927.SRS015909.SRX020510.SRR044601","UBERON:anterior nares","10"
"1927.SRS063998.SRX020549.SRR049390","UBERON:skin of external ear","10"
"1927.SRS058776.SRX020554.SRR043712","UBERON:hard palate","7"
"1927.SRS057689.SRX020514.SRR046804","UBERON:tooth","2"
"1927.SRS064920.SRX020569.SRR046663","UBERON:palatine tonsil","2"
"1927.SRS011634.SRX020661.SRR049230","UBERON:throat","9"
"1927.SRS023059.SRX020676.SRR047835","UBERON:tongue","2"
"1927.SRS014907.SRX020555.SRR049331","UBERON:tongue","9"
"1927.SRS019091.SRX020545.SRR044744","UBERON:mouth","9"
"1927.SRS019091.SRX020564.SRR044716","UBERON:mouth","9"
"1927.SRS063285.SRX020569.SRR046656","UBERON:central vagina","14"
"1927.SRS019560.SRX020543.SRR045595","UBERON:anterior nares","10"
"1927.SRS062608.SRX020549.SRR046471","UBERON:skin of external ear","10"
"1927.SRS014780.SRX020554.SRR043708","UBERON:central vagina","12"
"1927.SRS014434.SRX020543.SRR045607","UBERON:palatine tonsil","11"
"1927.SRS018890.SRX020572.SRR045807","UBERON:mouth","9"
"1927.SRS022492.SRX020676.SRR047898","UBERON:tongue","2"
"1927.SRS013784.SRX020676.SRR047879","UBERON:throat","2"
"1927.SRS050737.SRX020554.SRR043811","UBERON:palatine tonsil","9"
"1927.SRS063831.SRX020569.SRR046535","UBERON:throat","2"
"1927.SRS051551.SRX020554.SRR043832","UBERON:tongue","9"
"1927.SRS044605.SRX020574.SRR043860","UBERON:skin of external ear","3"
"1927.SRS062544.SRX020569.SRR049417","UBERON:tongue","2"
"1927.SRS014317.SRX020555.SRR047560","UBERON:palatine tonsil","9"
"1927.SRS052844.SRX020542.SRR046382","UBERON:mouth","2"
"1927.SRS016028.SRX020539.SRR044170","UBERON:anterior nares","10"
"1927.SRS011606.SRX020663.SRR047497","UBERON:skin of external ear","10"
"1927.SRS018763.SRX020516.SRR044308","UBERON:anterior nares","10"
"1927.SRS019773.SRX020525.SRR044539","UBERON:skin of external ear","1"
"1927.SRS015950.SRX020525.SRR044547","UBERON:skin of external ear","1"
"1927.SRS019880.SRX020525.SRR044521","UBERON:skin of external ear","1"
"1927.SRS016099.SRX020525.SRR047442","UBERON:skin of external ear","1"
"1927.SRS016305.SRX020525.SRR044526","UBERON:skin of external ear","1"
"1927.SRS015251.SRX020525.SRR044537","UBERON:skin of external ear","1"
"1927.SRS056430.SRX020525.SRR044546","UBERON:skin of external ear","1"
"1927.SRS046864.SRX020525.SRR044555","UBERON:skin of external ear","1"
"1927.SRS016046.SRX020525.SRR044567","UBERON:skin of external ear","1"
"1927.SRS016022.SRX020525.SRR044570","UBERON:skin of external ear","8"
"1927.SRS015907.SRX020510.SRR044588","UBERON:skin of elbow","10"
"1927.SRS015907.SRX020520.SRR044618","UBERON:skin of elbow","10"
"1927.SRS015903.SRX020520.SRR044622","UBERON:skin of external ear","10"
"1927.SRS051657.SRX020550.SRR047707","UBERON:tongue","9"
"1927.SRS011580.SRX020661.SRR044799","UBERON:vaginal introitus","15"
"1927.SRS011296.SRX020661.SRR044833","UBERON:anterior nares","10"
"1927.SRS011671.SRX020661.SRR044834","UBERON:tooth","5"
"1927.SRS011502.SRX020663.SRR045180","UBERON:anterior nares","10"
"1927.SRS065266.SRX020670.SRR049368","UBERON:central vagina","15"
"1927.SRS043640.SRX020677.SRR048003","UBERON:skin of external ear","10"
"1927.SRS015311.SRX020554.SRR047397","UBERON:tooth","5"
"1927.SRS011486.SRX020663.SRR045191","UBERON:buccal mucosa","2"
"1927.SRS043664.SRX020580.SRR047130","UBERON:anterior nares","10"
"1927.SRS016984.SRX020570.SRR045462","UBERON:skin of elbow","2"
"1927.SRS011500.SRX020571.SRR045491","UBERON:skin of elbow","2"
"1927.SRS014444.SRX020543.SRR045600","UBERON:vaginal introitus","3"
"1927.SRS019560.SRX020511.SRR045653","UBERON:anterior nares","10"
"1927.SRS015117.SRX020555.SRR045694","UBERON:tongue","2"
"1927.SRS014554.SRX020555.SRR045723","UBERON:tooth","5"
"1927.SRS019554.SRX020547.SRR045788","UBERON:skin of external ear","10"
"1927.SRS056730.SRX020575.SRR046008","UBERON:skin of elbow","10"
"1927.SRS019399.SRX020575.SRR046020","UBERON:skin of external ear","10"
"1927.SRS019830.SRX020575.SRR045834","UBERON:skin of external ear","10"
"1927.SRS048224.SRX020575.SRR046017","UBERON:skin of elbow","10"
"1927.SRS044834.SRX020575.SRR045833","UBERON:skin of external ear","10"
"1927.SRS019401.SRX020575.SRR045835","UBERON:skin of external ear","10"
"1927.SRS019558.SRX020557.SRR046069","UBERON:skin of elbow","10"
"1927.SRS062655.SRX020670.SRR046349","UBERON:palatine tonsil","9"
"1927.SRS053598.SRX020670.SRR046363","UBERON:posterior fornix of vagina","14"
"1927.SRS020823.SRX022097.SRR057663","UBERON:tongue","9"
"1927.SRS063873.SRX022232.SRR058094","UBERON:palatine tonsil","2"
"1927.SRS044226.SRX022232.SRR058094","UBERON:tongue","2"
"1927.SRS063885.SRX022232.SRR058094","UBERON:tongue","9"
"1927.SRS054358.SRX020549.SRR046476","UBERON:skin of external ear","10"
"1927.SRS063157.SRX020569.SRR046536","UBERON:palatine tonsil","9"
"1927.SRS015864.SRX020529.SRR046569","UBERON:anterior nares","10"
"1927.SRS064754.SRX020512.SRR047063","UBERON:skin of elbow","8"
"1927.SRS057461.SRX020580.SRR047140","UBERON:tongue","9"
"1927.SRS045212.SRX020580.SRR047143","UBERON:throat","9"
"1927.SRS055952.SRX020580.SRR047149","UBERON:hard palate","7"
"1927.SRS018912.SRX020575.SRR047604","UBERON:skin of external ear","10"
"1927.SRS058420.SRX020531.SRR047615","UBERON:anterior nares","10"
"1927.SRS022442.SRX020676.SRR047919","UBERON:skin of external ear","10"
"1927.SRS022450.SRX020676.SRR047917","UBERON:anterior nares","10"
"1927.SRS023077.SRX020676.SRR047840","UBERON:skin of external ear","10"
"1927.SRS020149.SRX020676.SRR047858","UBERON:skin of external ear","10"
"1927.SRS020188.SRX020676.SRR047868","UBERON:tongue","9"
"1927.SRS013798.SRX020676.SRR047886","UBERON:anterior nares","3"
"1927.SRS022444.SRX020676.SRR047921","UBERON:skin of external ear","10"
"1927.SRS023879.SRX020677.SRR047937","UBERON:skin of external ear","10"
"1927.SRS058482.SRX020677.SRR047977","UBERON:skin of external ear","10"
"1927.SRS046302.SRX020677.SRR047979","UBERON:skin of external ear","10"
"1927.SRS019558.SRX020547.SRR049333","UBERON:skin of elbow","10"
"1927.SRS044602.SRX020549.SRR049400","UBERON:skin of external ear","10"
"1927.SRS043928.SRX020549.SRR049402","UBERON:skin of external ear","10"
"1927.SRS063816.SRX020569.SRR049418","UBERON:vaginal introitus","14"
"1927.SRS044272.SRX020514.SRR049479","UBERON:tooth","2"
"1927.SRS063142.SRX022232.SRR058094","UBERON:throat","9"
"1927.SRS065492.SRX022232.SRR058094","UBERON:throat","9"
"1927.SRS056576.SRX022156.SRR058115","UBERON:tongue","9"
"1927.SRS020833.SRX022097.SRR057663","UBERON:throat","9"
"1927.SRS043112.SRX022224.SRR058087","UBERON:hard palate","9"
"1927.SRS048074.SRX022224.SRR058087","UBERON:palatine tonsil","9"
"1927.SRS064078.SRX022232.SRR058094","UBERON:tongue","9"
"1927.SRS064183.SRX022232.SRR058094","UBERON:tongue","9"
"1927.SRS064119.SRX022232.SRR058094","UBERON:tongue","9"
"1927.SRS051852.SRX022224.SRR058087","UBERON:palatine tonsil","9"
"1927.SRS048760.SRX022241.SRR058097","UBERON:tongue","9"
"1927.SRS047546.SRX022224.SRR058087","UBERON:throat","9"
"1927.SRS054762.SRX022224.SRR058087","UBERON:buccal mucosa","9"
"1927.SRS049659.SRX022225.SRR058088","UBERON:anterior nares","10"
"1927.SRS021121.SRX022097.SRR057663","UBERON:tongue","9"
"1927.SRS021077.SRX022097.SRR057663","UBERON:tongue","9"
"1927.SRS065701.SRX022228.SRR058091","UBERON:skin of external ear","10"
"1927.SRS052621.SRX022224.SRR058087","UBERON:tongue","9"
"1927.SRS020616.SRX022097.SRR057663","UBERON:skin of elbow","2"
"1927.SRS044266.SRX022224.SRR058087","UBERON:hard palate","9"
"1927.SRS056891.SRX022224.SRR058087","UBERON:tongue","9"
"1927.SRS065017.SRX022224.SRR058087","UBERON:tongue","9"
"1927.SRS064850.SRX022224.SRR058087","UBERON:palatine tonsil","9"
"1927.SRS047653.SRX022224.SRR058087","UBERON:gingiva","7"
"1927.SRS057009.SRX022224.SRR058087","UBERON:tongue","9"
"1927.SRS063815.SRX022225.SRR058088","UBERON:anterior nares","10"
"1927.SRS063361.SRX022225.SRR058088","UBERON:skin of external ear","3"
"1927.SRS063624.SRX022228.SRR058091","UBERON:anterior nares","10"
"1927.SRS065597.SRX022228.SRR058091","UBERON:skin of external ear","10"
"1927.SRS045378.SRX022244.SRR058107","UBERON:anterior nares","9"
"1927.SRS062667.SRX022232.SRR058094","UBERON:mouth","9"
"1927.SRS023701.SRX022232.SRR058094","UBERON:skin of external ear","10"
"1927.SRS063480.SRX022232.SRR058094","UBERON:gingiva","7"
"1927.SRS053208.SRX022241.SRR058097","UBERON:palatine tonsil","9"
"1927.SRS044264.SRX022241.SRR058097","UBERON:tongue","9"
"1927.SRS046845.SRX022241.SRR058097","UBERON:tongue","9"
"1927.SRS052010.SRX022241.SRR058097","UBERON:tongue","9"
"1927.SRS057221.SRX022244.SRR058107","UBERON:skin of elbow","14"
"1927.SRS044808.SRX022244.SRR058107","UBERON:anterior nares","3"
"1927.SRS056107.SRX022244.SRR058107","UBERON:skin of external ear","10"
"1927.SRS055231.SRX022244.SRR058107","UBERON:skin of external ear","10"
"1927.SRS047418.SRX022156.SRR058115","UBERON:palatine tonsil","9"
"1927.SRS045922.SRX022156.SRR058115","UBERON:tongue","9"
"1927.SRS062980.SRX022156.SRR058115","UBERON:tongue","9"
"1927.SRS049760.SRX020543.SRR045572","UBERON:skin of external ear","10"
"1927.SRS055631.SRX020542.SRR046381","UBERON:anterior nares","3"
"1927.SRS023073.SRX020675.SRR047832","UBERON:tooth","11"
"1927.SRS064882.SRX020670.SRR046260","UBERON:vaginal introitus","15"
"1927.SRS014627.SRX020555.SRR045689","UBERON:central vagina","15"
"1927.SRS019373.SRX020572.SRR046002","UBERON:anterior nares","10"
"1927.SRS063417.SRX020670.SRR046236","UBERON:posterior fornix of vagina","15"
"1927.SRS055113.SRX020540.SRR047292","UBERON:central vagina","12"
"1927.SRS021641.SRX020675.SRR047763","UBERON:central vagina","3"
"1927.SRS021643.SRX020675.SRR047764","UBERON:posterior fornix of vagina","3"
"1927.SRS021639.SRX020675.SRR047765","UBERON:vaginal introitus","3"
"1927.SRS015346.SRX020577.SRR044088","UBERON:central vagina","14"
"1927.SRS011613.SRX020661.SRR044822","UBERON:anterior nares","10"
"1927.SRS044265.SRX020578.SRR047254","UBERON:vaginal introitus","14"
"1927.SRS013581.SRX020677.SRR047991","UBERON:vaginal introitus","3"
"1927.SRS014625.SRX020555.SRR045705","UBERON:vaginal introitus","15"
"1927.SRS015613.SRX020539.SRR044127","UBERON:central vagina","12"
"1927.SRS050472.SRX020540.SRR047298","UBERON:vaginal introitus","14"
"1927.SRS013583.SRX020677.SRR047989","UBERON:central vagina","3"
"1927.SRS013585.SRX020677.SRR047990","UBERON:posterior fornix of vagina","3"
"1927.SRS043066.SRX020540.SRR047116","UBERON:vaginal introitus","12"
"1927.SRS055347.SRX020549.SRR049635","UBERON:skin of external ear","10"
"1927.SRS015615.SRX020539.SRR044135","UBERON:posterior fornix of vagina","12"
"1927.SRS018545.SRX020516.SRR044294","UBERON:central vagina","14"
"1927.SRS015778.SRX020525.SRR044532","UBERON:skin of elbow","8"
"1927.SRS018557.SRX020525.SRR044550","UBERON:skin of elbow","8"
"1927.SRS019001.SRX020510.SRR044606","UBERON:skin of external ear","10"
"1927.SRS011613.SRX020659.SRR045046","UBERON:anterior nares","10"
"1927.SRS043722.SRX020549.SRR046499","UBERON:skin of elbow","10"
"1927.SRS014444.SRX020511.SRR047550","UBERON:vaginal introitus","3"
"1927.SRS021147.SRX022097.SRR057663","UBERON:vaginal introitus","14"
"1927.SRS050959.SRX022156.SRR058115","UBERON:posterior fornix of vagina","3"
"1927.SRS056678.SRX022224.SRR058087","UBERON:central vagina","12"
"1927.SRS053713.SRX022225.SRR058088","UBERON:skin of elbow","3"
"1927.SRS058191.SRX022156.SRR058115","UBERON:central vagina","3"
"1927.SRS051280.SRX022225.SRR058088","UBERON:skin of external ear","10"
"1927.SRS011369.SRX020667.SRR045262","UBERON:throat","3"
"1927.SRS052228.SRX020568.SRR046934","UBERON:anterior nares","10"
"1927.SRS021938.SRX020675.SRR047794","UBERON:skin of external ear","10"
"1927.SRS018757.SRX020525.SRR044536","UBERON:skin of external ear","1"
"1927.SRS019884.SRX020525.SRR044581","UBERON:skin of elbow","8"
"1927.SRS018997.SRX020520.SRR044614","UBERON:tooth","5"
"1927.SRS015929.SRX020520.SRR044638","UBERON:tooth","5"
"1927.SRS011601.SRX020661.SRR044812","UBERON:tooth","5"
"1927.SRS011289.SRX020659.SRR045058","UBERON:tooth","5"
"1927.SRS042678.SRX020575.SRR045839","UBERON:skin of elbow","3"
"1927.SRS055787.SRX020575.SRR047612","UBERON:skin of external ear","10"
"1927.SRS020206.SRX020683.SRR048340","UBERON:skin of external ear","10"
"1927.SRS047320.SRX020567.SRR049453","UBERON:skin of external ear","10"
"1927.SRS021133.SRX022097.SRR057663","UBERON:tooth","5"
"1927.SRS020653.SRX022097.SRR057663","UBERON:tongue","9"
"1927.SRS063984.SRX022224.SRR058087","UBERON:tongue","9"
"1927.SRS063783.SRX022224.SRR058087","UBERON:mouth","9"
"1927.SRS063318.SRX022232.SRR058094","UBERON:tooth","5"
"1927.SRS062583.SRX022156.SRR058115","UBERON:tooth","5"
"1927.SRS015143.SRX020547.SRR045776","UBERON:anterior nares","3"
"1927.SRS015143.SRX020557.SRR046089","UBERON:anterior nares","3"
"1927.SRS019775.SRX020525.SRR044554","UBERON:skin of external ear","1"
"1927.SRS046325.SRX022228.SRR058091","UBERON:skin of elbow","3"
"1927.SRS054998.SRX020547.SRR045791","UBERON:mouth","8"
"1927.SRS014283.SRX020557.SRR046101","UBERON:mouth","9"
"1927.SRS054998.SRX020557.SRR046105","UBERON:mouth","8"
"1927.SRS014283.SRX020547.SRR047566","UBERON:mouth","9"
"1927.SRS015113.SRX020555.SRR049330","UBERON:mouth","9"
"1927.SRS042716.SRX020574.SRR049826","UBERON:skin of external ear","3"
"1927.SRS023454.SRX020683.SRR048346","UBERON:skin of elbow","3"
"1927.SRS056795.SRX020542.SRR046379","UBERON:mouth","9"
"1927.SRS048692.SRX020670.SRR046361","UBERON:mouth","9"
"1927.SRS046505.SRX020567.SRR046586","UBERON:skin of external ear","10"
"1927.SRS056515.SRX020567.SRR046767","UBERON:skin of external ear","10"
"1927.SRS011499.SRX020571.SRR045468","UBERON:skin of elbow","8"
"1927.SRS045920.SRX020568.SRR046849","UBERON:vaginal introitus","14"
"1927.SRS018647.SRX020575.SRR045843","UBERON:skin of external ear","10"
"1927.SRS011525.SRX020663.SRR045143","UBERON:central vagina","12"
"1927.SRS011180.SRX020537.SRR045391","UBERON:skin of elbow","11"
"1927.SRS011180.SRX020570.SRR045459","UBERON:skin of elbow","11"
"1927.SRS023448.SRX020676.SRR047880","UBERON:tooth","5"
"1927.SRS014605.SRX020555.SRR045730","UBERON:tooth","5"
"1927.SRS048240.SRX022224.SRR058087","UBERON:tooth","5"
"1927.SRS049760.SRX020557.SRR046100","UBERON:skin of external ear","10"
"1927.SRS014446.SRX020511.SRR045634","UBERON:central vagina","3"
"1927.SRS062510.SRX022225.SRR058088","UBERON:anterior nares","3"
"1927.SRS019001.SRX020520.SRR044636","UBERON:skin of external ear","10"
"1927.SRS023083.SRX020676.SRR047836","UBERON:anterior nares","10"
"1927.SRS015137.SRX020574.SRR043871","UBERON:skin of external ear","10"
"1927.SRS014617.SRX020574.SRR043855","UBERON:skin of external ear","10"
"1927.SRS015609.SRX020539.SRR044149","UBERON:anterior nares","10"
"1927.SRS016313.SRX020516.SRR044357","UBERON:anterior nares","10"
"1927.SRS015603.SRX020525.SRR044545","UBERON:skin of external ear","1"
"1927.SRS015334.SRX020525.SRR044524","UBERON:skin of external ear","1"
"1927.SRS015601.SRX020525.SRR044527","UBERON:skin of external ear","1"
"1927.SRS016311.SRX020525.SRR044528","UBERON:skin of elbow","8"
"1927.SRS016020.SRX020525.SRR044534","UBERON:skin of external ear","1"
"1927.SRS016257.SRX020525.SRR047445","UBERON:skin of external ear","1"
"1927.SRS015336.SRX020525.SRR044572","UBERON:skin of external ear","1"
"1927.SRS016048.SRX020525.SRR044575","UBERON:skin of external ear","1"
"1927.SRS015952.SRX020525.SRR044569","UBERON:skin of external ear","1"
"1927.SRS016259.SRX020525.SRR044577","UBERON:skin of external ear","1"
"1927.SRS019081.SRX020564.SRR044719","UBERON:skin of external ear","10"
"1927.SRS019087.SRX020545.SRR044734","UBERON:anterior nares","10"
"1927.SRS019079.SRX020545.SRR044751","UBERON:skin of external ear","10"
"1927.SRS015448.SRX020545.SRR044752","UBERON:skin of elbow","10"
"1927.SRS011575.SRX020661.SRR044767","UBERON:skin of external ear","10"
"1927.SRS011575.SRX020659.SRR044993","UBERON:skin of external ear","10"
"1927.SRS011608.SRX020663.SRR045148","UBERON:skin of external ear","10"
"1927.SRS011608.SRX020667.SRR045227","UBERON:skin of external ear","10"
"1927.SRS011377.SRX020537.SRR045381","UBERON:skin of external ear","10"
"1927.SRS011578.SRX020662.SRR045401","UBERON:anterior nares","8"
"1927.SRS011377.SRX020570.SRR045453","UBERON:skin of external ear","10"
"1927.SRS011441.SRX020571.SRR045475","UBERON:skin of external ear","10"
"1927.SRS045406.SRX020543.SRR045559","UBERON:skin of external ear","10"
"1927.SRS051449.SRX020575.SRR046011","UBERON:skin of external ear","10"
"1927.SRS043234.SRX020575.SRR045836","UBERON:skin of external ear","10"
"1927.SRS018916.SRX020575.SRR046009","UBERON:skin of elbow","10"
"1927.SRS042989.SRX020575.SRR046012","UBERON:skin of external ear","10"
"1927.SRS019500.SRX020575.SRR046013","UBERON:skin of external ear","10"
"1927.SRS014770.SRX020536.SRR046120","UBERON:skin of external ear","8"
"1927.SRS054800.SRX020563.SRR046399","UBERON:anterior nares","10"
"1927.SRS054431.SRX020549.SRR046481","UBERON:skin of external ear","10"
"1927.SRS055988.SRX020549.SRR046487","UBERON:skin of external ear","10"
"1927.SRS047177.SRX020549.SRR046489","UBERON:skin of external ear","10"
"1927.SRS051242.SRX020549.SRR046495","UBERON:skin of external ear","10"
"1927.SRS050616.SRX020567.SRR046579","UBERON:skin of external ear","10"
"1927.SRS056240.SRX020567.SRR046718","UBERON:skin of external ear","10"
"1927.SRS049002.SRX020567.SRR046645","UBERON:skin of external ear","10"
"1927.SRS051170.SRX020567.SRR046671","UBERON:skin of external ear","10"
"1927.SRS043455.SRX020567.SRR046674","UBERON:skin of external ear","10"
"1927.SRS057750.SRX020567.SRR046687","UBERON:skin of external ear","10"
"1927.SRS052566.SRX020567.SRR046693","UBERON:skin of external ear","10"
"1927.SRS063293.SRX020512.SRR046963","UBERON:skin of external ear","10"
"1927.SRS063429.SRX020532.SRR046970","UBERON:anterior nares","10"
"1927.SRS055669.SRX020580.SRR047188","UBERON:anterior nares","3"
"1927.SRS019081.SRX020545.SRR047459","UBERON:skin of external ear","10"
"1927.SRS018958.SRX020575.SRR047607","UBERON:skin of external ear","10"
"1927.SRS018960.SRX020575.SRR047609","UBERON:skin of external ear","10"
"1927.SRS042289.SRX020677.SRR047968","UBERON:skin of external ear","10"
"1927.SRS052195.SRX020677.SRR048002","UBERON:skin of external ear","10"
"1927.SRS049098.SRX020549.SRR049395","UBERON:skin of external ear","10"
"1927.SRS046963.SRX020549.SRR049398","UBERON:skin of external ear","10"
"1927.SRS055821.SRX020549.SRR049399","UBERON:skin of external ear","10"
"1927.SRS055924.SRX020567.SRR049497","UBERON:skin of external ear","10"
"1927.SRS057843.SRX020567.SRR049503","UBERON:skin of external ear","10"
"1927.SRS020620.SRX022097.SRR057663","UBERON:anterior nares","10"
"1927.SRS047486.SRX022225.SRR058088","UBERON:skin of external ear","10"
"1927.SRS065076.SRX022225.SRR058088","UBERON:anterior nares","10"
"1927.SRS050604.SRX022225.SRR058088","UBERON:skin of external ear","10"
"1927.SRS043291.SRX022225.SRR058088","UBERON:skin of external ear","10"
"1927.SRS058328.SRX022225.SRR058088","UBERON:skin of external ear","10"
"1927.SRS049647.SRX022225.SRR058088","UBERON:skin of external ear","10"
"1927.SRS042117.SRX022225.SRR058088","UBERON:skin of external ear","10"
"1927.SRS046142.SRX022225.SRR058088","UBERON:skin of external ear","10"
"1927.SRS052185.SRX022225.SRR058088","UBERON:anterior nares","10"
"1927.SRS046412.SRX022225.SRR058088","UBERON:skin of external ear","10"
"1927.SRS058051.SRX022225.SRR058088","UBERON:skin of external ear","10"
"1927.SRS062898.SRX022228.SRR058091","UBERON:anterior nares","3"
"1927.SRS064735.SRX022228.SRR058091","UBERON:skin of external ear","10"
"1927.SRS065718.SRX022228.SRR058091","UBERON:anterior nares","10"
"1927.SRS064586.SRX022228.SRR058091","UBERON:skin of external ear","10"
"1927.SRS023338.SRX022232.SRR058094","UBERON:anterior nares","10"
"1927.SRS051865.SRX022244.SRR058107","UBERON:anterior nares","3"
"1927.SRS049955.SRX022244.SRR058107","UBERON:anterior nares","10"
"1927.SRS052268.SRX022244.SRR058107","UBERON:skin of external ear","10"
"1927.SRS054232.SRX022244.SRR058107","UBERON:skin of external ear","10"
"1927.SRS057943.SRX022244.SRR058107","UBERON:skin of external ear","10"
"1927.SRS058818.SRX022244.SRR058107","UBERON:skin of external ear","10"
"1927.SRS047886.SRX022244.SRR058107","UBERON:anterior nares","10"
"1927.SRS046038.SRX022244.SRR058107","UBERON:skin of external ear","10"
"1927.SRS051535.SRX022244.SRR058107","UBERON:skin of external ear","10"
"1927.SRS054126.SRX022244.SRR058107","UBERON:skin of external ear","4"
"1927.SRS056770.SRX022244.SRR058107","UBERON:skin of external ear","10"
"1927.SRS014921.SRX020555.SRR045702","UBERON:tooth","5"
"1927.SRS014603.SRX020555.SRR045672","UBERON:tooth","5"
"1927.SRS063793.SRX020519.SRR047006","UBERON:posterior fornix of vagina","12"
"1927.SRS021577.SRX020675.SRR047807","UBERON:anterior nares","3"
"1927.SRS063383.SRX022224.SRR058087","UBERON:tooth","5"
"1927.SRS055028.SRX022244.SRR058107","UBERON:skin of external ear","10"
"1927.SRS056219.SRX022156.SRR058115","UBERON:tongue","9"
"1927.SRS044351.SRX022156.SRR058115","UBERON:tooth","5"
"1927.SRS058077.SRX020540.SRR047123","UBERON:central vagina","14"
"1927.SRS014546.SRX020546.SRR043679","UBERON:vaginal introitus","14"
"1927.SRS015348.SRX020577.SRR043971","UBERON:posterior fornix of vagina","14"
"1927.SRS064034.SRX020569.SRR046664","UBERON:central vagina","12"
"1927.SRS055956.SRX020577.SRR049841","UBERON:posterior fornix of vagina","14"
"1927.SRS015858.SRX020574.SRR049823","UBERON:skin of external ear","10"
"1927.SRS065022.SRX020512.SRR046884","UBERON:skin of external ear","8"
"1927.SRS014331.SRX020536.SRR046126","UBERON:skin of external ear","8"
"1927.SRS056523.SRX020580.SRR047146","UBERON:anterior nares","3"
"1927.SRS016097.SRX020525.SRR044543","UBERON:skin of external ear","1"
"1927.SRS019779.SRX020525.SRR044535","UBERON:skin of elbow","8"
"1927.SRS011444.SRX020571.SRR045484","UBERON:skin of elbow","8"
"1927.SRS052382.SRX020542.SRR046383","UBERON:throat","3"
"1927.SRS011645.SRX020661.SRR044840","UBERON:anterior nares","3"
"1927.SRS011645.SRX020659.SRR045063","UBERON:anterior nares","3"
"1927.SRS046741.SRX020575.SRR046025","UBERON:skin of elbow","10"
"1927.SRS053351.SRX020547.SRR045754","UBERON:anterior nares","8"
"1927.SRS053351.SRX020557.SRR046073","UBERON:anterior nares","8"
"1927.SRS023446.SRX020676.SRR047881","UBERON:tooth","5"
"1927.SRS014599.SRX020555.SRR045681","UBERON:gingiva","6"
"1927.SRS014819.SRX020555.SRR045690","UBERON:tooth","5"
"1927.SRS023456.SRX020683.SRR048348","UBERON:skin of elbow","3"
"1927.SRS044872.SRX020575.SRR049338","UBERON:skin of elbow","8"
"1927.SRS044192.SRX022156.SRR058115","UBERON:tooth","5"
"1927.SRS054932.SRX022225.SRR058088","UBERON:skin of elbow","10"
"1927.SRS015001.SRX020547.SRR047563","UBERON:skin of external ear","8"
"1927.SRS015001.SRX020557.SRR049355","UBERON:skin of external ear","8"
"1927.SRS011380.SRX020664.SRR045431","UBERON:anterior nares","10"
"1927.SRS020811.SRX022097.SRR057663","UBERON:feces","4"
"1927.SRS014241.SRX020536.SRR046122","UBERON:skin of elbow","8"
"1927.SRS057499.SRX020567.SRR046721","UBERON:skin of external ear","4"
"1927.SRS014572.SRX020555.SRR045726","UBERON:feces","4"
"1927.SRS014667.SRX020511.SRR045646","UBERON:skin of external ear","10"
"1927.SRS044071.SRX020567.SRR046630","UBERON:skin of external ear","10"
"1927.SRS052937.SRX020554.SRR043710","UBERON:anterior nares","3"
"1927.SRS011584.SRX020659.SRR044996","UBERON:posterior fornix of vagina","15"
"1927.SRS011578.SRX020664.SRR045424","UBERON:anterior nares","8"
"1927.SRS011642.SRX020571.SRR045479","UBERON:skin of elbow","4"
"1927.SRS022321.SRX022232.SRR058094","UBERON:skin of external ear","10"
"1927.SRS019629.SRX020557.SRR046066","UBERON:skin of elbow","8"
"1927.SRS015141.SRX020536.SRR046119","UBERON:skin of elbow","8"
"1927.SRS014925.SRX020574.SRR049866","UBERON:skin of external ear","10"
"1927.SRS015017.SRX020557.SRR046081","UBERON:mouth","3"
"1927.SRS064076.SRX022232.SRR058094","UBERON:tooth","5"
"1927.SRS014778.SRX020554.SRR043829","UBERON:vaginal introitus","12"
"1927.SRS015448.SRX020564.SRR044726","UBERON:skin of elbow","10"
"1927.SRS011641.SRX020570.SRR046239","UBERON:skin of external ear","10"
"1927.SRS062703.SRX020512.SRR047070","UBERON:skin of elbow","8"
"1927.SRS015860.SRX020536.SRR047634","UBERON:skin of elbow","8"
"1927.SRS044027.SRX020514.SRR049469","UBERON:tooth","7"
"1927.SRS015903.SRX020510.SRR044592","UBERON:skin of external ear","10"
"1927.SRS011641.SRX020537.SRR045400","UBERON:skin of external ear","10"
"1927.SRS056473.SRX020670.SRR047665","UBERON:anterior nares","10"
"1927.SRS019369.SRX020575.SRR045826","UBERON:skin of elbow","8"
"1927.SRS015342.SRX020577.SRR044038","UBERON:anterior nares","3"
"1927.SRS049388.SRX020670.SRR046344","UBERON:anterior nares","3"
"1927.SRS014321.SRX020555.SRR045674","UBERON:tooth","7"
"1927.SRS014335.SRX020536.SRR046129","UBERON:skin of elbow","8"
"1927.SRS063770.SRX020512.SRR046954","UBERON:skin of elbow","10"
"1927.SRS065194.SRX020512.SRR047069","UBERON:skin of elbow","8"
"1927.SRS015909.SRX020520.SRR044631","UBERON:anterior nares","10"
"1927.SRS063861.SRX020512.SRR047064","UBERON:skin of external ear","10"
"1927.SRS062893.SRX020512.SRR047073","UBERON:skin of elbow","8"
"1927.SRS047732.SRX020542.SRR047682","UBERON:buccal mucosa","6"
"1927.SRS020204.SRX020676.SRR047871","UBERON:skin of external ear","10"
"1927.SRS024547.SRX020677.SRR047942","UBERON:anterior nares","3"
"1927.SRS062845.SRX020527.SRR047163","UBERON:skin of elbow","3"
"1927.SRS020206.SRX020676.SRR047873","UBERON:skin of external ear","10"
"1927.SRS015864.SRX020554.SRR043720","UBERON:anterior nares","10"
"1927.SRS014667.SRX020543.SRR047546","UBERON:skin of external ear","10"
"1927.SRS055871.SRX020567.SRR046716","UBERON:skin of external ear","3"
"1927.SRS015450.SRX020564.SRR044732","UBERON:anterior nares","10"
"1927.SRS050910.SRX020542.SRR047685","UBERON:buccal mucosa","6"
"1927.SRS044681.SRX020549.SRR046475","UBERON:skin of external ear","8"
"1927.SRS057907.SRX020567.SRR046594","UBERON:skin of external ear","10"
"1927.SRS016182.SRX020539.SRR044178","UBERON:anterior nares","10"
"1927.SRS048987.SRX020567.SRR046783","UBERON:skin of elbow","3"
"1927.SRS046796.SRX020542.SRR046374","UBERON:hard palate","7"
"1927.SRS019882.SRX020525.SRR044525","UBERON:skin of external ear","1"
"1927.SRS018807.SRX020525.SRR044576","UBERON:skin of external ear","1"
"1927.SRS019097.SRX020538.SRR044661","UBERON:hard palate","7"
"1927.SRS015450.SRX020545.SRR044758","UBERON:anterior nares","10"
"1927.SRS019087.SRX020564.SRR047452","UBERON:anterior nares","10"
"1927.SRS011573.SRX020659.SRR045001","UBERON:skin of external ear","10"
"1927.SRS017189.SRX020663.SRR045177","UBERON:skin of elbow","7"
"1927.SRS014933.SRX020555.SRR045720","UBERON:anterior nares","3"
"1927.SRS014917.SRX020555.SRR045724","UBERON:throat","9"
"1927.SRS015407.SRX020555.SRR045738","UBERON:tooth","5"
"1927.SRS018698.SRX020575.SRR046024","UBERON:skin of external ear","10"
"1927.SRS053765.SRX020542.SRR047689","UBERON:gingiva","6"
"1927.SRS047127.SRX020567.SRR046668","UBERON:skin of elbow","10"
"1927.SRS053492.SRX020567.SRR046713","UBERON:skin of elbow","8"
"1927.SRS049430.SRX020567.SRR046731","UBERON:skin of elbow","3"
"1927.SRS047422.SRX020567.SRR046733","UBERON:skin of external ear","10"
"1927.SRS065666.SRX020532.SRR047050","UBERON:anterior nares","3"
"1927.SRS065533.SRX020512.SRR047072","UBERON:skin of elbow","10"
"1927.SRS052584.SRX020540.SRR047294","UBERON:central vagina","14"
"1927.SRS022516.SRX020676.SRR047899","UBERON:anterior nares","3"
"1927.SRS053393.SRX020567.SRR049452","UBERON:skin of external ear","4"
"1927.SRS063926.SRX020549.SRR049396","UBERON:skin of external ear","10"
"1927.SRS063964.SRX020512.SRR049578","UBERON:skin of elbow","8"
"1927.SRS021135.SRX022097.SRR057663","UBERON:tooth","5"
"1927.SRS021101.SRX022097.SRR057663","UBERON:anterior nares","3"
"1927.SRS020669.SRX022097.SRR057663","UBERON:skin of external ear","10"
"1927.SRS050217.SRX022225.SRR058088","UBERON:skin of external ear","10"
"1927.SRS062748.SRX022228.SRR058091","UBERON:skin of external ear","10"
"1927.SRS022693.SRX022232.SRR058094","UBERON:tooth","7"
"1927.SRS053593.SRX022244.SRR058107","UBERON:skin of elbow","10"
"1927.SRS049958.SRX022156.SRR058115","UBERON:tooth","7"
"1927.SRS018860.SRX020575.SRR049348","UBERON:skin of external ear","10"
"1927.SRS042498.SRX020574.SRR043851","UBERON:skin of elbow","10"
"1927.SRS014772.SRX020536.SRR046125","UBERON:skin of elbow","8"
"1927.SRS044546.SRX020567.SRR046652","UBERON:skin of elbow","8"
"1927.SRS063908.SRX020512.SRR046957","UBERON:skin of elbow","8"
"1927.SRS011294.SRX020570.SRR049323","UBERON:skin of elbow","8"
"1927.SRS056350.SRX020567.SRR049483","UBERON:skin of elbow","3"
"1927.SRS045406.SRX020574.SRR043849","UBERON:skin of external ear","10"
"1927.SRS014458.SRX020543.SRR045577","UBERON:anterior nares","3"
"1927.SRS011294.SRX020537.SRR045398","UBERON:skin of elbow","8"
"1927.SRS058165.SRX020527.SRR047166","UBERON:skin of elbow","3"
"1927.SRS023516.SRX020677.SRR047953","UBERON:skin of external ear","10"
"1927.SRS014613.SRX020555.SRR045715","UBERON:feces","4"
"1927.SRS011378.SRX020571.SRR045472","UBERON:skin of elbow","8"
"1927.SRS049559.SRX020527.SRR047182","UBERON:skin of elbow","12"
"1927.SRS014452.SRX020543.SRR045583","UBERON:skin of external ear","10"
"1927.SRS014450.SRX020543.SRR045565","UBERON:skin of external ear","10"
"1927.SRS051884.SRX020567.SRR049500","UBERON:skin of elbow","3"
"1927.SRS011573.SRX020661.SRR044774","UBERON:skin of external ear","10"
"1927.SRS016984.SRX020571.SRR045488","UBERON:skin of elbow","8"
"1927.SRS014572.SRX020546.SRR043690","UBERON:feces","4"
"1927.SRS014237.SRX020574.SRR049830","UBERON:skin of external ear","10"
"1927.SRS011279.SRX020661.SRR047466","UBERON:buccal mucosa","10"
"1927.SRS063079.SRX020512.SRR046964","UBERON:skin of elbow","8"
"1927.SRS019451.SRX020575.SRR046028","UBERON:skin of elbow","8"
"1927.SRS043642.SRX020514.SRR046796","UBERON:tongue","6"
"1927.SRS014665.SRX020574.SRR049870","UBERON:skin of external ear","10"
"1927.SRS053420.SRX020514.SRR046799","UBERON:posterior fornix of vagina","3"
"1927.SRS011499.SRX020667.SRR045271","UBERON:skin of elbow","3"
"1927.SRS065402.SRX020512.SRR047065","UBERON:skin of elbow","10"
"1927.SRS014454.SRX020547.SRR045742","UBERON:skin of elbow","4"
"1927.SRS014454.SRX020557.SRR047617","UBERON:skin of elbow","4"
"1927.SRS057789.SRX020514.SRR049501","UBERON:tooth","3"
"1927.SRS011675.SRX020663.SRR045205","UBERON:skin of external ear","10"
"1927.SRS011675.SRX020667.SRR045279","UBERON:skin of external ear","10"
"1927.SRS055412.SRX020575.SRR047600","UBERON:skin of external ear","10"
"1927.SRS014833.SRX020546.SRR047379","UBERON:anterior nares","10"
"1927.SRS057895.SRX020567.SRR046596","UBERON:skin of external ear","10"
"1927.SRS043993.SRX020547.SRR045787","UBERON:throat","8"
"1927.SRS043993.SRX020557.SRR046098","UBERON:throat","8"
"1927.SRS011292.SRX020537.SRR045395","UBERON:skin of external ear","8"
"1927.SRS056067.SRX020549.SRR046498","UBERON:skin of external ear","10"
"1927.SRS058193.SRX020567.SRR049445","UBERON:skin of external ear","10"
"1927.SRS018765.SRX020516.SRR044336","UBERON:vaginal introitus","12"
"1927.SRS055825.SRX020670.SRR046336","UBERON:posterior fornix of vagina","12"
"1927.SRS049947.SRX020670.SRR046358","UBERON:vaginal introitus","12"
"1927.SRS049396.SRX020540.SRR047121","UBERON:posterior fornix of vagina","12"
"1927.SRS045850.SRX020540.SRR047285","UBERON:posterior fornix of vagina","12"
"1927.SRS015423.SRX020546.SRR049218","UBERON:central vagina","12"
"1927.SRS015425.SRX020546.SRR047385","UBERON:posterior fornix of vagina","12"
"1927.SRS051255.SRX020543.SRR045606","UBERON:vaginal introitus","3"
"1927.SRS056207.SRX020540.SRR047281","UBERON:posterior fornix of vagina","14"
"1927.SRS015147.SRX020546.SRR047380","UBERON:central vagina","12"
"1927.SRS018543.SRX020516.SRR044364","UBERON:vaginal introitus","14"
"1927.SRS015425.SRX020555.SRR047559","UBERON:posterior fornix of vagina","12"
"1927.SRS058650.SRX020550.SRR047715","UBERON:posterior fornix of vagina","12"
"1927.SRS045752.SRX020574.SRR043872","UBERON:skin of elbow","10"
"1927.SRS052612.SRX020567.SRR046648","UBERON:skin of elbow","3"
"1927.SRS014291.SRX020574.SRR043856","UBERON:skin of external ear","10"
"1927.SRS023089.SRX020676.SRR047842","UBERON:posterior fornix of vagina","14"
"1927.SRS046080.SRX022224.SRR058087","UBERON:vaginal introitus","14"
"1927.SRS051696.SRX022244.SRR058107","UBERON:skin of external ear","10"
"1927.SRS058122.SRX020536.SRR046131","UBERON:skin of elbow","8"
"1927.SRS055001.SRX020527.SRR047170","UBERON:skin of external ear","10"
"1927.SRS016263.SRX020525.SRR044522","UBERON:skin of elbow","8"
"1927.SRS050370.SRX020527.SRR047159","UBERON:skin of elbow","3"
"1927.SRS043360.SRX020527.SRR047171","UBERON:skin of elbow","10"
"1927.SRS021093.SRX022097.SRR057663","UBERON:skin of external ear","3"
"1927.SRS023399.SRX022228.SRR058091","UBERON:skin of elbow","3"
"1927.SRS019449.SRX020575.SRR045828","UBERON:skin of external ear","10"
"1927.SRS014550.SRX020546.SRR043671","UBERON:posterior fornix of vagina","14"
"1927.SRS050125.SRX020575.SRR045821","UBERON:skin of elbow","10"
"1927.SRS014776.SRX020536.SRR047632","UBERON:anterior nares","10"
"1927.SRS042648.SRX020567.SRR046602","UBERON:skin of elbow","3"
"1927.SRS057421.SRX020567.SRR046724","UBERON:skin of external ear","10"
"1927.SRS046755.SRX020567.SRR049467","UBERON:skin of external ear","3"
"1927.SRS055888.SRX020567.SRR046774","UBERON:skin of elbow","3"
"1927.SRS054927.SRX020567.SRR046588","UBERON:skin of elbow","3"
"1927.SRS015017.SRX020547.SRR045766","UBERON:mouth","3"
"1927.SRS020147.SRX020676.SRR047856","UBERON:skin of external ear","10"
"1927.SRS049491.SRX020677.SRR048005","UBERON:posterior fornix of vagina","14"
"1927.SRS057466.SRX022156.SRR058115","UBERON:central vagina","12"
"1927.SRS014623.SRX020555.SRR047557","UBERON:anterior nares","3"
"1927.SRS053553.SRX020549.SRR046490","UBERON:skin of external ear","10"
"1927.SRS011441.SRX020663.SRR045206","UBERON:skin of external ear","3"
"1927.SRS018966.SRX020572.SRR045978","UBERON:anterior nares","10"
"1927.SRS057290.SRX020542.SRR047684","UBERON:tooth","3"
"1927.SRS020845.SRX022097.SRR057663","UBERON:skin of elbow","3"
"1927.SRS057864.SRX022225.SRR058088","UBERON:anterior nares","10"
"1927.SRS021095.SRX022097.SRR057663","UBERON:skin of external ear","3"
"1927.SRS065604.SRX022232.SRR058094","UBERON:posterior fornix of vagina","14"
"1927.SRS014968.SRX020574.SRR043842","UBERON:skin of external ear","10"
"1927.SRS049599.SRX020543.SRR045563","UBERON:skin of external ear","10"
"1927.SRS043848.SRX020567.SRR046590","UBERON:skin of external ear","10"
"1927.SRS044477.SRX020567.SRR046711","UBERON:skin of external ear","10"
"1927.SRS051089.SRX020527.SRR047183","UBERON:skin of external ear","10"
"1927.SRS043573.SRX020549.SRR046493","UBERON:skin of external ear","10"
"1927.SRS049599.SRX020574.SRR043843","UBERON:skin of external ear","10"
"1927.SRS015283.SRX020574.SRR043859","UBERON:skin of external ear","10"
"1927.SRS015285.SRX020574.SRR043875","UBERON:skin of external ear","10"
"1927.SRS016103.SRX020525.SRR047446","UBERON:skin of elbow","8"
"1927.SRS018809.SRX020525.SRR044552","UBERON:skin of external ear","1"
"1927.SRS016307.SRX020525.SRR044548","UBERON:skin of external ear","1"
"1927.SRS052160.SRX020567.SRR046599","UBERON:skin of elbow","10"
"1927.SRS047636.SRX020567.SRR046626","UBERON:skin of elbow","10"
"1927.SRS011609.SRX020663.SRR045210","UBERON:skin of elbow","3"
"1927.SRS052219.SRX020511.SRR045620","UBERON:skin of elbow","8"
"1927.SRS019777.SRX020557.SRR046088","UBERON:skin of elbow","8"
"1927.SRS019447.SRX020575.SRR045824","UBERON:skin of external ear","10"
"1927.SRS050555.SRX020575.SRR046027","UBERON:skin of external ear","10"
"1927.SRS023458.SRX020676.SRR047884","UBERON:anterior nares","10"
"1927.SRS024541.SRX020677.SRR047952","UBERON:skin of external ear","10"
"1927.SRS049278.SRX020677.SRR047967","UBERON:skin of external ear","10"
"1927.SRS048741.SRX020549.SRR049397","UBERON:skin of external ear","10"
"1927.SRS057481.SRX022244.SRR058107","UBERON:skin of external ear","10"
"1927.SRS054708.SRX022244.SRR058107","UBERON:skin of external ear","10"
"1927.SRS050307.SRX022244.SRR058107","UBERON:skin of external ear","10"
"1927.SRS051099.SRX022244.SRR058107","UBERON:skin of external ear","10"
"1927.SRS045280.SRX020549.SRR046491","UBERON:skin of external ear","10"
"1927.SRS015005.SRX020547.SRR045747","UBERON:skin of elbow","8"
"1927.SRS015005.SRX020557.SRR046067","UBERON:skin of elbow","8"
"1927.SRS015510.SRX020547.SRR045739","UBERON:mouth","8"
"1927.SRS052485.SRX020574.SRR043861","UBERON:skin of external ear","10"
"1927.SRS055748.SRX020567.SRR046628","UBERON:skin of external ear","10"
"1927.SRS047772.SRX020574.SRR043904","UBERON:skin of external ear","10"
"1927.SRS014768.SRX020536.SRR046127","UBERON:skin of external ear","10"
"1927.SRS049599.SRX020511.SRR047553","UBERON:skin of external ear","10"
"1927.SRS047507.SRX022225.SRR058088","UBERON:skin of external ear","10"
"1927.SRS046941.SRX020567.SRR046669","UBERON:skin of external ear","10"
"1927.SRS014448.SRX020543.SRR045589","UBERON:posterior fornix of vagina","3"
"1927.SRS015135.SRX020536.SRR046115","UBERON:skin of external ear","10"
"1927.SRS014295.SRX020536.SRR049356","UBERON:skin of elbow","8"
"1927.SRS014621.SRX020536.SRR046132","UBERON:skin of elbow","8"
"1927.SRS011434.SRX020663.SRR045194","UBERON:skin of external ear","11"
"1927.SRS011434.SRX020667.SRR045268","UBERON:skin of external ear","11"
"1927.SRS022950.SRX020683.SRR048327","UBERON:tooth","4"
"1927.SRS054463.SRX020567.SRR046686","UBERON:skin of elbow","3"
"1927.SRS015149.SRX020546.SRR047366","UBERON:posterior fornix of vagina","12"
"1927.SRS049668.SRX020511.SRR045652","UBERON:skin of external ear","10"
"1927.SRS047625.SRX020514.SRR046803","UBERON:hard palate","3"
"1927.SRS064033.SRX020569.SRR049475","UBERON:vaginal introitus","12"
"1927.SRS019629.SRX020547.SRR045746","UBERON:skin of elbow","8"
"1927.SRS043968.SRX020567.SRR046764","UBERON:skin of external ear","3"
"1927.SRS014774.SRX020574.SRR049825","UBERON:skin of elbow","8"
"1927.SRS019453.SRX020575.SRR047611","UBERON:skin of elbow","8"
"1927.SRS014970.SRX020574.SRR049822","UBERON:skin of external ear","10"
"1927.SRS043804.SRX020544.SRR045921","UBERON:feces","3"
"1927.SRS053478.SRX020543.SRR047542","UBERON:posterior fornix of vagina","3"
"1927.SRS014448.SRX020511.SRR045622","UBERON:posterior fornix of vagina","3"
"1927.SRS015149.SRX020555.SRR045671","UBERON:posterior fornix of vagina","12"
"1927.SRS065347.SRX020569.SRR046662","UBERON:posterior fornix of vagina","12"
"1927.SRS056561.SRX022224.SRR058087","UBERON:vaginal introitus","12"
"1927.SRS015442.SRX020564.SRR044729","UBERON:skin of external ear","10"
"1927.SRS015442.SRX020545.SRR044755","UBERON:skin of external ear","10"
"1927.SRS054332.SRX020567.SRR046779","UBERON:skin of elbow","10"
"1927.SRS043395.SRX020543.SRR045584","UBERON:central vagina","3"
"1927.SRS015145.SRX020555.SRR045678","UBERON:vaginal introitus","12"
"1927.SRS045849.SRX022244.SRR058107","UBERON:anterior nares","10"
"1927.SRS021427.SRX022232.SRR058094","UBERON:feces","3"
"1927.SRS011582.SRX020659.SRR045059","UBERON:central vagina","15"
"1927.SRS014548.SRX020546.SRR043685","UBERON:central vagina","14"
"1927.SRS051921.SRX020531.SRR046057","UBERON:posterior fornix of vagina","14"
"1927.SRS021149.SRX022097.SRR057663","UBERON:central vagina","14"
"1927.SRS021151.SRX022097.SRR057663","UBERON:posterior fornix of vagina","14"
"1927.SRS063292.SRX022232.SRR058094","UBERON:central vagina","14"
"1927.SRS011677.SRX020667.SRR049310","UBERON:skin of elbow","4"
"1927.SRS044715.SRX022156.SRR058115","UBERON:vaginal introitus","12"
"1927.SRS015255.SRX020547.SRR045743","UBERON:skin of elbow","8"
"1927.SRS015255.SRX020557.SRR046063","UBERON:skin of elbow","8"
"1927.SRS017189.SRX020667.SRR045256","UBERON:skin of elbow","6"
"1927.SRS044943.SRX020575.SRR046016","UBERON:skin of external ear","10"
"1927.SRS053518.SRX020531.SRR046040","UBERON:vaginal introitus","6"
"1927.SRS015139.SRX020536.SRR046116","UBERON:skin of elbow","8"
"1927.SRS053204.SRX020567.SRR046709","UBERON:skin of elbow","8"
"1927.SRS053773.SRX020567.SRR046695","UBERON:skin of elbow","3"
"1927.SRS049668.SRX020543.SRR045602","UBERON:skin of external ear","10"
"1927.SRS062443.SRX020512.SRR046952","UBERON:skin of elbow","8"
"1927.SRS016101.SRX020536.SRR047630","UBERON:skin of elbow","8"
"1927.SRS058348.SRX020542.SRR046371","UBERON:gingiva","3"
"1927.SRS015421.SRX020555.SRR045737","UBERON:vaginal introitus","12"
"1927.SRS015147.SRX020555.SRR045703","UBERON:central vagina","12"
"1927.SRS055771.SRX020536.SRR047629","UBERON:skin of elbow","8"
"1927.SRS011475.SRX020667.SRR045283","UBERON:skin of elbow","3"
"1927.SRS058522.SRX020567.SRR046583","UBERON:skin of elbow","3"
"1927.SRS044978.SRX020514.SRR049466","UBERON:tooth","9"
"1927.SRS056981.SRX020514.SRR046786","UBERON:central vagina","7"
"1927.SRS049406.SRX020514.SRR046788","UBERON:gingiva","7"
"1927.SRS054236.SRX022244.SRR058107","UBERON:skin of external ear","10"
"1927.SRS014833.SRX020555.SRR045700","UBERON:anterior nares","10"
"1927.SRS021105.SRX022097.SRR057663","UBERON:central vagina","12"
"1927.SRS021103.SRX022097.SRR057663","UBERON:vaginal introitus","12"
"1927.SRS053637.SRX020567.SRR046706","UBERON:skin of external ear","8"
"1927.SRS014538.SRX020536.SRR047627","UBERON:skin of external ear","8"
"1927.SRS014546.SRX020555.SRR045714","UBERON:vaginal introitus","14"
"1927.SRS044586.SRX022225.SRR058088","UBERON:skin of external ear","3"
"1927.SRS011443.SRX020663.SRR045188","UBERON:skin of elbow","3"
"1927.SRS015962.SRX020557.SRR047626","UBERON:mouth","3"
"1927.SRS011500.SRX020663.SRR045195","UBERON:skin of elbow","4"
"1927.SRS011500.SRX020667.SRR045269","UBERON:skin of elbow","3"
"1927.SRS051229.SRX020575.SRR045827","UBERON:skin of elbow","10"
"1927.SRS050322.SRX020527.SRR047154","UBERON:skin of elbow","8"
"1927.SRS042324.SRX020557.SRR047622","UBERON:skin of external ear","8"
"1927.SRS049668.SRX020574.SRR043852","UBERON:skin of external ear","10"
"1927.SRS045406.SRX020511.SRR045633","UBERON:skin of external ear","10"
"1927.SRS014837.SRX020555.SRR047556","UBERON:central vagina","12"
"1927.SRS045788.SRX020527.SRR049597","UBERON:skin of elbow","8"
"1927.SRS014550.SRX020555.SRR045706","UBERON:posterior fornix of vagina","14"
"1927.SRS014548.SRX020555.SRR045721","UBERON:central vagina","14"
"1927.SRS014339.SRX020555.SRR045695","UBERON:vaginal introitus","14"
"1927.SRS014782.SRX020554.SRR043726","UBERON:posterior fornix of vagina","12"
"1927.SRS043395.SRX020511.SRR045632","UBERON:central vagina","3"
"1927.SRS011442.SRX020668.SRR045135","UBERON:skin of external ear","15"
"1927.SRS021107.SRX022097.SRR057663","UBERON:posterior fornix of vagina","12"
"1927.SRS057075.SRX022224.SRR058087","UBERON:posterior fornix of vagina","12"
"1927.SRS047943.SRX022224.SRR058087","UBERON:posterior fornix of vagina","14"
"1927.SRS053602.SRX022224.SRR058087","UBERON:central vagina","14"
"1927.SRS011436.SRX020667.SRR045234","UBERON:skin of elbow","10"
"1927.SRS046349.SRX020544.SRR047580","UBERON:feces","4"
"1927.SRS051921.SRX020544.SRR045926","UBERON:posterior fornix of vagina","14"
"1927.SRS015510.SRX020557.SRR046060","UBERON:mouth","8"
"1927.SRS063791.SRX022228.SRR058091","UBERON:skin of elbow","10"
"1927.SRS011438.SRX020667.SRR045238","UBERON:skin of elbow","3"
"1927.SRS042324.SRX020547.SRR045762","UBERON:skin of external ear","8"
"1927.SRS011609.SRX020667.SRR047506","UBERON:skin of elbow","6"
"1927.SRS011285.SRX020663.SRR045169","UBERON:throat","3"
"1927.SRS049834.SRX020544.SRR047577","UBERON:anterior nares","3"
"1927.SRS044781.SRX020567.SRR046776","UBERON:skin of external ear","3"
"1927.SRS054970.SRX020514.SRR046735","UBERON:throat","3"
"1927.SRS019777.SRX020547.SRR045775","UBERON:skin of elbow","8"
"1927.SRS018547.SRX020516.SRR044340","UBERON:posterior fornix of vagina","14"
"1927.SRS065236.SRX020528.SRR049489","UBERON:tooth","3"
"1927.SRS056424.SRX020527.SRR047157","UBERON:skin of elbow","8"
"1927.SRS054275.SRX020567.SRR049465","UBERON:skin of external ear","8"
"1927.SRS011498.SRX020663.SRR045201","UBERON:skin of external ear","3"
"1927.SRS022960.SRX020675.SRR047820","UBERON:anterior nares","3"
"1927.SRS045258.SRX020544.SRR047581","UBERON:tongue","3"
"1927.SRS048396.SRX020514.SRR046781","UBERON:tongue","3"
"1927.SRS051364.SRX020514.SRR046798","UBERON:buccal mucosa","5"
"1927.SRS054094.SRX020567.SRR049449","UBERON:skin of external ear","10"
"1927.SRS043278.SRX020527.SRR047160","UBERON:skin of elbow","10"
"1927.SRS050984.SRX020518.SRR049613","UBERON:tooth","10"
"1927.SRS015135.SRX020566.SRR046151","UBERON:skin of external ear","10"
"1927.SRS011441.SRX020667.SRR045280","UBERON:skin of external ear","10"
"1927.SRS011611.SRX020663.SRR049238","UBERON:skin of elbow","10"
"1927.SRS044879.SRX020514.SRR049491","UBERON:tongue","10"
"1927.SRS022743.SRX022232.SRR058094","UBERON:mouth","3"
"1927.SRS053335.SRX020544.SRR049343","UBERON:feces","4"
"1927.SRS056493.SRX020514.SRR046772","UBERON:tooth","9"
"1927.SRS058622.SRX022241.SRR058097","UBERON:buccal mucosa","6"
"1927.SRS047701.SRX022241.SRR058097","UBERON:mouth","3"
"1927.SRS052921.SRX020514.SRR046835","UBERON:buccal mucosa","3"
"1927.SRS011490.SRX020660.SRR044865","UBERON:palatine tonsil","6"
"1927.SRS063861.SRX020517.SRR046747","UBERON:skin of external ear","14"
"1927.SRS021143.SRX022097.SRR057663","UBERON:skin of elbow","14"
"1927.SRS011499.SRX020663.SRR045198","UBERON:skin of elbow","3"
"1927.SRS021145.SRX022097.SRR057663","UBERON:anterior nares","3"
"1927.SRS054576.SRX020544.SRR045874","UBERON:mouth","3"
"1927.SRS011436.SRX020663.SRR045154","UBERON:skin of elbow","3"
"1927.SRS043338.SRX022156.SRR058115","UBERON:posterior fornix of vagina","12"
"1927.SRS051657.SRX020514.SRR046682","UBERON:tongue","6"
"1927.SRS053925.SRX020544.SRR045863","UBERON:hard palate","6"
"1927.SRS044813.SRX020544.SRR047576","UBERON:hard palate","6"
"1927.SRS023270.SRX022228.SRR058091","UBERON:skin of external ear","3"
"1927.SRS011438.SRX020663.SRR045159","UBERON:skin of elbow","3"
"1927.SRS051384.SRX020514.SRR049508","UBERON:posterior fornix of vagina","3"
"1927.SRS011475.SRX020663.SRR045212","UBERON:skin of elbow","7"
"1927.SRS055124.SRX020544.SRR045913","UBERON:gingiva","7"
"1927.SRS064922.SRX020517.SRR049427","UBERON:skin of elbow","4"
"1927.SRS011444.SRX020663.SRR045149","UBERON:skin of elbow","3"
"1927.SRS011444.SRX020667.SRR045228","UBERON:skin of elbow","3"
"1927.SRS048692.SRX020580.SRR047192","UBERON:mouth","3"
"1927.SRS052973.SRX020514.SRR046685","UBERON:palatine tonsil","9"
"1927.SRS016058.SRX020539.SRR049857","UBERON:mouth","11"
