"","V1","V2"
"1927.SRS018553.SRX020525.SRR044566",0.134190311446081,-0.0646103549931224
"1927.SRS047327.SRX020568.SRR047012",-0.246500073920727,0.26738552495215
"1927.SRS065711.SRX022228.SRR058091",0.0423116558237435,-0.0308394647970026
"1927.SRS011293.SRX020570.SRR045451",0.0764724875419483,-0.134634553302372
"1927.SRS014659.SRX020511.SRR045649",0.0636543917631792,-0.139421340697167
"1927.SRS063715.SRX022228.SRR058091",0.0573991070527653,-0.0949296088878617
"1927.SRS062799.SRX022228.SRR058091",0.0248677816772714,-0.128704915577489
"1927.SRS015409.SRX020546.SRR043657",-0.0717940811456431,-0.277296722271307
"1927.SRS014554.SRX020546.SRR043688",-0.117095976669759,-0.270591026537938
"1927.SRS014913.SRX020546.SRR043697",-0.144382961466025,-0.173383911959098
"1927.SRS015293.SRX020554.SRR043723",-0.239455932377233,0.202913872161181
"1927.SRS015186.SRX020554.SRR043835",-0.0687263720915709,-0.272438640157412
"1927.SRS015978.SRX020577.SRR044044",-0.0950829230563741,-0.252235516124613
"1927.SRS015786.SRX020539.SRR044133",-0.100395818201625,-0.21154968378972
"1927.SRS019908.SRX020516.SRR044299",-0.0469978832543457,-0.265127271550602
"1927.SRS015929.SRX020510.SRR044608",-0.0599208528698333,-0.267525023468259
"1927.SRS011569.SRX020661.SRR044839",-0.0843982019668356,-0.256134252199212
"1927.SRS011470.SRX020659.SRR045000",-0.142892273199171,-0.139657381045602
"1927.SRS014655.SRX020543.SRR045582",-0.258412656288328,-0.0474049123779069
"1927.SRS047193.SRX020543.SRR045592",-0.0723558502475064,-0.19783675519171
"1927.SRS057450.SRX020511.SRR045629",-0.0533784654319642,-0.195872650026254
"1927.SRS015530.SRX020547.SRR045768",-0.0979131844185635,-0.238718381525621
"1927.SRS018651.SRX020575.SRR045818",0.0813577990254763,0.0591397979145488
"1927.SRS056751.SRX020531.SRR046034",-0.161184177577751,-0.193290167134785
"1927.SRS058246.SRX020670.SRR046264",-0.27488461775519,0.106514624176432
"1927.SRS055853.SRX020670.SRR046332",-0.0517923289424637,-0.251627312317206
"1927.SRS051849.SRX020550.SRR046445",-0.105478549325167,-0.222733340282425
"1927.SRS062851.SRX020569.SRR046538",-0.201203809192584,-0.123168591347493
"1927.SRS064493.SRX020569.SRR046544",-0.095194658748928,-0.22201950624826
"1927.SRS063603.SRX020569.SRR046607",-0.0963562788033862,-0.198924956823773
"1927.SRS065310.SRX020569.SRR046608",-0.126301133560609,-0.238647927975087
"1927.SRS063400.SRX020569.SRR046613",-0.0549303301998274,-0.234901146113737
"1927.SRS062514.SRX020569.SRR046614",-0.0937098938171122,-0.24370478209713
"1927.SRS062468.SRX020532.SRR046898",-0.0577004839987365,-0.221353530968418
"1927.SRS050239.SRX020568.SRR046942",-0.140835572761607,-0.185702957032766
"1927.SRS062399.SRX020532.SRR046978",-0.145486510205528,-0.218284652296771
"1927.SRS047983.SRX020568.SRR047007",-0.0809771622733813,-0.239592105550147
"1927.SRS045364.SRX020568.SRR047011",-0.132091639894237,-0.253551989102604
"1927.SRS045460.SRX020540.SRR047263",-0.110143900458899,-0.22546040530378
"1927.SRS053819.SRX020578.SRR047308",-0.291784111143731,0.118365429787484
"1927.SRS065675.SRX020548.SRR047337",-0.258929552953997,0.310429311537444
"1927.SRS015129.SRX020546.SRR047377",-0.130683784985412,-0.230963063862296
"1927.SRS054649.SRX020554.SRR047393",-0.0496665534476123,-0.239821478782477
"1927.SRS016074.SRX020516.SRR047426",-0.0771049141257548,-0.244303206421237
"1927.SRS021549.SRX020675.SRR047802",-0.257199875399944,0.126444121361658
"1927.SRS021565.SRX020675.SRR047804",-0.0873391287725616,-0.245127969175261
"1927.SRS023071.SRX020675.SRR047833",-0.086960594270335,-0.184126050706565
"1927.SRS023436.SRX020678.SRR048020",-0.284772354970783,0.143533116327549
"1927.SRS050412.SRX020670.SRR049369",-0.153021579707541,-0.177313335713781
"1927.SRS065236.SRX020569.SRR049422",-0.144325791512267,-0.199493523186193
"1927.SRS063756.SRX020569.SRR049423",-0.250115490501737,0.296898681256735
"1927.SRS046739.SRX020568.SRR049543",-0.0628703120729936,-0.23130242853686
"1927.SRS058603.SRX020568.SRR049545",-0.222289738050802,-0.0891561584172482
"1927.SRS062616.SRX020532.SRR049571",-0.0459028339174435,-0.224677787005694
"1927.SRS045215.SRX020540.SRR049628",-0.110366724905484,-0.177908849626173
"1927.SRS057046.SRX020568.SRR049640",-0.0913215343522097,-0.260906479310842
"1927.SRS016054.SRX020539.SRR049860",0.412399300741496,0.19474166861938
"1927.SRS063697.SRX020548.SRR050136",-0.266746011842239,0.169284520329266
"1927.SRS063931.SRX022228.SRR058091",0.0117242365196846,-0.138034476192484
"1927.SRS014911.SRX020546.SRR043647",-0.173748238407855,-0.123686738948889
"1927.SRS014919.SRX020546.SRR043696",-0.0955901227704075,-0.258258542985576
"1927.SRS018641.SRX020572.SRR045811",-0.0762376321271322,-0.236130476328584
"1927.SRS014552.SRX020546.SRR043649",-0.114951482758508,-0.252508123873473
"1927.SRS014564.SRX020546.SRR043674",-0.172381390811559,-0.102034718403803
"1927.SRS015121.SRX020546.SRR043681",-0.14167175276245,-0.165695699137061
"1927.SRS015243.SRX020577.SRR044032",-0.0897441007411757,-0.193977756610537
"1927.SRS015023.SRX020577.SRR044057",-0.276362299431171,0.0632224058544018
"1927.SRS015035.SRX020577.SRR044061",-0.0965637071870613,-0.264560586376413
"1927.SRS016239.SRX020516.SRR044361",-0.0859635856586474,-0.238965390382547
"1927.SRS018597.SRX020516.SRR044375",-0.107759594350918,-0.198410991883238
"1927.SRS015397.SRX020555.SRR045696",-0.12877034761942,-0.198797442933362
"1927.SRS018694.SRX020572.SRR045808",-0.0708700276789107,-0.223640359920897
"1927.SRS018684.SRX020572.SRR045815",-0.278155617270535,0.105098806644723
"1927.SRS019296.SRX020572.SRR045950",-0.182487298832442,-0.204838886173606
"1927.SRS018846.SRX020572.SRR045953",-0.225230619693844,-0.118761986416761
"1927.SRS018692.SRX020572.SRR045998",-0.0520447383610089,-0.26066368955307
"1927.SRS019522.SRX020572.SRR046004",-0.201001531324865,-0.181211359169793
"1927.SRS046986.SRX020531.SRR046032",-0.0958418897986242,-0.271266169472978
"1927.SRS043253.SRX020549.SRR046472",0.431747909950775,0.062763695152551
"1927.SRS065499.SRX020519.SRR046863",0.280299853244707,0.207083955680766
"1927.SRS065086.SRX020532.SRR046908",-0.245481593559072,0.0102751864671472
"1927.SRS063551.SRX020532.SRR046913",-0.0945432374536841,-0.261653416476351
"1927.SRS045467.SRX020568.SRR046932",-0.106883550646277,-0.221091946587908
"1927.SRS055315.SRX020568.SRR046935",0.0036275303747899,0.0153049268541731
"1927.SRS049622.SRX020568.SRR046951",-0.0834864913149468,-0.242785464969524
"1927.SRS053814.SRX020568.SRR047013",-0.0496115878994689,-0.239109764643728
"1927.SRS051758.SRX020540.SRR047120",-0.141113821594767,-0.153360150082108
"1927.SRS050984.SRX020540.SRR047256",-0.121176210205931,-0.243082163219934
"1927.SRS015472.SRX020564.SRR047454",-0.146947889717125,-0.236041692294664
"1927.SRS015462.SRX020545.SRR047458",-0.204392459718848,-0.144059351740289
"1927.SRS015397.SRX020546.SRR048942",-0.155983238620545,-0.188306991284235
"1927.SRS042359.SRX020568.SRR049525",-0.133856195962582,-0.197656864435291
"1927.SRS015033.SRX020577.SRR049842",-0.096234833380042,-0.269901732965652
"1927.SRS014873.SRX020554.SRR043716",-0.0548893030080766,-0.236668005010479
"1927.SRS055431.SRX020554.SRR043836",-0.210589133952521,-0.112251775066359
"1927.SRS018743.SRX020516.SRR044301",-0.223407324266546,-0.068393529325592
"1927.SRS015462.SRX020564.SRR044717",-0.206114252575312,-0.139536300110984
"1927.SRS011508.SRX020667.SRR045247",-0.19621903020253,-0.120342443951018
"1927.SRS018643.SRX020572.SRR045948",-0.0987279388103222,-0.238485779141984
"1927.SRS018906.SRX020572.SRR045972",-0.05022875916618,-0.231283409396616
"1927.SRS018898.SRX020572.SRR045979",-0.230222481182167,-0.0469078526740364
"1927.SRS063515.SRX020532.SRR046910",-0.199691530274512,-0.0629333572034134
"1927.SRS063829.SRX020532.SRR046980",-0.0982097368721842,-0.199069129151297
"1927.SRS050493.SRX020540.SRR047109",-0.0818582450571163,-0.219695483851287
"1927.SRS019288.SRX020572.SRR047598",-0.279295092811635,0.18062338856669
"1927.SRS042857.SRX020550.SRR047713",-0.0777306023953419,-0.235936186193072
"1927.SRS044978.SRX020550.SRR049382",-0.0718004444628775,-0.230355965642971
"1927.SRS048237.SRX020578.SRR049643",-0.077780986069046,-0.235726401557388
"1927.SRS014921.SRX020546.SRR043668",-0.125377892262193,-0.245774559218182
"1927.SRS049313.SRX020554.SRR043736",-0.120713573511532,-0.198903078323802
"1927.SRS045387.SRX020554.SRR043826",-0.0836523944187595,-0.266043186968457
"1927.SRS016283.SRX020577.SRR044080",-0.0938411983717636,-0.238026565330505
"1927.SRS047328.SRX020550.SRR046423",-0.297648345741437,0.142066448758854
"1927.SRS044272.SRX020550.SRR047717",-0.0939986919060925,-0.231672618637624
"1927.SRS014430.SRX020543.SRR049326",-0.164386604821296,-0.177439637601341
"1927.SRS014819.SRX020546.SRR043663",-0.107545508037001,-0.223832094441403
"1927.SRS015027.SRX020577.SRR044084",-0.158084191280006,-0.207890376992113
"1927.SRS015472.SRX020545.SRR044736",-0.144709430103304,-0.234444186050498
"1927.SRS015119.SRX020546.SRR047382",-0.287763509081322,0.090712915213246
"1927.SRS019530.SRX020572.SRR047595",-0.159582396951378,-0.19111030369761
"1927.SRS043032.SRX020531.SRR047616",-0.057612953177695,-0.207070529871081
"1927.SRS015395.SRX020546.SRR043652",-0.200127676687039,0.235394238073865
"1927.SRS015131.SRX020546.SRR043654",-0.10386951053744,-0.206993261268025
"1927.SRS014321.SRX020546.SRR043650",-0.154420424000734,-0.236522428464151
"1927.SRS014562.SRX020546.SRR043651",-0.141615877651253,-0.140601560710883
"1927.SRS016168.SRX020539.SRR044167",-0.100837603566009,-0.271604445923733
"1927.SRS018844.SRX020572.SRR047584",-0.306174101063664,0.110710106164688
"1927.SRS014422.SRX020511.SRR045663",-0.0983530020113662,-0.241749601551261
"1927.SRS015403.SRX020546.SRR043664",-0.250555525016554,0.324868877202962
"1927.SRS018908.SRX020572.SRR045957",-0.0777349574458403,-0.203754721900912
"1927.SRS048393.SRX020568.SRR047020",-0.147183725551137,-0.228246619983686
"1927.SRS011623.SRX020659.SRR045060",-0.231266859949361,0.0807904924184629
"1927.SRS014130.SRX020546.SRR043672",-0.203986938521805,-0.0316098531399111
"1927.SRS014821.SRX020546.SRR043673",-0.106121275998862,-0.236952352274127
"1927.SRS015683.SRX020539.SRR049878",-0.0721841153282351,-0.241395714671639
"1927.SRS018854.SRX020572.SRR045806",-0.083577258058259,-0.185537940597258
"1927.SRS063007.SRX020670.SRR046244",-0.0594466902403466,-0.24841696501394
"1927.SRS011510.SRX020663.SRR049309",-0.249738530335946,-0.0885889821569405
"1927.SRS016064.SRX020539.SRR044138",-0.188191585848641,-0.216591776245969
"1927.SRS016066.SRX020539.SRR044151",-0.15772239368425,-0.255166425143862
"1927.SRS015025.SRX020577.SRR044082",-0.187103136047522,-0.18950741135947
"1927.SRS018741.SRX020516.SRR044295",-0.240938014408928,-0.0441816279275632
"1927.SRS018603.SRX020516.SRR044322",-0.104813770804079,-0.253473979001672
"1927.SRS018593.SRX020516.SRR044329",-0.28218582389442,0.260007936740818
"1927.SRS018751.SRX020516.SRR044351",-0.120303062658767,-0.166787259486156
"1927.SRS057069.SRX020531.SRR046048",-0.0698778602523794,-0.237530925061842
"1927.SRS023011.SRX020675.SRR047773",-0.0739705613873713,-0.179682113002776
"1927.SRS021934.SRX020675.SRR047790",-0.0910281322842564,-0.222809016038323
"1927.SRS062408.SRX020532.SRR046998",-0.247441902245861,0.0863056114242717
"1927.SRS064192.SRX020532.SRR046999",-0.295856171342979,0.140369184302138
"1927.SRS049834.SRX020531.SRR049350",0.322637168824888,0.12351504815371
"1927.SRS011504.SRX020661.SRR044816",-0.26373892302056,0.135809164467512
"1927.SRS049891.SRX020568.SRR046869",0.161444320588264,-0.0534809075640608
"1927.SRS057913.SRX020568.SRR047008",-0.241355653412951,0.168412625051225
"1927.SRS053756.SRX020568.SRR047014",-0.208255357549984,-0.055340024830957
"1927.SRS050655.SRX020568.SRR047015",-0.182518066659547,-0.20397869276199
"1927.SRS057789.SRX020550.SRR047719",-0.131086374593814,-0.217609832670538
"1927.SRS055314.SRX020677.SRR047998",-0.103669235245582,-0.246365215051189
"1927.SRS016166.SRX020539.SRR044125",-0.120140573215212,-0.271924923968319
"1927.SRS019251.SRX020516.SRR044293",-0.134688143385195,-0.10274692402866
"1927.SRS018595.SRX020516.SRR044309",-0.210907255520014,-0.0846729450891726
"1927.SRS019259.SRX020516.SRR044346",-0.0857776524875306,-0.260899382166298
"1927.SRS019253.SRX020516.SRR044358",-0.189029958458827,-0.0963999161311151
"1927.SRS045153.SRX020568.SRR047010",-0.112071396219008,0.0932611035766749
"1927.SRS018838.SRX020572.SRR045958",-0.270957342214626,0.126753976602305
"1927.SRS043550.SRX020670.SRR046359",-0.158525247536424,-0.130270738908446
"1927.SRS014568.SRX020546.SRR043676",-0.335930947523708,0.293704103236951
"1927.SRS015127.SRX020546.SRR043678",-0.283086177248846,0.151745727687897
"1927.SRS014430.SRX020511.SRR045644",-0.158625393417683,-0.16865239328816
"1927.SRS048480.SRX020554.SRR043709",-0.137957516388494,-0.24169622618661
"1927.SRS014927.SRX020574.SRR043869",0.15743604628587,-0.09291876071345
"1927.SRS016062.SRX020539.SRR044157",-0.291655353186594,0.061466516786034
"1927.SRS015399.SRX020546.SRR043683",-0.15079626718293,-0.20790701834265
"1927.SRS014933.SRX020546.SRR043684",0.34462854388431,0.0668014449855373
"1927.SRS055461.SRX020554.SRR043735",-0.111750636270715,-0.230234276877551
"1927.SRS016129.SRX020516.SRR044296",-0.121811493555881,-0.267294340977947
"1927.SRS044617.SRX020540.SRR047108",-0.152554249351805,-0.238020543371113
"1927.SRS015980.SRX020539.SRR044186",-0.0701985122175091,-0.231881697289346
"1927.SRS016237.SRX020516.SRR044335",-0.104511384770626,-0.22561574344596
"1927.SRS016072.SRX020516.SRR044298",-0.100906822668301,-0.279731803399163
"1927.SRS016229.SRX020516.SRR044334",-0.135944520495215,-0.184186854982673
"1927.SRS015833.SRX020562.SRR044702",-0.0819107355280549,-0.240843038348266
"1927.SRS018633.SRX020572.SRR045966",-0.159628412023622,-0.127139934532567
"1927.SRS064082.SRX020532.SRR046920",-0.203735227072471,-0.184541740918189
"1927.SRS064375.SRX020532.SRR046924",-0.0181250358012398,0.0305045975434993
"1927.SRS052469.SRX020568.SRR047017",-0.222955639453832,0.231591728980651
"1927.SRS052729.SRX020578.SRR047253",-0.108367738192923,-0.218117645896973
"1927.SRS056329.SRX020540.SRR047293",-0.186290259754861,-0.147367211830521
"1927.SRS018946.SRX020572.SRR047593",-0.14511567293514,-0.262593155952061
"1927.SRS057836.SRX020578.SRR049621",-0.110471623066975,-0.177482578194794
"1927.SRS015245.SRX020577.SRR044070",-0.0865013768068016,-0.211091588063808
"1927.SRS052428.SRX020568.SRR047016",-0.149675610885475,-0.194902655741049
"1927.SRS018749.SRX020516.SRR044310",-0.26839661585017,0.273865975659631
"1927.SRS016213.SRX020516.SRR044325",0.488475247796722,0.190705929999604
"1927.SRS019261.SRX020516.SRR044331",-0.048129842928614,-0.217642368558819
"1927.SRS016052.SRX020536.SRR046112",0.0293665831154379,-0.0653693796406801
"1927.SRS053901.SRX020540.SRR047275",-0.1659586846023,-0.241075792390405
"1927.SRS018735.SRX020516.SRR044320",-0.25771628231698,0.0972402118745235
"1927.SRS015407.SRX020546.SRR043703",-0.117907988349156,-0.270576777325598
"1927.SRS015170.SRX020554.SRR043704",-0.226638991321661,0.193074796764868
"1927.SRS015176.SRX020554.SRR043724",-0.255862079097731,-0.0206679887887455
"1927.SRS016158.SRX020539.SRR044179",-0.166908679070004,-0.0932754203643277
"1927.SRS011490.SRX020667.SRR045246",-0.193733198279343,-0.0803157713597296
"1927.SRS015178.SRX020554.SRR047395",-0.240050411578109,-0.110556796625642
"1927.SRS014367.SRX020554.SRR043705",-0.129739539548251,-0.116461396611093
"1927.SRS016227.SRX020516.SRR044355",-0.304907251300234,0.183769879863499
"1927.SRS016016.SRX020539.SRR044136",-0.0879152203016039,-0.255051581941058
"1927.SRS016014.SRX020539.SRR044175",-0.103679687971676,-0.26221292871376
"1927.SRS016006.SRX020539.SRR044177",-0.216084611149864,-0.132935224002863
"1927.SRS016331.SRX020516.SRR044302",-0.0585884872020761,-0.282961693936576
"1927.SRS016333.SRX020516.SRR044327",-0.071401784980237,-0.253124166786707
"1927.SRS016323.SRX020516.SRR044339",-0.176846421977121,-0.154615925189798
"1927.SRS019578.SRX020543.SRR045555",-0.114961784816631,-0.245366484347819
"1927.SRS019570.SRX020511.SRR045613",-0.201478132499864,-0.140714458290217
"1927.SRS018954.SRX020572.SRR046000",-0.101028393021002,-0.279030087220242
"1927.SRS042093.SRX020531.SRR046046",-0.0435473765970036,-0.229641281694517
"1927.SRS057608.SRX020568.SRR046876",-0.0987499064955892,-0.22103197934115
"1927.SRS014605.SRX020546.SRR047390",-0.0633738190571045,-0.242468344306553
"1927.SRS016119.SRX020516.SRR047427",-0.271552894866346,0.259725814241645
"1927.SRS018956.SRX020572.SRR047599",-0.114643307593063,-0.280477013515318
"1927.SRS023512.SRX020678.SRR048029",-0.0965926498971144,-0.247929395556541
"1927.SRS014603.SRX020546.SRR049306",-0.0651885316424102,-0.283110694578836
"1927.SRS064820.SRX020512.SRR049579",0.55205309110849,0.18794459464396
"1927.SRS019769.SRX020577.SRR049847",-0.107938614914858,-0.28334704161318
"1927.SRS064715.SRX020532.SRR047049",-0.203929027126127,-0.202835307333159
"1927.SRS062660.SRX020532.SRR049641",-0.178039821844852,-0.194289213056694
"1927.SRS045061.SRX020670.SRR046228",-0.182074373684025,-0.168223679418839
"1927.SRS015237.SRX020577.SRR044025",-0.165951955219038,-0.167231863215749
"1927.SRS015528.SRX020539.SRR044153",-0.102189918837723,-0.243538318573431
"1927.SRS015720.SRX020539.SRR044198",-0.0867343579558212,-0.228116550509173
"1927.SRS019580.SRX020511.SRR045616",-0.0934159466556281,-0.25918558614365
"1927.SRS015309.SRX020554.SRR043714",-0.0576325961199149,-0.267964498251906
"1927.SRS011431.SRX020661.SRR044771",-0.150255426054981,-0.269294351015297
"1927.SRS016974.SRX020663.SRR045203",-0.2824151377188,0.106786645708457
"1927.SRS014677.SRX020511.SRR045614",-0.112252248622257,-0.25001619478184
"1927.SRS015874.SRX020554.SRR043728",-0.156492207553509,-0.178034704385823
"1927.SRS021617.SRX020675.SRR047749",-0.141866841635109,-0.138227035670936
"1927.SRS021609.SRX020675.SRR047753",-0.29375197429385,0.118871745214246
"1927.SRS021625.SRX020675.SRR047755",-0.162006421502762,-0.230654134017621
"1927.SRS011468.SRX020667.SRR045278",-0.0794463513496258,-0.24516674884937
"1927.SRS064910.SRX020532.SRR047047",-0.0682072268764842,-0.237587665958191
"1927.SRS015470.SRX020564.SRR047457",-0.104535208576006,-0.239466399238115
"1927.SRS014422.SRX020543.SRR047548",-0.100322325964292,-0.235130309533966
"1927.SRS015180.SRX020554.SRR043804",-0.155506845865706,-0.207164968889588
"1927.SRS053487.SRX020554.SRR043806",-0.168646427460809,-0.16990218151572
"1927.SRS057453.SRX020554.SRR043810",-0.28288039199146,0.211074648972376
"1927.SRS015188.SRX020554.SRR043825",-0.0772780608863661,-0.237026524556326
"1927.SRS057569.SRX020670.SRR046231",-0.0670217542045059,-0.249954113678235
"1927.SRS011431.SRX020659.SRR044998",-0.14702549923703,-0.271213992414497
"1927.SRS050944.SRX020536.SRR046107",0.116338202723574,-0.12597281415373
"1927.SRS049266.SRX020563.SRR046392",-0.127887110423824,-0.165500367402186
"1927.SRS011171.SRX020570.SRR047528",-0.261804832300082,0.0874925917284007
"1927.SRS015470.SRX020545.SRR044759",-0.107691490755111,-0.237184436034656
"1927.SRS014353.SRX020554.SRR043830",-0.0706680341584954,-0.270513857752221
"1927.SRS019580.SRX020543.SRR045585",-0.0966710308944894,-0.252289240403569
"1927.SRS014365.SRX020529.SRR049407",-0.0746281188814444,-0.27741184024955
"1927.SRS044027.SRX020550.SRR047712",-0.0966138495100939,-0.248354082614081
"1927.SRS046752.SRX020550.SRR047714",-0.0840540134854826,-0.245772631552784
"1927.SRS015194.SRX020574.SRR043844",0.423507561120813,0.159108077313146
"1927.SRS019558.SRX020574.SRR043858",0.346195548214405,0.172199548711074
"1927.SRS015192.SRX020574.SRR043863",0.503657088938991,0.183422681303638
"1927.SRS053355.SRX020677.SRR047996",-0.281474738517997,0.15148865559483
"1927.SRS063342.SRX020549.SRR049391",0.527017344360859,0.143365006267428
"1927.SRS015710.SRX020539.SRR049859",-0.262064837919877,0.135955208680506
"1927.SRS015235.SRX020577.SRR043972",-0.185332671755799,-0.184879634965533
"1927.SRS011627.SRX020667.SRR045230",-0.237491227347292,0.00627982189299251
"1927.SRS019677.SRX020574.SRR043873",0.331824319607894,0.129545992794604
"1927.SRS052230.SRX020577.SRR043970",-0.0893889025908672,-0.196691698485282
"1927.SRS019763.SRX020577.SRR044022",-0.171218974783174,-0.121046513784385
"1927.SRS015568.SRX020577.SRR044023",-0.17308771263695,-0.0689767061900337
"1927.SRS015566.SRX020577.SRR044037",-0.242682571398179,-0.060834310493874
"1927.SRS015556.SRX020577.SRR044072",-0.261989782905308,0.205955127054439
"1927.SRS046514.SRX020540.SRR049591",-0.114185942861992,-0.241667604888627
"1927.SRS011460.SRX020661.SRR044810",-0.201269366123724,-0.0891145523564232
"1927.SRS019572.SRX020543.SRR045599",-0.125929356337719,-0.235201578427361
"1927.SRS015360.SRX020577.SRR044056",-0.207939906988888,-0.151988915121212
"1927.SRS016281.SRX020577.SRR044029",-0.0773827651270244,-0.269098747899923
"1927.SRS015970.SRX020577.SRR044031",-0.216329886907241,-0.110802998214631
"1927.SRS015788.SRX020539.SRR044182",-0.101780335886654,-0.236436367479251
"1927.SRS022512.SRX020683.SRR048349",0.08296770884591,-0.0922985582932335
"1927.SRS042102.SRX020677.SRR047963",-0.149988225057819,-0.197661207436242
"1927.SRS015564.SRX020577.SRR044033",-0.263456288986572,0.221852323941125
"1927.SRS051437.SRX020577.SRR044035",-0.187692284616027,-0.187902848033763
"1927.SRS015366.SRX020577.SRR044039",-0.118560649194841,-0.22901605997749
"1927.SRS015635.SRX020539.SRR044142",-0.0879163955661834,-0.255654099884888
"1927.SRS015520.SRX020539.SRR044191",-0.164444388176845,-0.109369612413956
"1927.SRS015625.SRX020539.SRR049861",-0.174698852956881,-0.0837833684251924
"1927.SRS011571.SRX020661.SRR044815",-0.183009392241601,-0.194574198268203
"1927.SRS011460.SRX020659.SRR045003",-0.203600222691053,-0.0918545984786605
"1927.SRS011468.SRX020663.SRR045204",-0.0754967687830205,-0.246308826773803
"1927.SRS019572.SRX020511.SRR045635",-0.125215389988492,-0.240306658847196
"1927.SRS014675.SRX020511.SRR045650",-0.0913076584484418,-0.255191055267525
"1927.SRS018938.SRX020572.SRR046001",-0.293112693030864,0.241548545729684
"1927.SRS053278.SRX020568.SRR046867",-0.10549910275893,-0.251716769623555
"1927.SRS014424.SRX020511.SRR047552",-0.0907430746184012,-0.228546040654337
"1927.SRS058210.SRX020677.SRR047962",-0.116462058386547,-0.23753928570526
"1927.SRS051976.SRX020577.SRR044046",-0.203390837187407,-0.152378605537209
"1927.SRS015968.SRX020577.SRR044048",-0.328603440311497,0.242460341454374
"1927.SRS053409.SRX020577.SRR044055",-0.145065861042898,-0.215622259227229
"1927.SRS016273.SRX020577.SRR044059",-0.23743679335174,-0.0509463060444372
"1927.SRS019761.SRX020577.SRR044062",-0.314367256699856,0.124261501046397
"1927.SRS015358.SRX020577.SRR044063",-0.23007721045688,-0.107299589472637
"1927.SRS011359.SRX020570.SRR045460",-0.300851943648462,0.342216860972045
"1927.SRS046149.SRX020577.SRR044078",-0.272969683846344,0.0717733971100405
"1927.SRS015368.SRX020577.SRR044081",-0.0919576541438619,-0.217879934374787
"1927.SRS019570.SRX020543.SRR047541",-0.207404181169232,-0.140029769943047
"1927.SRS014323.SRX020546.SRR049219",-0.115539249258126,-0.22620331358021
"1927.SRS015574.SRX020577.SRR044085",-0.065579350917388,-0.222643086519925
"1927.SRS015572.SRX020577.SRR044090",-0.0552818399293886,-0.0464241662988941
"1927.SRS015766.SRX020539.SRR044169",-0.21762934543689,-0.127158866023686
"1927.SRS011367.SRX020663.SRR045155",-0.307156992354852,0.184808533500339
"1927.SRS011361.SRX020570.SRR045458",-0.316683145682624,0.256619383932692
"1927.SRS016156.SRX020539.SRR049854",-0.23868436130173,0.0426533736423752
"1927.SRS011569.SRX020659.SRR045062",-0.0788935996703347,-0.265584834467186
"1927.SRS011367.SRX020667.SRR045235",-0.309557436196553,0.194813529204726
"1927.SRS011363.SRX020667.SRR045281",-0.194501648124696,-0.0191714564394097
"1927.SRS011466.SRX020667.SRR045250",-0.265936482927518,0.16172206431434
"1927.SRS015669.SRX020539.SRR044126",-0.270219423933079,0.330959477632067
"1927.SRS019005.SRX020520.SRR044626",0.189249591052071,0.0608689133912562
"1927.SRS063933.SRX020549.SRR046470",0.0417086027938171,-0.0458416484164424
"1927.SRS057978.SRX020540.SRR047284",-0.0727590564517122,-0.240531872781564
"1927.SRS015722.SRX020539.SRR044130",-0.0587422267022482,-0.226398720695588
"1927.SRS015714.SRX020539.SRR044134",-0.192394589673998,-0.153005907768811
"1927.SRS016008.SRX020539.SRR044166",-0.164048251794274,-0.127278312148714
"1927.SRS014677.SRX020543.SRR045578",-0.120746653571389,-0.240442878830529
"1927.SRS015633.SRX020539.SRR044143",-0.0758423037434844,-0.252608741348144
"1927.SRS015712.SRX020539.SRR044144",-0.155950176085005,-0.183075490540265
"1927.SRS015681.SRX020539.SRR044193",-0.103449197200224,-0.247984455680801
"1927.SRS055203.SRX020670.SRR046353",-0.149070239461256,-0.170796184112928
"1927.SRS016160.SRX020539.SRR044163",-0.0788152794180225,-0.181078856644796
"1927.SRS016974.SRX020667.SRR045276",-0.282142280531245,0.111400268631889
"1927.SRS055450.SRX020578.SRR047319",-0.0997237046756442,-0.23552970514806
"1927.SRS011571.SRX020659.SRR045040",-0.178615993918915,-0.201662686931767
"1927.SRS019578.SRX020511.SRR045641",-0.111753589618536,-0.25130569455399
"1927.SRS019107.SRX020564.SRR047453",-0.125707416055218,-0.216676049424159
"1927.SRS014653.SRX020511.SRR047555",-0.276165911295692,0.122230425414625
"1927.SRS022948.SRX020675.SRR047817",-0.106111114632466,-0.239979454246225
"1927.SRS013559.SRX020678.SRR048035",-0.245906255029148,-0.0109143266708173
"1927.SRS016002.SRX020539.SRR044181",-0.270228952736814,0.302561662722459
"1927.SRS015998.SRX020539.SRR044184",-0.237923689207688,0.216495010768105
"1927.SRS015673.SRX020539.SRR044194",-0.158371605372642,-0.18034038524647
"1927.SRS016123.SRX020516.SRR044341",-0.0935517301521971,-0.189159443737115
"1927.SRS015835.SRX020562.SRR044704",-0.0964090542980908,-0.237053800604777
"1927.SRS063462.SRX020670.SRR047677",-0.270614888447491,-0.0313208891173064
"1927.SRS016121.SRX020516.SRR044304",-0.165601281199748,-0.139744440445276
"1927.SRS019900.SRX020516.SRR044307",-0.218163983186477,-0.130480759878369
"1927.SRS062777.SRX020670.SRR046257",-0.216768819447747,-0.103910622040116
"1927.SRS065151.SRX020670.SRR046354",-0.0559733427651812,-0.221996899218227
"1927.SRS053128.SRX020568.SRR046868",-0.120702071965318,-0.274461921446806
"1927.SRS019249.SRX020516.SRR044338",-0.321175629742743,0.318201911324848
"1927.SRS016131.SRX020516.SRR044319",-0.117485477346183,-0.254989337353988
"1927.SRS019257.SRX020516.SRR044326",-0.259826455917144,0.351883827230503
"1927.SRS056493.SRX020550.SRR046443",-0.108456376276519,-0.226376054613782
"1927.SRS016321.SRX020516.SRR044350",-0.30370439791585,0.161780640002667
"1927.SRS053061.SRX020568.SRR046937",-0.264829767804219,0.103178739072654
"1927.SRS016068.SRX020516.SRR044362",-0.280982124870711,0.261306030602128
"1927.SRS018753.SRX020516.SRR044365",-0.113743629118397,-0.154980525664167
"1927.SRS016325.SRX020516.SRR044368",-0.161703113206833,-0.217679882238128
"1927.SRS018587.SRX020516.SRR044371",-0.245852862183107,0.25751049334169
"1927.SRS016176.SRX020525.SRR044515",0.142621374932034,-0.0515760484205834
"1927.SRS018761.SRX020525.SRR044531",-0.0223018090839127,-0.150799202938485
"1927.SRS016178.SRX020525.SRR044540",0.00911857962949545,-0.049277538741141
"1927.SRS015605.SRX020525.SRR044549",0.0314186997128925,-0.0923692971112141
"1927.SRS015653.SRX020525.SRR044551",0.157450264799609,-0.0670420754645869
"1927.SRS015249.SRX020525.SRR044553",0.108679024436292,-0.0567779954154871
"1927.SRS018755.SRX020525.SRR044563",0.062528501492981,-0.0816403727732452
"1927.SRS018997.SRX020510.SRR044584",-0.0638988111606325,-0.274799154927063
"1927.SRS018999.SRX020510.SRR044587",-0.0988600877299991,-0.235551667679504
"1927.SRS018989.SRX020510.SRR044591",-0.255794029967887,-0.0941061208374017
"1927.SRS019005.SRX020510.SRR044596",0.195626679768129,0.0597947412803351
"1927.SRS015931.SRX020520.SRR044613",-0.0624804051895923,-0.26120991601529
"1927.SRS018999.SRX020520.SRR044617",-0.0916369271715554,-0.239098336172159
"1927.SRS015807.SRX020562.SRR044699",0.452897035105665,0.134337794697291
"1927.SRS019101.SRX020564.SRR044714",-0.185777643375356,-0.143526011164642
"1927.SRS019097.SRX020564.SRR044724",-0.246265383021256,-0.0430339494109041
"1927.SRS019109.SRX020564.SRR044733",-0.138725718907842,-0.192028427336439
"1927.SRS019107.SRX020545.SRR044735",-0.123496089461269,-0.216917888522955
"1927.SRS019099.SRX020545.SRR044741",-0.193851735742455,-0.186749529682408
"1927.SRS019101.SRX020545.SRR044742",-0.182561974762443,-0.147182757567805
"1927.SRS015464.SRX020545.SRR044743",-0.204827769278523,-0.100288884840571
"1927.SRS046586.SRX020670.SRR046330",-0.0508900244215156,-0.153455948638914
"1927.SRS051935.SRX020670.SRR046335",-0.100119000349167,-0.206879970172487
"1927.SRS062908.SRX020548.SRR047345",-0.150378198565692,-0.22986783575988
"1927.SRS019109.SRX020545.SRR044760",-0.13790878948245,-0.196513345381562
"1927.SRS011518.SRX020661.SRR044761",-0.0955757775335638,-0.220559224108141
"1927.SRS011175.SRX020661.SRR044766",-0.0146898058954373,-0.165984833262104
"1927.SRS011165.SRX020661.SRR044777",-0.239970964010755,-0.080080349219538
"1927.SRS011421.SRX020663.SRR045156",-0.25434658001463,0.0609232615599755
"1927.SRS011163.SRX020570.SRR045452",-0.198466861180477,0.0386853025478961
"1927.SRS011470.SRX020661.SRR044773",-0.149654798077813,-0.125577922640324
"1927.SRS011588.SRX020661.SRR044782",-0.277543270982884,0.152618463367907
"1927.SRS011520.SRX020661.SRR044783",-0.0716067719676405,-0.215862006665097
"1927.SRS011407.SRX020661.SRR044785",-0.288889456683343,0.115814862980109
"1927.SRS011433.SRX020661.SRR044789",-0.0976965988027638,-0.212601118476498
"1927.SRS011423.SRX020661.SRR044794",-0.210824041753463,-0.149678625102124
"1927.SRS011494.SRX020661.SRR044795",-0.0563530800822217,-0.178559288184926
"1927.SRS011594.SRX020661.SRR044796",-0.196798090517242,-0.0787861335751028
"1927.SRS011417.SRX020661.SRR044797",-0.287777014533318,0.213983220994606
"1927.SRS011545.SRX020661.SRR044814",-0.0786008946760928,-0.234429994818516
"1927.SRS011669.SRX020661.SRR044817",-0.115136541161979,-0.205450063647965
"1927.SRS011173.SRX020661.SRR044818",-0.0391755504393586,-0.180121729491301
"1927.SRS011167.SRX020661.SRR044828",-0.125388550691818,-0.147567797319939
"1927.SRS011638.SRX020661.SRR044830",-0.111310425658173,-0.172643982350003
"1927.SRS011663.SRX020661.SRR044838",-0.154910108191982,-0.204349738486809
"1927.SRS011429.SRX020663.SRR045163",-0.244593101462903,0.302706954131349
"1927.SRS011165.SRX020659.SRR045005",-0.239001968331569,-0.0840802172386052
"1927.SRS011520.SRX020659.SRR045010",-0.0706416933416369,-0.220329536011145
"1927.SRS011594.SRX020659.SRR045024",-0.188852312982016,-0.0922068618694754
"1927.SRS011407.SRX020659.SRR045012",-0.284567516183111,0.11551542630219
"1927.SRS011433.SRX020659.SRR045016",-0.0981918437913289,-0.206839846879447
"1927.SRS011177.SRX020659.SRR045018",0.18642894028463,-0.0691047115111127
"1927.SRS011423.SRX020659.SRR045022",-0.216071110753456,-0.147254542769717
"1927.SRS011182.SRX020570.SRR045449",0.466386199228408,0.125072827200171
"1927.SRS011494.SRX020659.SRR045023",-0.0512269177935714,-0.194158500167814
"1927.SRS011598.SRX020659.SRR047487",-0.176000038273602,-0.11522103115732
"1927.SRS011512.SRX020659.SRR045025",-0.135888197300641,-0.208980534054449
"1927.SRS011456.SRX020659.SRR045034",-0.234784063864811,0.313182475936471
"1927.SRS011563.SRX020663.SRR045200",-0.174652529232467,-0.13188244329879
"1927.SRS011669.SRX020659.SRR045042",-0.114546621391027,-0.213770837680712
"1927.SRS011173.SRX020659.SRR045043",-0.0395284329191256,-0.181836926176681
"1927.SRS011167.SRX020659.SRR045052",-0.12646283242439,-0.152494415133249
"1927.SRS011638.SRX020659.SRR045054",-0.101293417154906,-0.191401362762327
"1927.SRS011671.SRX020659.SRR045057",-0.113640260664244,-0.214180739224289
"1927.SRS011663.SRX020659.SRR045061",-0.153872047366755,-0.205619672129149
"1927.SRS011629.SRX020663.SRR045139",-0.271663658271543,0.0318124197506785
"1927.SRS011169.SRX020663.SRR045141",-0.281178585961001,0.113759080020796
"1927.SRS011159.SRX020663.SRR045145",-0.296789911298199,0.212091488780814
"1927.SRS011462.SRX020663.SRR045147",-0.130772496715817,-0.197774055783372
"1927.SRS011592.SRX020663.SRR045153",-0.25610803845705,0.0820389988288081
"1927.SRS048090.SRX020511.SRR049329",-0.122385758880142,-0.239378499486489
"1927.SRS011561.SRX020663.SRR045162",-0.211327699189577,-0.0702292305555707
"1927.SRS011631.SRX020663.SRR045165",-0.178675131934042,-0.176171805864578
"1927.SRS011508.SRX020663.SRR045168",-0.198419879447285,-0.119120119849477
"1927.SRS011466.SRX020663.SRR045171",-0.264528120536467,0.154438355161966
"1927.SRS011458.SRX020663.SRR045179",-0.271246180709758,0.17016061401096
"1927.SRS011661.SRX020663.SRR045183",-0.155045122233578,-0.165618890733385
"1927.SRS011363.SRX020663.SRR045208",-0.177536927976665,-0.0427268103252551
"1927.SRS011454.SRX020667.SRR047499",-0.279556764749855,0.207971398840207
"1927.SRS011629.SRX020667.SRR045216",-0.278032375564545,0.0399272176252698
"1927.SRS011169.SRX020667.SRR045220",-0.276963216534395,0.11094428350027
"1927.SRS011421.SRX020667.SRR045236",-0.25406082751746,0.056028311994054
"1927.SRS011659.SRX020667.SRR045237",-0.213942618788819,0.0188174649284186
"1927.SRS011561.SRX020667.SRR045241",-0.207657040361141,-0.0760685370436874
"1927.SRS011458.SRX020667.SRR045258",-0.271510798305323,0.168381634607189
"1927.SRS011661.SRX020667.SRR045261",-0.156483504012896,-0.163953419101517
"1927.SRS011514.SRX020667.SRR045264",-0.239331279747123,0.034340603238987
"1927.SRS011506.SRX020667.SRR045275",-0.301004266801969,0.285047360079039
"1927.SRS011510.SRX020667.SRR045277",-0.252046491713683,-0.0814684354510178
"1927.SRS011454.SRX020663.SRR046238",-0.278222602295778,0.204958470077845
"1927.SRS011182.SRX020537.SRR045378",0.474809381314119,0.122521964505355
"1927.SRS011163.SRX020537.SRR045380",-0.17926307240702,0.0145337462245485
"1927.SRS011171.SRX020537.SRR045382",-0.262022682926041,0.0862137176482852
"1927.SRS065010.SRX020532.SRR047033",-0.112952379726144,-0.248843542897443
"1927.SRS011361.SRX020537.SRR045390",-0.315803670176559,0.261527936786601
"1927.SRS011359.SRX020537.SRR045392",-0.305673267625626,0.343738478876054
"1927.SRS011438.SRX020571.SRR045474",0.0371578342163763,-0.171153666806797
"1927.SRS018686.SRX020572.SRR045980",-0.153470003318099,-0.122450971309236
"1927.SRS048090.SRX020543.SRR045576",-0.123883420787732,-0.23296740446895
"1927.SRS049589.SRX020543.SRR045581",-0.214361905387532,-0.0811571121224887
"1927.SRS014428.SRX020543.SRR045586",-0.311441521981052,0.0985862530206853
"1927.SRS043226.SRX020543.SRR045590",-0.287504575704099,0.0685775376348083
"1927.SRS014653.SRX020543.SRR045591",-0.282269183151233,0.125666068107896
"1927.SRS055161.SRX020543.SRR045594",-0.0801803779292515,-0.202301500516155
"1927.SRS050470.SRX020543.SRR045596",-0.0963459461226025,-0.27204258216799
"1927.SRS019574.SRX020543.SRR045597",-0.295577624433761,0.315673995354116
"1927.SRS014675.SRX020543.SRR045601",-0.108435071971853,-0.251744198875004
"1927.SRS019556.SRX020511.SRR045618",0.123417886908551,0.0158423259258171
"1927.SRS019552.SRX020511.SRR045619",0.489735607033657,0.199679030888815
"1927.SRS014432.SRX020511.SRR045636",-0.14904196486566,-0.224150294065108
"1927.SRS014428.SRX020511.SRR045642",-0.308395638984013,0.104739897681143
"1927.SRS050470.SRX020511.SRR045643",-0.102044428852855,-0.273779397031317
"1927.SRS049589.SRX020511.SRR045655",-0.205979878228479,-0.0977940064240663
"1927.SRS055161.SRX020511.SRR045662",-0.0836019916623755,-0.201946669284614
"1927.SRS014651.SRX020511.SRR045667",-0.282698794923662,0.263658923770843
"1927.SRS014911.SRX020555.SRR045669",-0.161773954750999,-0.117988151376299
"1927.SRS014552.SRX020555.SRR045673",-0.10505862403549,-0.241617042461298
"1927.SRS015409.SRX020555.SRR045683",-0.0677351769242157,-0.271466006764704
"1927.SRS015129.SRX020555.SRR045698",-0.112072192173206,-0.206474638799604
"1927.SRS014564.SRX020555.SRR045708",-0.171263915630292,-0.103443665411945
"1927.SRS014595.SRX020555.SRR045710",-0.262823395034954,0.136444468261846
"1927.SRS015399.SRX020555.SRR045719",-0.143460553312557,-0.223100917755061
"1927.SRS014919.SRX020555.SRR045732",-0.0816921617026676,-0.267372768265306
"1927.SRS014903.SRX020547.SRR045752",-0.230010007464791,0.0292408751332733
"1927.SRS051071.SRX020568.SRR049533",-0.294290486379522,0.126183426889546
"1927.SRS050795.SRX020575.SRR045823",0.289962513883217,0.0460507077350986
"1927.SRS019312.SRX020575.SRR045831",0.0397305118663258,-0.0824788011748516
"1927.SRS019498.SRX020575.SRR045838",0.387621882509533,0.288966188905942
"1927.SRS019310.SRX020575.SRR046007",0.464771510297232,0.151728156067341
"1927.SRS019625.SRX020575.SRR046014",0.510035241053591,0.132299013960484
"1927.SRS019524.SRX020572.SRR045946",-0.238927671781591,-0.0639381834357087
"1927.SRS011635.SRX020659.SRR047490",-0.0908078777461222,-0.230058868402875
"1927.SRS019361.SRX020572.SRR045949",-0.125564267418543,-0.277169289476688
"1927.SRS019355.SRX020572.SRR045952",-0.128826200394048,-0.232805088445539
"1927.SRS019294.SRX020572.SRR047585",-0.234508403424678,-0.0220930945904157
"1927.SRS019353.SRX020572.SRR045961",-0.170281128833385,-0.225256830243197
"1927.SRS018852.SRX020572.SRR045969",-0.262980043489694,0.298326711743993
"1927.SRS019292.SRX020572.SRR045973",-0.248098763760929,0.302333188869403
"1927.SRS018900.SRX020572.SRR045975",-0.170202366834533,-0.12233713113207
"1927.SRS019532.SRX020572.SRR049344",-0.129888061209454,-0.158045595807219
"1927.SRS048671.SRX020531.SRR046044",-0.177491437406752,-0.18563046967248
"1927.SRS019363.SRX020572.SRR046006",-0.139270276264496,-0.273454176588335
"1927.SRS018962.SRX020575.SRR046015",0.174729343334988,-0.00593218213747072
"1927.SRS045122.SRX020575.SRR046022",0.0828587390458493,-0.106498501411744
"1927.SRS057300.SRX020531.SRR046033",-0.153366096029611,-0.213231568818508
"1927.SRS053216.SRX020531.SRR046049",-0.106799352732801,-0.233152451194697
"1927.SRS014903.SRX020557.SRR046071",-0.231636129929361,0.0350273024992501
"1927.SRS015530.SRX020557.SRR046083",-0.0940754029635872,-0.239120096300288
"1927.SRS015196.SRX020536.SRR046117",0.0554915467422645,-0.0953796961746444
"1927.SRS044700.SRX020670.SRR046227",-0.0735815770396193,-0.207001819600424
"1927.SRS050858.SRX020549.SRR046485",0.495478190361575,0.193849734598872
"1927.SRS014657.SRX020511.SRR046240",-0.107429381584242,-0.193427907656267
"1927.SRS042627.SRX020670.SRR046247",-0.185962293604519,-0.062841166209215
"1927.SRS044901.SRX020670.SRR046250",-0.0921966226325086,-0.177775263076533
"1927.SRS064663.SRX020670.SRR046261",-0.310375694751517,0.172247199153109
"1927.SRS045226.SRX020670.SRR046263",-0.133003865902657,-0.208392037741432
"1927.SRS054441.SRX020670.SRR046329",-0.0547980874791167,-0.199146059720015
"1927.SRS053092.SRX020670.SRR046352",-0.246937982627959,0.0970043919288566
"1927.SRS045483.SRX020670.SRR046362",-0.240515173618236,0.061442159488836
"1927.SRS054907.SRX020670.SRR046365",-0.140582358904534,-0.206234815474454
"1927.SRS046921.SRX020542.SRR046373",-0.0348357820338608,-0.261722123722825
"1927.SRS063594.SRX020542.SRR046375",-0.163091743711974,-0.178369914231623
"1927.SRS054796.SRX020563.SRR046403",0.00979652873300738,-0.0568576994621911
"1927.SRS054039.SRX020550.SRR046424",-0.27949378766605,0.304367449739792
"1927.SRS043219.SRX020550.SRR046436",-0.212090610153503,-0.0984924651828573
"1927.SRS057689.SRX020550.SRR046438",-0.0900720857024343,-0.261182194979332
"1927.SRS047158.SRX020550.SRR046448",-0.0622980124673593,-0.242452734620313
"1927.SRS062749.SRX020569.SRR046507",-0.151085826384535,-0.144970968917272
"1927.SRS065336.SRX020569.SRR046509",-0.0890652945357087,-0.191227254003102
"1927.SRS064713.SRX020569.SRR046541",-0.0490754829323327,-0.232291345397577
"1927.SRS065278.SRX020569.SRR046548",-0.241140375949402,0.312295126907853
"1927.SRS018635.SRX020529.SRR046577",-0.136636412775497,-0.176287175643249
"1927.SRS062954.SRX020569.SRR046610",-0.313113422687393,0.135559316504095
"1927.SRS064809.SRX020569.SRR046612",-0.171777850900554,-0.219862184763386
"1927.SRS063287.SRX020569.SRR046615",-0.18462768662062,-0.0591646194966761
"1927.SRS065037.SRX020569.SRR046654",-0.0850562504398884,-0.18515781595632
"1927.SRS063513.SRX020569.SRR046701",-0.115343398894929,-0.230645290872224
"1927.SRS062662.SRX020569.SRR046703",-0.188799604813841,-0.163276708545269
"1927.SRS064291.SRX020569.SRR046704",-0.110200038896329,-0.194539378739909
"1927.SRS064792.SRX020532.SRR046826",-0.119023557089748,-0.217257856441826
"1927.SRS053142.SRX020568.SRR046842",-0.101900030427914,-0.172815278770671
"1927.SRS043336.SRX020568.SRR046844",-0.302795653494076,0.345522524486207
"1927.SRS049634.SRX020568.SRR046870",-0.196476584574142,-0.152215077621068
"1927.SRS058805.SRX020568.SRR046872",-0.162157624236705,-0.219497283906894
"1927.SRS064564.SRX020532.SRR046896",-0.165469723223506,-0.157528307887341
"1927.SRS063636.SRX020532.SRR047001",-0.181498795978883,-0.0342614033195794
"1927.SRS065292.SRX020532.SRR049562",-0.276951227192674,0.257354800887886
"1927.SRS062793.SRX020532.SRR046993",-0.103175583639404,-0.241984336330099
"1927.SRS065615.SRX020532.SRR046912",0.179308164410755,-0.00205487508872875
"1927.SRS063859.SRX020532.SRR046926",-0.114212220883389,-0.247781485371597
"1927.SRS064025.SRX020532.SRR046927",-0.0843517154854453,-0.228855738876805
"1927.SRS042595.SRX020568.SRR046928",-0.249622204914892,0.305021428423874
"1927.SRS049882.SRX020568.SRR046929",-0.21463339486465,-0.00574568663953798
"1927.SRS023005.SRX020675.SRR047769",-0.225630039190432,-0.0666746961511181
"1927.SRS050958.SRX020568.SRR049536",-0.0665762983970786,-0.265569551228879
"1927.SRS043758.SRX020568.SRR046940",-0.303854934682693,0.238279636384327
"1927.SRS063173.SRX020532.SRR047057",-0.247324863355118,0.0111935263842176
"1927.SRS063766.SRX020532.SRR046967",-0.205262737720616,-0.170794563894912
"1927.SRS065069.SRX020532.SRR046969",-0.100366472383504,-0.181444651508036
"1927.SRS065489.SRX020532.SRR046971",-0.201997061220827,-0.118134896793895
"1927.SRS065630.SRX020532.SRR046972",-0.0736337133619188,-0.221025634022761
"1927.SRS064328.SRX020532.SRR046973",-0.223488920308822,-0.0879280563303231
"1927.SRS054065.SRX020568.SRR047009",-0.247787138630844,0.348079498541836
"1927.SRS050262.SRX020568.SRR047024",-0.135084775555074,-0.269359950885247
"1927.SRS064226.SRX020532.SRR047040",-0.123698558109027,-0.133908627946151
"1927.SRS065582.SRX020532.SRR047041",-0.250694183313513,0.310594673297836
"1927.SRS063132.SRX020512.SRR047062",-0.0131886974779452,0.227942947648751
"1927.SRS042783.SRX020540.SRR047114",-0.166757790592334,-0.125835662917649
"1927.SRS044788.SRX020540.SRR047122",-0.195526765418851,-0.110502380903536
"1927.SRS053264.SRX020580.SRR047186",-0.28317958326993,0.240109485301169
"1927.SRS051513.SRX020578.SRR047236",-0.181638797941741,-0.154599692651499
"1927.SRS052423.SRX020540.SRR047258",-0.123761834150454,-0.222670420429298
"1927.SRS057730.SRX020540.SRR047296",-0.305385373013644,0.251858610777023
"1927.SRS046788.SRX020578.SRR047299",-0.171656505077807,-0.138205153227573
"1927.SRS053902.SRX020578.SRR047317",-0.292412481621828,0.136351672407464
"1927.SRS052746.SRX020578.SRR047318",-0.0480526048238007,-0.241817798119444
"1927.SRS065570.SRX020548.SRR047346",0.237263155449647,0.0860921747143685
"1927.SRS065424.SRX020548.SRR047348",-0.259320836550075,-0.0370259768322929
"1927.SRS014556.SRX020546.SRR047375",-0.303537181985741,0.218114762080378
"1927.SRS014597.SRX020546.SRR047384",-0.274801611033525,-0.00587941112273699
"1927.SRS023514.SRX020677.SRR047948",-0.100991574044704,-0.225539489868687
"1927.SRS057093.SRX020677.SRR047961",-0.322125749769987,0.186329226748273
"1927.SRS019906.SRX020516.SRR047422",-0.056915378475775,-0.262886533837519
"1927.SRS018745.SRX020516.SRR047429",-0.14847128921838,-0.223322667301154
"1927.SRS015823.SRX020562.SRR047451",-0.268024258223097,0.00212861331992054
"1927.SRS011512.SRX020661.SRR047462",-0.135963640025315,-0.210243161485611
"1927.SRS011635.SRX020661.SRR047465",-0.0899341781643974,-0.231743339145958
"1927.SRS011518.SRX020659.SRR047482",-0.099886138324354,-0.216025203214238
"1927.SRS011417.SRX020659.SRR047484",-0.291728410136339,0.211297517984832
"1927.SRS011482.SRX020663.SRR047496",-0.272654336503276,0.215109586390897
"1927.SRS011627.SRX020663.SRR047498",-0.224140992470142,-0.00559356251273008
"1927.SRS011464.SRX020667.SRR047504",-0.266208908584047,0.197812012936601
"1927.SRS019556.SRX020543.SRR047543",0.166986091791534,0.0300477114042431
"1927.SRS014424.SRX020543.SRR047547",-0.0953434605153174,-0.221020525082315
"1927.SRS018848.SRX020572.SRR047583",-0.174937915348379,-0.13026182736453
"1927.SRS018682.SRX020572.SRR047588",-0.317502434704524,0.248893166777861
"1927.SRS019351.SRX020572.SRR047592",-0.227420945573457,0.0248182702595829
"1927.SRS019705.SRX020575.SRR047605",0.460471181330716,0.212139999372648
"1927.SRS019832.SRX020575.SRR047606",0.51877453348889,0.199789128932474
"1927.SRS018700.SRX020575.SRR047608",0.200587707501186,0.070618607282837
"1927.SRS064603.SRX020542.SRR047680",-0.151686517026942,-0.205290744531315
"1927.SRS050055.SRX020563.SRR047699",-0.0887558488458469,-0.0663805570068495
"1927.SRS051359.SRX020550.SRR047704",-0.0754730944120748,-0.234905052636171
"1927.SRS058695.SRX020550.SRR047705",-0.138407866508225,-0.177154756629157
"1927.SRS050012.SRX020550.SRR047709",-0.119642135012371,-0.250691695946182
"1927.SRS021615.SRX020675.SRR047750",-0.288956175939554,0.0472260677508352
"1927.SRS023017.SRX020675.SRR047779",0.530033449887218,0.179040634682243
"1927.SRS023003.SRX020675.SRR047767",-0.302816395768563,0.318641113434441
"1927.SRS022995.SRX020675.SRR047771",-0.279931625218948,0.258177640674827
"1927.SRS023013.SRX020675.SRR047772",-0.0968658949848064,-0.196271507553939
"1927.SRS023009.SRX020675.SRR047774",-0.298844629873933,0.35349032524376
"1927.SRS022999.SRX020675.SRR047775",-0.284491225441569,0.355001159615403
"1927.SRS023021.SRX020675.SRR047778",-0.051342496441866,-0.0608052858922403
"1927.SRS021930.SRX020675.SRR047787",-0.164230504613623,0.129469103903647
"1927.SRS021936.SRX020675.SRR047789",-0.0959855703823663,-0.227611041115922
"1927.SRS021555.SRX020675.SRR047799",-0.245434855116808,0.132255322728314
"1927.SRS021569.SRX020675.SRR047808",0.2659655517906,0.0750196047169767
"1927.SRS021575.SRX020675.SRR047809",-0.218082698019138,0.163852175157719
"1927.SRS022932.SRX020675.SRR047816",-0.264151486952692,0.238017373605499
"1927.SRS020143.SRX020676.SRR047851",-0.0782568734726539,-0.220158275358846
"1927.SRS020192.SRX020676.SRR047860",-0.208347066317641,-0.0960543985898865
"1927.SRS020190.SRX020676.SRR047861",-0.286127222514632,0.107619642756869
"1927.SRS020184.SRX020676.SRR047864",-0.261181081734139,0.110212889300013
"1927.SRS020202.SRX020676.SRR047865",-0.103834644567279,-0.243975743004
"1927.SRS020208.SRX020676.SRR047870",0.0990843979468721,-0.0391998705170963
"1927.SRS023502.SRX020677.SRR047944",-0.275276846418845,0.0983292380290559
"1927.SRS023506.SRX020677.SRR047945",-0.0903331467698762,-0.163772916268887
"1927.SRS023496.SRX020677.SRR047947",-0.259832872981236,0.212178431946253
"1927.SRS055772.SRX020677.SRR047957",-0.229565228094316,-0.0203410705598951
"1927.SRS046924.SRX020677.SRR047958",-0.302538901196766,0.0716011425136154
"1927.SRS057073.SRX020677.SRR047959",-0.167337537017138,-0.172994351341129
"1927.SRS056702.SRX020677.SRR047960",-0.262031894968411,0.052632813480934
"1927.SRS058399.SRX020677.SRR047964",-0.307332170534248,0.326141424126444
"1927.SRS047619.SRX020677.SRR047966",0.279026070527774,0.025721816216674
"1927.SRS013563.SRX020677.SRR047983",-0.244416570796816,0.00893429972160357
"1927.SRS013567.SRX020677.SRR047986",-0.107469302821882,-0.218322123087111
"1927.SRS013555.SRX020677.SRR047988",-0.31040770805389,0.340014187462684
"1927.SRS055904.SRX020677.SRR047994",-0.131303226283778,-0.140231086083757
"1927.SRS049196.SRX020677.SRR047997",-0.11631025067073,-0.17807232069101
"1927.SRS013782.SRX020677.SRR048010",-0.3102044540167,0.201326340093006
"1927.SRS023019.SRX020678.SRR048014",0.0546151657750075,0.0153707277647348
"1927.SRS021573.SRX020678.SRR048016",0.0309024557533977,-0.0715820374610919
"1927.SRS022512.SRX020678.SRR048023",0.0546489830514672,-0.162423857257747
"1927.SRS042206.SRX020678.SRR048033",-0.280634859009138,0.108823404561823
"1927.SRS024535.SRX020678.SRR048040",-0.105094440768652,-0.205374591694315
"1927.SRS021928.SRX020683.SRR048326",-0.155674576540486,-0.0901684136971004
"1927.SRS020143.SRX020683.SRR048333",-0.0748628607146992,-0.233141831228438
"1927.SRS023520.SRX020683.SRR048355",0.0653149771826095,-0.0718629196752552
"1927.SRS056008.SRX020683.SRR048356",0.120187115794623,-0.0119446408616814
"1927.SRS013786.SRX020683.SRR048359",-0.0785327288473197,-0.229931831985034
"1927.SRS015825.SRX020562.SRR049225",-0.168980319537604,-0.194886412509616
"1927.SRS011598.SRX020661.SRR049229",-0.173991734560958,-0.116934374700025
"1927.SRS014432.SRX020543.SRR049327",-0.137171539168723,-0.215855380640167
"1927.SRS019403.SRX020575.SRR049339",0.0729591791952838,-0.0733591687630156
"1927.SRS019349.SRX020572.SRR049345",-0.265106772645502,0.280101553726962
"1927.SRS054669.SRX020531.SRR049351",-0.0417249010997384,-0.202930133720056
"1927.SRS054288.SRX020549.SRR049392",0.515813781097268,0.185529853825137
"1927.SRS050199.SRX020549.SRR049401",0.294866574655917,-0.00367162118887707
"1927.SRS064327.SRX020569.SRR049419",-0.205187347145066,-0.0457136138978312
"1927.SRS063728.SRX020569.SRR049439",-0.195391360295527,-0.126418507287161
"1927.SRS064079.SRX020569.SRR049441",-0.294711979988005,0.208173847490609
"1927.SRS065607.SRX020569.SRR049458",-0.169497776409282,-0.21222733107371
"1927.SRS062803.SRX020569.SRR049476",-0.270714478673831,0.222294226130005
"1927.SRS055157.SRX020568.SRR049537",-0.182327458758164,-0.187867368258563
"1927.SRS047410.SRX020568.SRR049538",-0.10269328462675,-0.287589412218575
"1927.SRS050114.SRX020568.SRR049566",-0.0924427041970773,-0.204213904977821
"1927.SRS014365.SRX020554.SRR049820",-0.056723164923189,-0.265053143446315
"1927.SRS019556.SRX020574.SRR049821",0.125955999658827,0.0565395607671101
"1927.SRS015350.SRX020577.SRR049843",-0.317752551745676,0.182025680027385
"1927.SRS015233.SRX020577.SRR049844",-0.288968943213836,0.229906567182617
"1927.SRS019771.SRX020577.SRR049848",-0.0945872546856133,-0.234588840191138
"1927.SRS063965.SRX020548.SRR050112",-0.259616625772305,0.216897832046109
"1927.SRS018944.SRX020572.SRR051589",-0.280232833066506,0.0938201382991908
"1927.SRS021125.SRX022097.SRR057663",-0.116704437985072,-0.12700167984448
"1927.SRS021123.SRX022097.SRR057663",-0.255319566655887,0.150942709508785
"1927.SRS021079.SRX022097.SRR057663",-0.261486020311862,0.0842188444549463
"1927.SRS021073.SRX022097.SRR057663",-0.267745210617854,0.0782495567882765
"1927.SRS021091.SRX022097.SRR057663",-0.0833691240724134,-0.184740077605622
"1927.SRS021089.SRX022097.SRR057663",-0.116596401532828,-0.187936882303908
"1927.SRS020835.SRX022097.SRR057663",-0.10775186980067,-0.220345261306263
"1927.SRS020847.SRX022097.SRR057663",0.35903798509316,0.0960173585762171
"1927.SRS020592.SRX022097.SRR057663",-0.268875453929435,0.113963938056533
"1927.SRS020655.SRX022097.SRR057663",-0.255789455503948,0.10676773979003
"1927.SRS063416.SRX022224.SRR058087",-0.248284698889549,0.119428659275697
"1927.SRS062463.SRX022224.SRR058087",-0.0545227613288801,-0.236385698350786
"1927.SRS049990.SRX022224.SRR058087",-0.039637468332851,-0.165434268339432
"1927.SRS052849.SRX022224.SRR058087",-0.134119596901209,-0.224943065229289
"1927.SRS064652.SRX022224.SRR058087",-0.142867743137926,-0.201239094913905
"1927.SRS058373.SRX022225.SRR058088",0.252420443730514,0.116855485667727
"1927.SRS055007.SRX022225.SRR058088",0.004102390968115,-0.136993026342433
"1927.SRS052737.SRX022225.SRR058088",0.0476057199259042,-0.14105956635086
"1927.SRS056694.SRX022225.SRR058088",-0.0538052650518738,0.0658917131803283
"1927.SRS064782.SRX022228.SRR058091",0.0511775025828612,-0.026249143875864
"1927.SRS063110.SRX022228.SRR058091",0.0988358753641211,-0.0638374827019948
"1927.SRS062795.SRX022228.SRR058091",0.0641501746597305,-0.0481926967518087
"1927.SRS065172.SRX022232.SRR058094",-0.0687416196310599,-0.227960914190858
"1927.SRS065578.SRX022232.SRR058094",-0.0558778797886567,-0.233908207562668
"1927.SRS062978.SRX022232.SRR058094",-0.200147991590141,-0.0983755219652837
"1927.SRS062521.SRX022232.SRR058094",-0.215903548054868,0.010789629992769
"1927.SRS065224.SRX022232.SRR058094",-0.19099830703233,-0.0547203709460611
"1927.SRS065071.SRX022232.SRR058094",-0.0768958671203635,-0.246042606797504
"1927.SRS064595.SRX022232.SRR058094",-0.0294976388312296,-0.158684468335889
"1927.SRS062536.SRX022232.SRR058094",-0.111034387215169,-0.201978071932947
"1927.SRS065621.SRX022232.SRR058094",-0.0479570436069354,-0.231147958161244
"1927.SRS063680.SRX022232.SRR058094",-0.155497407932297,-0.200722881220319
"1927.SRS063426.SRX022232.SRR058094",-0.0640603744338192,-0.205745556502319
"1927.SRS022759.SRX022232.SRR058094",-0.0752771000756242,-0.188260375124809
"1927.SRS058500.SRX022241.SRR058097",-0.11974053231684,-0.168574410890365
"1927.SRS054219.SRX022241.SRR058097",-0.146597587139492,-0.165288983304521
"1927.SRS049248.SRX022241.SRR058097",-0.151279135382432,-0.229866274464643
"1927.SRS046889.SRX022241.SRR058097",-0.0740777973416158,-0.229613640090372
"1927.SRS051423.SRX022241.SRR058097",-0.0565457904758691,-0.211093075392238
"1927.SRS050269.SRX022241.SRR058097",-0.139467379735935,-0.157426194708911
"1927.SRS047658.SRX022241.SRR058097",-0.013904235242337,-0.210569243295437
"1927.SRS046510.SRX022241.SRR058097",-0.0574702738141651,-0.244597202871818
"1927.SRS056919.SRX022244.SRR058107",0.254799506634258,0.0710807035327075
"1927.SRS045771.SRX022156.SRR058115",-0.0962631064508799,-0.170324157882053
"1927.SRS045318.SRX022156.SRR058115",-0.160919154482069,-0.0940684176277856
"1927.SRS044339.SRX022156.SRR058115",-0.0723664903602702,-0.232818909629966
"1927.SRS053513.SRX022156.SRR058115",-0.0844861039268601,-0.256188467506069
"1927.SRS044206.SRX022156.SRR058115",-0.0687946195224393,-0.249124803611857
"1927.SRS052931.SRX022156.SRR058115",-0.0916618762168903,-0.184852626712044
"1927.SRS051219.SRX022156.SRR058115",-0.273793742783965,0.18309677784286
"1927.SRS044589.SRX022156.SRR058115",-0.21516022195609,0.0353239209049474
"1927.SRS052122.SRX022156.SRR058115",-0.191818101128605,0.0966554782417497
"1927.SRS045874.SRX022225.SRR058088",0.230956749964047,0.0980626031025472
"1927.SRS015854.SRX020554.SRR043727",0.0717908689181884,-0.159709069440709
"1927.SRS015599.SRX020539.SRR044148",0.0759637600041419,-0.16403987882869
"1927.SRS015452.SRX020545.SRR044740",0.079373786237955,-0.169888113169194
"1927.SRS014442.SRX020511.SRR045656",0.0807979186470801,-0.17334557936294
"1927.SRS014287.SRX020511.SRR045664",0.0718182874358575,-0.160851033664883
"1927.SRS049428.SRX020670.SRR047663",0.0784840712066281,-0.173556439652599
"1927.SRS014837.SRX020546.SRR043659",0.0698846747207158,-0.232998831771397
"1927.SRS015506.SRX020539.SRR044176",0.0715530556723119,-0.233537859822655
"1927.SRS018710.SRX020572.SRR045956",0.0706927527377463,-0.23475153286195
"1927.SRS063059.SRX020532.SRR046914",0.0752202353813181,-0.242506907995501
"1927.SRS014835.SRX020546.SRR043667",0.0706611399326128,-0.233714795379569
"1927.SRS015202.SRX020554.SRR043827",0.080726310038216,-0.251375979905102
"1927.SRS015204.SRX020554.SRR043834",0.0776567991476296,-0.245684340048716
"1927.SRS015736.SRX020539.SRR044174",0.0738125627759845,-0.23012940074545
"1927.SRS015740.SRX020539.SRR044195",0.070429410887865,-0.231945738436502
"1927.SRS015738.SRX020539.SRR044197",0.070241204063672,-0.232060628941735
"1927.SRS011619.SRX020659.SRR045014",0.0715835202893086,-0.225590903065452
"1927.SRS018706.SRX020572.SRR045812",0.0763839466663607,-0.228392001338157
"1927.SRS063310.SRX020519.SRR046864",0.0735250286330423,-0.239439701221386
"1927.SRS064975.SRX020532.SRR046909",0.0754453367933982,-0.242903471314983
"1927.SRS063522.SRX020532.SRR046922",0.0754050677550131,-0.241418355707065
"1927.SRS048194.SRX020540.SRR047261",0.0826354657414772,-0.258395984857399
"1927.SRS018708.SRX020572.SRR047591",0.0718510237230467,-0.233516124266211
"1927.SRS022964.SRX020675.SRR047823",0.0742998875544121,-0.244996843479258
"1927.SRS064648.SRX020532.SRR049576",0.0831023427667784,-0.243679656238314
"1927.SRS014835.SRX020555.SRR045701",0.073486410697427,-0.23071808736978
"1927.SRS014839.SRX020546.SRR047392",0.0694147812574816,-0.23276156687898
"1927.SRS015421.SRX020546.SRR043700",0.0704075585500233,-0.233401543408257
"1927.SRS011647.SRX020659.SRR045008",0.0768271824891712,-0.224286768959999
"1927.SRS015508.SRX020539.SRR044172",0.0710774360350726,-0.233455107646502
"1927.SRS019512.SRX020572.SRR046243",0.0704481650316215,-0.231439162129911
"1927.SRS044902.SRX020539.SRR044124",0.0619571538073279,-0.184215743401189
"1927.SRS049964.SRX020539.SRR044145",0.0727342044597027,-0.235062028092738
"1927.SRS015504.SRX020539.SRR044150",0.0721321585879632,-0.234478536557937
"1927.SRS015611.SRX020539.SRR044159",0.0787137870791988,-0.240755882614035
"1927.SRS011651.SRX020659.SRR045002",0.0807028852546063,-0.23804035319078
"1927.SRS015206.SRX020554.SRR049819",0.0733851386775732,-0.23566745453259
"1927.SRS048610.SRX020539.SRR044199",0.072708227070284,-0.235226484364442
"1927.SRS018769.SRX020516.SRR044313",0.0727285651698223,-0.237331287858509
"1927.SRS018767.SRX020516.SRR044315",0.0611279312599833,-0.228586940427292
"1927.SRS018870.SRX020572.SRR045976",0.0832207331198159,-0.263443767441059
"1927.SRS022966.SRX020675.SRR047824",0.0741101855347774,-0.2465558036948
"1927.SRS022962.SRX020675.SRR047825",0.074492687005051,-0.243366671610542
"1927.SRS011651.SRX020661.SRR044775",0.0807727662971391,-0.237794838538841
"1927.SRS011647.SRX020661.SRR044781",0.0775630624804858,-0.227866848595574
"1927.SRS011649.SRX020661.SRR044793",0.0769951376235538,-0.225148530062486
"1927.SRS011448.SRX020661.SRR044820",0.0769231287883129,-0.246317796623011
"1927.SRS011649.SRX020659.SRR045021",0.0774902053578245,-0.226957184296439
"1927.SRS011450.SRX020663.SRR045166",0.0741871243147641,-0.240514970421502
"1927.SRS011527.SRX020663.SRR045173",0.0719389312647635,-0.232384940712291
"1927.SRS053478.SRX020511.SRR045638",0.0459170914877099,-0.129781366626592
"1927.SRS015423.SRX020555.SRR045677",0.070085276973298,-0.23005803775464
"1927.SRS019510.SRX020572.SRR045959",0.0700893996866664,-0.231418144479033
"1927.SRS018868.SRX020572.SRR045963",0.0827870643055291,-0.260123032383873
"1927.SRS044742.SRX020670.SRR046348",0.0831671190118828,-0.258397190779022
"1927.SRS050522.SRX020670.SRR046350",0.083060263578629,-0.257283997575843
"1927.SRS042320.SRX020670.SRR046357",0.0807321513745022,-0.224884182899674
"1927.SRS065165.SRX020569.SRR046534",0.0758711161412843,-0.243574047100326
"1927.SRS065436.SRX020569.SRR046543",0.0665816347780468,-0.233995680569889
"1927.SRS065189.SRX020569.SRR046547",0.0794950707323981,-0.244316717211617
"1927.SRS063298.SRX020569.SRR046551",0.0780721164994486,-0.249614720413481
"1927.SRS064015.SRX020569.SRR046657",0.070496210646685,-0.23484663703037
"1927.SRS063755.SRX020569.SRR046658",0.0706975262966388,-0.226921065877039
"1927.SRS063153.SRX020569.SRR046665",0.0757300707229017,-0.24334579516076
"1927.SRS062739.SRX020532.SRR046911",0.0837351772643267,-0.248457334206429
"1927.SRS055785.SRX020568.SRR046943",0.0690361627476141,-0.232221726820536
"1927.SRS063210.SRX020532.SRR047059",0.0630346694000931,-0.234405630306802
"1927.SRS052037.SRX020540.SRR047270",0.0694227721977227,-0.211033398385451
"1927.SRS050220.SRX020540.SRR047276",0.0828553618582541,-0.25688112253592
"1927.SRS053714.SRX020540.SRR047286",0.0848751365834718,-0.26303094926548
"1927.SRS018866.SRX020572.SRR047597",0.0824143961985845,-0.259238846681739
"1927.SRS014839.SRX020555.SRR049332",0.0700397810366608,-0.232009298636102
"1927.SRS062985.SRX020569.SRR049442",0.0241623491310259,-0.161510108014145
"1927.SRS065457.SRX020569.SRR049444",0.0707182884618974,-0.234929935568734
"1927.SRS064439.SRX020569.SRR049474",0.0705199237094073,-0.234698898285396
"1927.SRS049597.SRX020568.SRR049524",0.0719534744892389,-0.236342356442173
"1927.SRS054372.SRX022224.SRR058087",0.132309449201673,-0.223445720383541
"1927.SRS046109.SRX022224.SRR058087",0.0919735939442252,-0.226348189006969
"1927.SRS042961.SRX022224.SRR058087",0.193968086972004,-0.18347879985712
"1927.SRS062652.SRX022232.SRR058094",0.0699710828410122,-0.229036523954637
"1927.SRS045746.SRX022241.SRR058097",0.0717501687438057,-0.237971164370455
"1927.SRS043922.SRX022156.SRR058115",0.068540950376649,-0.193106820878822
"1927.SRS045915.SRX022156.SRR058115",0.0730105278504649,-0.2069997887097
"1927.SRS014297.SRX020543.SRR045610",0.56203488230595,0.189327857952478
"1927.SRS019910.SRX020516.SRR044347",0.0783218196428857,-0.166586673284328
"1927.SRS050422.SRX020511.SRR045628",0.0745004103268574,-0.162834958423792
"1927.SRS064276.SRX020670.SRR046347",0.0707805299494649,-0.159039492302183
"1927.SRS052697.SRX020550.SRR046441",0.0750407287077079,-0.16430523581183
"1927.SRS063827.SRX020532.SRR046984",0.0629679569267637,-0.144699726933836
"1927.SRS062847.SRX020532.SRR047036",0.0757630138279193,-0.164503781263013
"1927.SRS014659.SRX020543.SRR045556",0.0682244725003945,-0.145697888565053
"1927.SRS055482.SRX020550.SRR047716",0.0733080975907724,-0.157492122186835
"1927.SRS021910.SRX020675.SRR047783",0.0768894358111585,-0.158430956022687
"1927.SRS011271.SRX020661.SRR044827",0.0726690179151608,-0.150832504491477
"1927.SRS011529.SRX020659.SRR044994",0.0710170917378381,-0.145329058576844
"1927.SRS011271.SRX020659.SRR045051",0.0720679007740176,-0.149198863839216
"1927.SRS052196.SRX020523.SRR046417",0.06549190522748,-0.143564511145637
"1927.SRS018733.SRX020516.SRR047425",0.052822673685426,-0.126837918747416
"1927.SRS021635.SRX020675.SRR047761",0.295257967420627,0.0306009712772498
"1927.SRS014929.SRX020536.SRR047633",0.15150803888975,-0.124403855284075
"1927.SRS015281.SRX020554.SRR043805",0.0720775785801602,-0.15850374695998
"1927.SRS011415.SRX020661.SRR044786",0.0729506692558546,-0.155471651328573
"1927.SRS014287.SRX020543.SRR045558",0.07407629736536,-0.164360965028249
"1927.SRS046382.SRX020540.SRR047262",0.074860652795797,-0.164202878704261
"1927.SRS064321.SRX020519.SRR046501",0.0743580797862155,-0.165441179660272
"1927.SRS056259.SRX020578.SRR047235",0.0805542964578321,-0.173328267120127
"1927.SRS020470.SRX022097.SRR057663",0.0807064077328663,-0.172454505782527
"1927.SRS042577.SRX022244.SRR058107",0.166232572128466,0.00434790877447598
"1927.SRS055144.SRX020554.SRR043713",-0.240056239602455,0.312736623703697
"1927.SRS015870.SRX020554.SRR043831",-0.270492889422941,0.37910079556682
"1927.SRS016269.SRX020577.SRR043976",-0.251592439968982,0.33291681028829
"1927.SRS015966.SRX020577.SRR044060",-0.284925410160637,0.374081065307388
"1927.SRS055123.SRX020577.SRR044040",-0.30143394260732,0.377809192664231
"1927.SRS015227.SRX020577.SRR044041",-0.253849495714865,0.237094271420892
"1927.SRS015560.SRX020577.SRR044045",-0.185928432219077,0.256708084785068
"1927.SRS015356.SRX020577.SRR044067",-0.284575715075657,0.0829926020165764
"1927.SRS015679.SRX020539.SRR044158",-0.308132713220857,0.355695494891152
"1927.SRS019298.SRX020572.SRR046005",-0.147168009165733,-0.218700365473544
"1927.SRS019520.SRX020572.SRR045816",-0.252147060035141,0.174678534638445
"1927.SRS013551.SRX020677.SRR047984",-0.288935055095385,0.232525922123079
"1927.SRS013770.SRX020677.SRR048011",-0.320134370468102,0.262052295419534
"1927.SRS016010.SRX020539.SRR044192",-0.291515069863312,0.35256256581721
"1927.SRS018601.SRX020516.SRR044305",-0.233391606359291,0.327673361876176
"1927.SRS018591.SRX020516.SRR044342",-0.236879385579465,0.339068038050955
"1927.SRS016329.SRX020516.SRR044348",-0.249400004009901,0.28365341865891
"1927.SRS019255.SRX020516.SRR044370",-0.318622709823243,0.372678462920615
"1927.SRS015923.SRX020510.SRR044603",-0.181849121495827,-0.183066426413079
"1927.SRS015921.SRX020510.SRR044611",-0.224975795212825,-0.168360402646928
"1927.SRS015923.SRX020520.SRR044633",-0.182268938032839,-0.186020282053989
"1927.SRS011533.SRX020661.SRR044790",-0.299212491777641,0.272990027815667
"1927.SRS011161.SRX020661.SRR044801",-0.289827141563862,0.365025662914995
"1927.SRS011541.SRX020661.SRR044802",-0.292435714372114,0.093775468984243
"1927.SRS011409.SRX020661.SRR044819",-0.262500304485068,0.314733178255244
"1927.SRS011623.SRX020661.SRR044837",-0.232389761653649,0.0823584635955741
"1927.SRS011419.SRX020659.SRR045011",-0.25169507701222,0.286044188733362
"1927.SRS011567.SRX020659.SRR045035",-0.261294087346858,0.220690529468181
"1927.SRS011516.SRX020663.SRR045172",-0.284774679364565,0.0824597222471138
"1927.SRS011506.SRX020663.SRR045202",-0.294397597228809,0.279217853708072
"1927.SRS011531.SRX020663.SRR045213",-0.288081021479187,0.170231675701961
"1927.SRS058494.SRX020677.SRR047972",-0.25669061289584,0.149748199826677
"1927.SRS011159.SRX020667.SRR045224",-0.298930456909597,0.217948099643597
"1927.SRS051224.SRX020540.SRR047111",-0.191945311189025,-0.108354728781158
"1927.SRS011482.SRX020667.SRR045218",-0.275418844413558,0.208639165199827
"1927.SRS011531.SRX020667.SRR045284",-0.285548335274243,0.171324521921958
"1927.SRS011369.SRX020662.SRR045409",-0.187605902556677,0.128381741176792
"1927.SRS014651.SRX020543.SRR045561",-0.301260258249918,0.269741727347377
"1927.SRS019566.SRX020543.SRR045574",-0.296398714447268,0.32520775894346
"1927.SRS014661.SRX020543.SRR045598",-0.252757527388771,0.100628958748756
"1927.SRS019576.SRX020543.SRR045603",-0.280666327119724,0.346714071532308
"1927.SRS014271.SRX020511.SRR045624",-0.244593025126556,0.296761373412434
"1927.SRS014426.SRX020511.SRR045627",-0.287529697438082,0.292488032936994
"1927.SRS019566.SRX020511.SRR045658",-0.286614618668768,0.326287669247211
"1927.SRS050362.SRX020511.SRR045661",-0.255152730441965,0.247311492000271
"1927.SRS047219.SRX020511.SRR045665",-0.24470151892947,0.35256172034457
"1927.SRS019526.SRX020572.SRR045951",-0.207641714596961,0.166621861521664
"1927.SRS018896.SRX020572.SRR045960",-0.285722333348746,0.269757733374054
"1927.SRS018914.SRX020575.SRR046018",0.344300838552485,0.132814565498323
"1927.SRS019781.SRX020536.SRR046108",0.0385143059416191,0.173112420591696
"1927.SRS064859.SRX020670.SRR046230",-0.28782602060934,0.188701836104227
"1927.SRS049521.SRX020563.SRR046394",-0.107613577177394,-0.165205000148059
"1927.SRS051311.SRX020563.SRR047691",-0.160539484065906,-0.086351904130898
"1927.SRS052433.SRX020523.SRR046415",-0.0275904319139541,-0.0297517095197362
"1927.SRS054824.SRX020550.SRR046429",-0.294837585327333,0.361955563956639
"1927.SRS056867.SRX020567.SRR046771",-0.0832575021693191,0.163275755643046
"1927.SRS053635.SRX020568.SRR046874",-0.204853354719226,0.116198496930306
"1927.SRS065435.SRX020532.SRR047003",-0.0771897483441844,-0.207489628057712
"1927.SRS055531.SRX020540.SRR047118",-0.105193935792549,-0.235688646023881
"1927.SRS013788.SRX020676.SRR047866",-0.0802332748916084,-0.18945580116328
"1927.SRS013786.SRX020676.SRR047876",-0.0808779790938202,-0.227907072346746
"1927.SRS013774.SRX020676.SRR047885",-0.256606927871982,0.296176348457564
"1927.SRS024537.SRX020676.SRR047920",-0.0345892688058504,-0.162646948768798
"1927.SRS062410.SRX020532.SRR047027",-0.236460402263134,0.197026390313852
"1927.SRS013776.SRX020678.SRR048039",-0.304731566369528,0.190959397107178
"1927.SRS063651.SRX020532.SRR047054",-0.27738539144996,0.317469860104233
"1927.SRS063248.SRX020580.SRR047132",-0.282806217519361,0.283746169189549
"1927.SRS057094.SRX020578.SRR047238",-0.221646612771891,-0.00991774301493198
"1927.SRS048080.SRX020578.SRR047239",-0.190928688184717,-0.153365787005878
"1927.SRS043889.SRX020578.SRR047243",-0.30215735419267,0.219624537289455
"1927.SRS013778.SRX020677.SRR048008",-0.263645171038194,-0.0107389275936977
"1927.SRS023001.SRX020683.SRR048325",-0.286510075758224,0.353761733008582
"1927.SRS042533.SRX020540.SRR047272",-0.305956384815858,0.380043615802098
"1927.SRS054330.SRX020578.SRR047307",-0.24485902447145,0.281608618361401
"1927.SRS043047.SRX020578.SRR047309",-0.305197538763791,0.385255559358462
"1927.SRS053246.SRX020578.SRR047315",-0.125857529285699,-0.230429653976861
"1927.SRS048906.SRX020578.SRR047320",-0.0886359754062328,-0.22392817599426
"1927.SRS054697.SRX020578.SRR047323",-0.273423230195555,0.0141625406680746
"1927.SRS052624.SRX020578.SRR047326",-0.270852854042096,0.362143428809309
"1927.SRS053925.SRX020531.SRR047613",-0.20490032647641,0.0114941363279743
"1927.SRS023434.SRX020676.SRR047883",-0.275826705334381,0.317163081329372
"1927.SRS052245.SRX020550.SRR047706",-0.263892331525614,0.356827294970276
"1927.SRS021613.SRX020675.SRR047757",-0.302364152837974,0.352698066335335
"1927.SRS023001.SRX020675.SRR047768",-0.289246721572743,0.350575359286144
"1927.SRS023007.SRX020675.SRR047770",-0.31582415992083,0.314601022915285
"1927.SRS023023.SRX020675.SRR047776",0.270683732780674,0.0222452508314153
"1927.SRS021928.SRX020675.SRR047786",-0.114137228359771,-0.136622866171668
"1927.SRS021932.SRX020675.SRR047791",-0.254741626585756,0.311536774255677
"1927.SRS021557.SRX020675.SRR047798",-0.164797947254222,-0.0783819815407427
"1927.SRS023055.SRX020675.SRR047831",-0.25090645807362,0.203946345018087
"1927.SRS023442.SRX020676.SRR047878",-0.179732424729179,0.105822087604671
"1927.SRS023444.SRX020676.SRR047882",-0.191692742883807,0.228898634480568
"1927.SRS022494.SRX020676.SRR047891",-0.267884060708804,0.154518579864669
"1927.SRS022500.SRX020676.SRR047893",-0.201983543104003,0.18538130445818
"1927.SRS022488.SRX020676.SRR047894",-0.263694109345993,0.212636562029869
"1927.SRS022506.SRX020676.SRR047895",-0.116412831541884,-0.165915550049769
"1927.SRS022504.SRX020676.SRR047896",-0.117257955674237,-0.23365200101929
"1927.SRS022426.SRX020676.SRR047916",-0.247668676537156,0.226355420298719
"1927.SRS024519.SRX020676.SRR047918",-0.297459774012151,0.203444641076517
"1927.SRS023867.SRX020676.SRR047926",-0.217785697251411,-0.0461167858962314
"1927.SRS023871.SRX020676.SRR047929",-0.307336509986487,0.247552707380321
"1927.SRS023863.SRX020677.SRR047935",-0.282249688290384,0.29655767943836
"1927.SRS042197.SRX020677.SRR047975",-0.251973408041956,0.259048382450904
"1927.SRS047650.SRX020677.SRR048000",-0.285557898972442,0.330426371513001
"1927.SRS013780.SRX020677.SRR048009",-0.137991329923489,-0.189503665612053
"1927.SRS023430.SRX020678.SRR048021",-0.198708028787848,0.0983200661618274
"1927.SRS044630.SRX020678.SRR048034",-0.136181724372536,-0.254632832023681
"1927.SRS023442.SRX020683.SRR048344",-0.191744289427233,0.112492650514889
"1927.SRS043378.SRX020567.SRR049451",0.480350387387912,0.282658061496118
"1927.SRS065559.SRX020569.SRR049456",-0.0581104079211568,-0.12136111611843
"1927.SRS063514.SRX020532.SRR049541",-0.274567172389815,0.322653277786583
"1927.SRS050005.SRX020568.SRR049565",-0.265359390339698,0.215611239185712
"1927.SRS050234.SRX020578.SRR049624",-0.291996168860206,0.196694888222785
"1927.SRS018680.SRX020572.SRR051581",-0.22467092349162,0.329057853418785
"1927.SRS020482.SRX022097.SRR057663",-0.282089548980635,0.0743086911498192
"1927.SRS020492.SRX022097.SRR057663",-0.295049948975223,0.241936799709355
"1927.SRS020484.SRX022097.SRR057663",-0.251947339188875,0.268393684108315
"1927.SRS021085.SRX022097.SRR057663",-0.21880869324743,0.0657511173330769
"1927.SRS020596.SRX022097.SRR057663",-0.269218026073021,0.29250371500793
"1927.SRS050803.SRX022224.SRR058087",-0.267657643222151,0.252509469083839
"1927.SRS062726.SRX022224.SRR058087",-0.156804359822989,0.0366898395521406
"1927.SRS048140.SRX022224.SRR058087",-0.225516156804136,0.0750401903023327
"1927.SRS057977.SRX022224.SRR058087",-0.233639682989113,0.26080054227321
"1927.SRS064244.SRX022232.SRR058094",-0.255705045218713,0.180790824262764
"1927.SRS064637.SRX022232.SRR058094",-0.246510365046781,0.0988089909657369
"1927.SRS065415.SRX022232.SRR058094",-0.21079143928584,0.176454018406523
"1927.SRS065385.SRX022232.SRR058094",-0.0832162655182419,-0.105641983896633
"1927.SRS065127.SRX022232.SRR058094",-0.269142945603921,0.282720741375357
"1927.SRS048515.SRX022241.SRR058097",-0.266258011061213,0.159008261844823
"1927.SRS054246.SRX022241.SRR058097",-0.279906923442046,0.163007547165516
"1927.SRS054371.SRX022241.SRR058097",-0.229397509730461,0.219464721565527
"1927.SRS053564.SRX022241.SRR058097",-0.279349209554431,0.139773316852501
"1927.SRS052377.SRX022241.SRR058097",-0.266674637505849,0.12653495669537
"1927.SRS056606.SRX022241.SRR058097",-0.229876344992939,0.0882927808581333
"1927.SRS044032.SRX022241.SRR058097",-0.191881417955141,-0.0360131953724973
"1927.SRS047139.SRX022241.SRR058097",-0.282753228208516,0.0141775320844853
"1927.SRS050434.SRX022156.SRR058115",-0.288130446280691,0.261662564281499
"1927.SRS046131.SRX022156.SRR058115",-0.136601958092568,-0.149637863162998
"1927.SRS058238.SRX022156.SRR058115",-0.197245878159782,-0.0455685636172337
"1927.SRS046051.SRX022156.SRR058115",-0.262377614993821,0.0881058364028812
"1927.SRS050258.SRX022156.SRR058115",-0.224708671740004,0.30480378869874
"1927.SRS015291.SRX020554.SRR043839",0.261970139989995,-0.0123216366393957
"1927.SRS015287.SRX020536.SRR046113",0.300310245350372,0.00799532705972944
"1927.SRS015247.SRX020577.SRR044079",0.0699305778101168,-0.148075987482646
"1927.SRS011293.SRX020537.SRR045379",0.0783780535052139,-0.135051809165057
"1927.SRS015724.SRX020539.SRR044132",0.072138580690332,-0.161168169851224
"1927.SRS015782.SRX020539.SRR044139",0.0768772535134949,-0.161857025242316
"1927.SRS064373.SRX020519.SRR047005",0.0810013526071454,-0.246148694743623
"1927.SRS018872.SRX020572.SRR051576",0.0814864963200943,-0.173718451554663
"1927.SRS016203.SRX020516.SRR044343",0.0787889608132225,-0.173647583129136
"1927.SRS015007.SRX020525.SRR044544",0.0712468854798613,-0.118844313547739
"1927.SRS019089.SRX020564.SRR044731",0.0798246526472923,-0.16971730933873
"1927.SRS011621.SRX020661.SRR044776",0.0740931516684315,-0.168358158291462
"1927.SRS011300.SRX020661.SRR044778",0.0730103899201361,-0.157186531060744
"1927.SRS011413.SRX020661.SRR044792",0.0797724863499984,-0.173172272789214
"1927.SRS011653.SRX020659.SRR044997",0.0605752499728558,-0.138323303743194
"1927.SRS011413.SRX020659.SRR045020",0.0801279247747929,-0.173089792466895
"1927.SRS011435.SRX020662.SRR045414",0.23359355920056,-0.012312576824473
"1927.SRS019582.SRX020543.SRR045562",0.0733872817195296,-0.156035926445986
"1927.SRS050422.SRX020543.SRR045575",0.0741527552062955,-0.162532589581598
"1927.SRS048819.SRX020511.SRR045612",0.0772339240559682,-0.16813646698987
"1927.SRS054461.SRX020550.SRR046442",0.0809535653905442,-0.166260645283875
"1927.SRS064905.SRX020512.SRR047068",0.0783007212469158,-0.16061348995312
"1927.SRS042703.SRX020540.SRR047267",0.0609456083117858,-0.144845186462217
"1927.SRS046639.SRX020670.SRR047659",0.078562427370453,-0.174251803528602
"1927.SRS023047.SRX020675.SRR047826",0.0699261733948868,-0.155129383217862
"1927.SRS016056.SRX020536.SRR049357",0.0739279747966714,-0.164018089454708
"1927.SRS065725.SRX020519.SRR049530",0.0811744932797188,-0.175307737055185
"1927.SRS011410.SRX020661.SRR044800",0.0716510812635895,-0.156557079845718
"1927.SRS011300.SRX020659.SRR045006",0.0711918384561744,-0.154771828333205
"1927.SRS011435.SRX020664.SRR045440",0.226299210067843,-0.0408826847192102
"1927.SRS014442.SRX020543.SRR045553",0.082786075168694,-0.175797672628681
"1927.SRS048819.SRX020543.SRR045568",0.0776951849615549,-0.167495308754697
"1927.SRS048682.SRX020549.SRR049403",0.203325943205058,-0.0856240224162113
"1927.SRS045877.SRX020523.SRR046406",0.0793515772202225,-0.170369075204479
"1927.SRS057447.SRX020523.SRR046411",0.0806019899831649,-0.17339840852486
"1927.SRS046313.SRX020550.SRR046437",0.0781856211462759,-0.176808664060698
"1927.SRS055630.SRX020568.SRR046881",0.427516190855105,0.0906312255998063
"1927.SRS014613.SRX020546.SRR047386",0.0708641214060367,-0.162675552797228
"1927.SRS021601.SRX020675.SRR047748",0.07916237884365,-0.16876073441678
"1927.SRS021631.SRX020675.SRR047762",0.524134633447569,0.194950584888723
"1927.SRS022987.SRX020675.SRR047766",0.0793200340527954,-0.17047411736283
"1927.SRS021944.SRX020675.SRR047795",0.296527751684942,0.0754104781224503
"1927.SRS022924.SRX020675.SRR047811",0.0775384160180288,-0.165596797021262
"1927.SRS023061.SRX020675.SRR047828",-0.262590222752005,0.144155998441946
"1927.SRS020176.SRX020676.SRR047859",0.0778401896570484,-0.165658100029714
"1927.SRS020210.SRX020676.SRR047872",0.0814322705406984,-0.16801397163002
"1927.SRS024511.SRX020676.SRR047887",0.0813630780231441,-0.178917569865314
"1927.SRS043675.SRX020678.SRR048037",0.0602566330777504,-0.110091654534002
"1927.SRS020208.SRX020683.SRR048338",0.0836623845301691,-0.0280068592501398
"1927.SRS020204.SRX020683.SRR048339",0.50376965673779,0.183687934700176
"1927.SRS011440.SRX020667.SRR049311",0.537804451368941,0.185640940579797
"1927.SRS020842.SRX022097.SRR057663",0.409579836939554,0.169492741369891
"1927.SRS063807.SRX022232.SRR058094",0.0773943183551358,-0.164986864317486
"1927.SRS063968.SRX022156.SRR058115",0.0759103762941903,-0.161186163322411
"1927.SRS014823.SRX020546.SRR043699",0.0704719104622835,-0.163069408965578
"1927.SRS018712.SRX020572.SRR046003",0.0702917486474368,-0.159701075059058
"1927.SRS014885.SRX020554.SRR043822",0.0699485265055884,-0.15520740844014
"1927.SRS014369.SRX020554.SRR043823",0.0707308542006806,-0.158892362568896
"1927.SRS065466.SRX020532.SRR047056",0.0791445878583168,-0.171123082927239
"1927.SRS050733.SRX020550.SRR047710",0.0729881471184275,-0.157288275620427
"1927.SRS048870.SRX020577.SRR044064",0.0776105242335147,-0.166653240205081
"1927.SRS015578.SRX020577.SRR044021",0.075339367580733,-0.178134018090128
"1927.SRS016018.SRX020539.SRR044156",0.0699828477062314,-0.157422531676673
"1927.SRS016335.SRX020516.SRR044344",0.0750894286305007,-0.160182471270984
"1927.SRS015911.SRX020520.SRR044615",0.0693295480459005,-0.15783649212534
"1927.SRS019089.SRX020545.SRR044757",0.080357489993597,-0.170625840290144
"1927.SRS011452.SRX020661.SRR044798",0.0652649474395337,-0.147369302692712
"1927.SRS011586.SRX020661.SRR044826",0.07940673867712,-0.168630028699827
"1927.SRS018655.SRX020572.SRR045814",0.0779524950312944,-0.173160093847813
"1927.SRS053335.SRX020531.SRR046056",0.075711383342298,-0.16979354832419
"1927.SRS043411.SRX020670.SRR046345",0.0801789909891988,-0.178350593344684
"1927.SRS045526.SRX020670.SRR046355",0.0672035380637827,-0.153269277953876
"1927.SRS043299.SRX020523.SRR046410",0.0806500551376641,-0.170181673892394
"1927.SRS049823.SRX020523.SRR046414",0.0770383570501497,-0.166202427241389
"1927.SRS044415.SRX020523.SRR046420",0.0796336751188614,-0.166496308036061
"1927.SRS045607.SRX020523.SRR046421",0.0811431944230152,-0.174442212937215
"1927.SRS064233.SRX020569.SRR046702",0.073337857748054,-0.160136261546143
"1927.SRS063275.SRX020532.SRR046899",0.0739440151211205,-0.153434902374178
"1927.SRS049164.SRX020540.SRR047273",0.078091404030528,-0.166701564262878
"1927.SRS042628.SRX020578.SRR047303",0.0639269628104724,-0.149152701192686
"1927.SRS045414.SRX020563.SRR047697",0.0510961850771932,-0.128954145886962
"1927.SRS057258.SRX022224.SRR058087",0.0640168634533021,-0.146629091484282
"1927.SRS046216.SRX022241.SRR058097",0.0808712368675562,-0.171229202559951
"1927.SRS015389.SRX020546.SRR043661",0.0785084336945499,-0.173210844039133
"1927.SRS015190.SRX020554.SRR043731",0.0786143065781701,-0.174972401099754
"1927.SRS014827.SRX020574.SRR043862",0.546535159816178,0.162487000311703
"1927.SRS064411.SRX020512.SRR047077",0.207824413626999,-0.0132663580361015
"1927.SRS014452.SRX020574.SRR043841",0.463458672045851,0.0869966665182189
"1927.SRS019787.SRX020577.SRR043974",0.0644796034774788,-0.149611944527079
"1927.SRS015332.SRX020577.SRR044071",0.0723017911839722,-0.154603027753799
"1927.SRS015911.SRX020510.SRR044585",0.0685819135280728,-0.156806016232496
"1927.SRS019013.SRX020510.SRR044597",0.0690350559040989,-0.158179328875543
"1927.SRS019013.SRX020520.SRR044627",0.0689628541242306,-0.158754605999244
"1927.SRS011410.SRX020659.SRR045027",0.0711912137522983,-0.156062329713904
"1927.SRS048083.SRX020677.SRR047956",0.069029760580023,-0.154852238119901
"1927.SRS023488.SRX020678.SRR048028",0.0783542523630232,-0.171948001406287
"1927.SRS050599.SRX020678.SRR048036",0.0817876550470076,-0.173013535222376
"1927.SRS065665.SRX020519.SRR049404",0.0658989016989587,-0.140389587008869
"1927.SRS024721.SRX020678.SRR048030",0.440450953597959,0.128572846864663
"1927.SRS016267.SRX020577.SRR044054",0.0616263720074735,-0.140340461654853
"1927.SRS011452.SRX020659.SRR047485",0.0637821678813886,-0.146362848798827
"1927.SRS014454.SRX020574.SRR043901",0.135136982522708,-0.155135834650579
"1927.SRS012191.SRX020675.SRR047747",0.0700183790316614,-0.155208384829464
"1927.SRS016095.SRX020516.SRR044317",0.0720215832526475,-0.156029832286668
"1927.SRS014999.SRX020577.SRR044050",0.0663732094740442,-0.146893600083971
"1927.SRS011653.SRX020661.SRR044770",0.0606193835067225,-0.138574813419582
"1927.SRS019783.SRX020577.SRR044058",-0.282025573080406,0.233669098277254
"1927.SRS019582.SRX020511.SRR045623",0.0730849849960993,-0.15652463925149
"1927.SRS018559.SRX020516.SRR044352",0.0685904923932594,-0.156969666125819
"1927.SRS019267.SRX020516.SRR044360",0.076675724744895,-0.17239159676658
"1927.SRS015960.SRX020577.SRR044087",0.0796739555125846,-0.170997657393856
"1927.SRS063324.SRX020519.SRR046503",0.0718276805430609,-0.162944045278284
"1927.SRS054590.SRX020550.SRR046427",0.0586958656234109,-0.137276965883224
"1927.SRS064629.SRX020512.SRR046960",0.0790703735207824,-0.158283620943994
"1927.SRS064961.SRX020512.SRR046962",0.415764802389573,0.11064928766712
"1927.SRS011157.SRX020659.SRR045036",0.0710429443577975,-0.147986159052788
"1927.SRS017189.SRX020571.SRR045473",0.169287531333624,-0.0777849678666564
"1927.SRS015663.SRX020539.SRR044161",0.0693612949298305,-0.152245799311771
"1927.SRS020119.SRX020676.SRR047844",0.0796214649488251,-0.168434334403253
"1927.SRS015494.SRX020525.SRR044559",0.165758799246595,-0.0485857421902936
"1927.SRS015340.SRX020525.SRR044565",0.0496181417916718,-0.121804493472502
"1927.SRS019003.SRX020510.SRR044598",0.561083940100493,0.169336230053718
"1927.SRS015815.SRX020562.SRR044705",0.0681782237615773,-0.148077778308508
"1927.SRS046349.SRX020531.SRR046051",0.0698587641693137,-0.149909151452838
"1927.SRS015452.SRX020564.SRR047456",0.0789119468938606,-0.169308873105773
"1927.SRS011529.SRX020661.SRR044768",0.0716449748035111,-0.145665518929044
"1927.SRS011557.SRX020659.SRR045033",0.526458409361646,0.167909125212497
"1927.SRS011273.SRX020659.SRR045049",-0.244155300035475,0.0940426496229897
"1927.SRS062829.SRX020578.SRR047321",-0.224466461285233,0.238813853073855
"1927.SRS022480.SRX020676.SRR047889",0.0783032890725281,-0.173082929042921
"1927.SRS011557.SRX020661.SRR044805",0.520860766602233,0.164079906972637
"1927.SRS011157.SRX020661.SRR044808",0.0696107635310706,-0.147790303772507
"1927.SRS011415.SRX020659.SRR045013",0.0737190482814685,-0.155501934249458
"1927.SRS011586.SRX020659.SRR045050",0.0789472636730447,-0.168642399963556
"1927.SRS011472.SRX020663.SRR045150",0.135661496324507,-0.114132251725361
"1927.SRS011551.SRX020663.SRR045152",0.270475055062011,-0.0287032039929125
"1927.SRS011655.SRX020663.SRR045185",-0.254434356173144,0.212258264986758
"1927.SRS011680.SRX020663.SRR045199",0.525846896216343,0.191253889643656
"1927.SRS011472.SRX020667.SRR045231",0.128781085592247,-0.116976713194918
"1927.SRS011551.SRX020667.SRR045232",0.260916627787181,-0.0340782053222398
"1927.SRS011680.SRX020667.SRR045272",0.527288522068287,0.190575650569047
"1927.SRS011181.SRX020570.SRR045457",0.17083459405757,-0.115410152199979
"1927.SRS013096.SRX020571.SRR045493",0.190448534581069,-0.0635879741933263
"1927.SRS053764.SRX020567.SRR046621",0.306460580178236,0.277151770485443
"1927.SRS055168.SRX020678.SRR048038",0.14696446570726,-0.0892234711377026
"1927.SRS015389.SRX020555.SRR045688",0.0796089573120058,-0.174674233858162
"1927.SRS014823.SRX020555.SRR045736",0.0687835515157663,-0.155955913997742
"1927.SRS015003.SRX020547.SRR045790",0.0935718455408393,-0.117185047737614
"1927.SRS018920.SRX020572.SRR045810",0.0658509690009159,-0.140802107224715
"1927.SRS043804.SRX020531.SRR046050",0.070185354520623,-0.156645248492029
"1927.SRS015003.SRX020557.SRR046104",0.0889526076516897,-0.114743535114555
"1927.SRS052326.SRX020670.SRR046232",0.0714670320768741,-0.161896632674326
"1927.SRS054928.SRX020670.SRR046262",0.0699096118689734,-0.15861421178607
"1927.SRS065193.SRX020670.SRR046331",-0.299396899302183,0.233274988255457
"1927.SRS065263.SRX020670.SRR046351",0.0774715120563552,-0.169944720846071
"1927.SRS055563.SRX020523.SRR046412",0.0743338940969414,-0.169791474854203
"1927.SRS054608.SRX020523.SRR046413",0.0744312129064452,-0.158416337096238
"1927.SRS042387.SRX020523.SRR046416",0.0719900521973792,-0.146835306621497
"1927.SRS045613.SRX020523.SRR046419",0.0506165631749324,-0.14231784533414
"1927.SRS013543.SRX020677.SRR047980",0.0750432149583583,-0.160207210285258
"1927.SRS064557.SRX020569.SRR046542",0.0783479836294046,-0.171961489888062
"1927.SRS063961.SRX020532.SRR046907",0.0782175744898611,-0.164975884828533
"1927.SRS062464.SRX020532.SRR046982",0.0764956955269269,-0.159470684493238
"1927.SRS063214.SRX020532.SRR046986",0.0731708937034279,-0.152161394583929
"1927.SRS051031.SRX020578.SRR047244",0.0728665139255738,-0.161420143631017
"1927.SRS042669.SRX020540.SRR047279",0.0666318708933278,-0.14975085704951
"1927.SRS011177.SRX020661.SRR047461",0.160850195502122,-0.00547691581097105
"1927.SRS011283.SRX020661.SRR047464",-0.267084166805885,0.0675722712050724
"1927.SRS011655.SRX020667.SRR047503",-0.25251681412474,0.21955141187478
"1927.SRS014450.SRX020511.SRR047551",0.411669712147471,0.0760765896492525
"1927.SRS015344.SRX020542.SRR047690",0.0724686483891974,-0.198576636965198
"1927.SRS058416.SRX020523.SRR047701",0.0785894520104321,-0.173544260369038
"1927.SRS055665.SRX020523.SRR047702",0.0816564929900499,-0.173735202346628
"1927.SRS049748.SRX020523.SRR047703",0.0719325428629202,-0.149981292297974
"1927.SRS021629.SRX020675.SRR047760",0.395459307825478,0.162226471460231
"1927.SRS021946.SRX020675.SRR047793",0.537549209655532,0.183179090556579
"1927.SRS021541.SRX020675.SRR047797",0.0766166788511218,-0.163854038412255
"1927.SRS020155.SRX020676.SRR047854",0.45778453782065,0.142251743839283
"1927.SRS020151.SRX020676.SRR047855",0.487212977822608,0.200906096249037
"1927.SRS020153.SRX020676.SRR047857",0.478683693917473,0.238170916260069
"1927.SRS022496.SRX020676.SRR047890",-0.169040077972115,-0.161291206994659
"1927.SRS022520.SRX020676.SRR047904",0.125305964880139,-0.173453324434945
"1927.SRS013762.SRX020677.SRR048007",0.0833537250875459,-0.181768708144059
"1927.SRS022514.SRX020678.SRR048024",-0.0197986343369651,-0.0548212892487308
"1927.SRS022446.SRX020678.SRR048025",0.376111235883533,0.0687917915929161
"1927.SRS022448.SRX020683.SRR048351",0.499427987777928,0.163998625744891
"1927.SRS046552.SRX020683.SRR048357",0.469604289929505,0.135005756673259
"1927.SRS019381.SRX020572.SRR051585",0.076427604380614,-0.17162626086147
"1927.SRS021109.SRX022097.SRR057663",0.0740512269695882,-0.162335040172006
"1927.SRS020584.SRX022097.SRR057663",0.076267573530855,-0.164937696813845
"1927.SRS020641.SRX022097.SRR057663",0.0756911105276532,-0.167318773107561
"1927.SRS020657.SRX022097.SRR057663",-0.244368816805674,0.00695642538759544
"1927.SRS065500.SRX022224.SRR058087",0.085352010027098,-0.169669270384415
"1927.SRS051086.SRX022224.SRR058087",0.0770384215381493,-0.170842825917231
"1927.SRS055697.SRX022224.SRR058087",0.0819186893568424,-0.176438526364186
"1927.SRS058663.SRX022225.SRR058088",0.238246790367277,-0.046755199827904
"1927.SRS063611.SRX022225.SRR058088",0.230128066330402,-0.0354911255429788
"1927.SRS044442.SRX022225.SRR058088",0.302462238598828,0.0957321201627654
"1927.SRS042803.SRX022156.SRR058115",0.0688627481661153,-0.153808540678374
"1927.SRS065258.SRX022225.SRR058088",-0.0312240911877932,-0.0367538896690252
"1927.SRS063781.SRX022228.SRR058091",0.0471106547232285,0.00701255782135413
"1927.SRS063782.SRX022228.SRR058091",0.221346245858727,-0.0522921742065546
"1927.SRS063918.SRX022232.SRR058094",0.0657343687427974,-0.144174164511492
"1927.SRS064008.SRX022232.SRR058094",0.0592389493736927,-0.17017591436673
"1927.SRS063105.SRX022232.SRR058094",0.0584898387835609,-0.207939261034422
"1927.SRS064647.SRX022232.SRR058094",0.0745748362624783,-0.163871967243681
"1927.SRS049766.SRX022241.SRR058097",0.0784712267363884,-0.170185063953301
"1927.SRS056832.SRX022241.SRR058097",0.0745951147322844,-0.157135440620874
"1927.SRS043706.SRX022244.SRR058107",0.2061229288151,-0.0578471372428431
"1927.SRS055039.SRX022244.SRR058107",0.126883802612493,-0.140052165328386
"1927.SRS044827.SRX022156.SRR058115",0.0552595770536472,-0.144470346100358
"1927.SRS063608.SRX022156.SRR058115",0.0645681790431896,-0.150486686420939
"1927.SRS015133.SRX020546.SRR043686",0.0680234132984412,-0.153896199743654
"1927.SRS011621.SRX020659.SRR045004",0.0753397515636285,-0.168920873250275
"1927.SRS011405.SRX020659.SRR046237",0.0789929864354808,-0.171503288610282
"1927.SRS011477.SRX020667.SRR045221",0.0777235402935164,-0.148952568709871
"1927.SRS015518.SRX020539.SRR044146",0.067915779076775,-0.158469166877313
"1927.SRS011477.SRX020663.SRR045142",0.0803648739942147,-0.148972258894756
"1927.SRS011405.SRX020661.SRR044803",0.0777530743177417,-0.16993826448543
"1927.SRS018968.SRX020572.SRR045817",0.0716372171668852,-0.154140877986343
"1927.SRS048722.SRX020523.SRR046409",0.0656480184070266,-0.145139530083422
"1927.SRS063921.SRX020569.SRR046605",0.069017402447142,-0.154758376611678
"1927.SRS063985.SRX020569.SRR046659",0.0738305933468021,-0.160268361825696
"1927.SRS063898.SRX020569.SRR046660",0.0775471652496753,-0.162874963566688
"1927.SRS011475.SRX020571.SRR047535",0.105463262999275,-0.147626592009962
"1927.SRS063018.SRX020670.SRR047661",0.498201457562384,0.190622291894605
"1927.SRS023422.SRX020683.SRR048341",0.0528705090258581,-0.128043869316392
"1927.SRS050106.SRX020568.SRR049547",0.0678752229845516,-0.182720549851334
"1927.SRS019534.SRX020572.SRR051591",0.0713496550678238,-0.161814342508294
"1927.SRS047642.SRX022224.SRR058087",0.0680822406898106,-0.14721886112237
"1927.SRS045910.SRX022224.SRR058087",0.0779313189171481,-0.169907414578477
"1927.SRS057399.SRX022225.SRR058088",0.149751081272315,0.0924438276671349
"1927.SRS021853.SRX022232.SRR058094",0.0797536872437328,-0.168852531932384
"1927.SRS065421.SRX022232.SRR058094",0.080657003873066,-0.172011877909575
"1927.SRS063307.SRX022232.SRR058094",0.0614239336058315,-0.14059401398476
"1927.SRS042572.SRX022241.SRR058097",0.0615391608689143,-0.143822432054396
"1927.SRS049949.SRX022241.SRR058097",0.0805917994017725,-0.168613847041847
"1927.SRS055034.SRX022244.SRR058107",0.319057973227417,0.0332977931698895
"1927.SRS047278.SRX022244.SRR058107",0.208956483748782,-0.00177418825325278
"1927.SRS043503.SRX022244.SRR058107",0.187597538012582,0.0128518386166836
"1927.SRS042639.SRX022244.SRR058107",0.214148889516085,-0.0117722169527148
"1927.SRS057676.SRX022156.SRR058115",0.074853956425093,-0.166225716594512
"1927.SRS015954.SRX020525.SRR044571",0.0928540882406833,-0.0877494607133171
"1927.SRS050761.SRX020574.SRR043865",0.0380406369915181,-0.170200164872742
"1927.SRS019239.SRX020516.SRR044363",0.243114278533459,0.025399034897249
"1927.SRS019231.SRX020525.SRR044523",0.0865184729857788,-0.0670452408826791
"1927.SRS019235.SRX020525.SRR044562",0.0552616997332353,-0.05823883999005
"1927.SRS011502.SRX020667.SRR045259",0.540995666958251,0.184396168543351
"1927.SRS011553.SRX020667.SRR045285",0.138223642851813,-0.0530870394332284
"1927.SRS015198.SRX020536.SRR046114",0.0991200005624603,-0.147778552113917
"1927.SRS044615.SRX020549.SRR046496",0.0448871464321365,-0.0380639569451228
"1927.SRS062998.SRX020512.SRR047076",0.199296413339732,-0.0853015087101088
"1927.SRS043369.SRX020563.SRR049378",0.353161565491412,0.0617622504737821
"1927.SRS044606.SRX020580.SRR047191",-0.259903138496422,0.157989716488361
"1927.SRS019237.SRX020525.SRR047444",0.00964847511990305,0.00589469273968814
"1927.SRS047925.SRX020677.SRR047978",0.500980082570359,0.215622815298994
"1927.SRS023450.SRX020683.SRR048347",0.182517255082447,0.00625475683956872
"1927.SRS062964.SRX020519.SRR049528",0.540834595170203,0.182500914856171
"1927.SRS057060.SRX022244.SRR058107",0.560127645912054,0.195003985212345
"1927.SRS014811.SRX020546.SRR043655",-0.294986654331044,0.112994975106878
"1927.SRS015913.SRX020520.SRR044630",-0.307274491939479,0.205381786915198
"1927.SRS065054.SRX020578.SRR049620",-0.075127701772978,-0.210952226220368
"1927.SRS047193.SRX020511.SRR045640",-0.054721674720252,-0.196610408227981
"1927.SRS011161.SRX020659.SRR045028",-0.292478114181255,0.362811858006477
"1927.SRS057450.SRX020543.SRR045560",-0.0676338389297265,-0.196855597485679
"1927.SRS014607.SRX020546.SRR047383",-0.299545210128651,0.244812153937261
"1927.SRS049118.SRX022225.SRR058088",0.440251581083403,0.0933806001650595
"1927.SRS016309.SRX020525.SRR044530",0.0931258473429114,-0.0572722198145792
"1927.SRS058514.SRX022244.SRR058107",0.0729777089988788,-0.0382629409906589
"1927.SRS044585.SRX022244.SRR058107",0.543313367758768,0.182498566971627
"1927.SRS053001.SRX020554.SRR043721",-0.201019477819946,0.220982450935383
"1927.SRS015570.SRX020577.SRR044030",-0.0675456907645075,-0.000571442028747729
"1927.SRS015764.SRX020539.SRR044160",-0.272653188414426,0.108013776094834
"1927.SRS019103.SRX020564.SRR044718",-0.17946086083713,0.0546978693657217
"1927.SRS011175.SRX020659.SRR044992",-0.0126689247187437,-0.166015445985063
"1927.SRS065520.SRX020532.SRR046975",-0.269228011589105,0.304056508454866
"1927.SRS019103.SRX020545.SRR049227",-0.187195568202808,0.076803139715852
"1927.SRS016315.SRX020516.SRR044354",-0.290323815431205,0.277479612868372
"1927.SRS015876.SRX020554.SRR043707",-0.154966469662804,-0.183016548526796
"1927.SRS015882.SRX020554.SRR043722",-0.0947659813818431,-0.234865576579303
"1927.SRS014875.SRX020554.SRR043817",-0.0568792675477614,-0.230465375377633
"1927.SRS014857.SRX020554.SRR043837",-0.278667169179595,0.231949322402438
"1927.SRS015884.SRX020554.SRR047394",-0.112549062500926,-0.199929706041461
"1927.SRS014351.SRX020554.SRR049817",-0.243291513528842,0.163554297503166
"1927.SRS015878.SRX020554.SRR043715",-0.27518223825963,0.259985071172234
"1927.SRS018599.SRX020516.SRR044330",-0.222897807624672,0.30375717784568
"1927.SRS042263.SRX020540.SRR047264",-0.271663144334076,0.330307171808403
"1927.SRS051778.SRX020550.SRR049380",-0.252796744225024,0.349999614108016
"1927.SRS045871.SRX020540.SRR049626",-0.267854787542967,0.367198396703301
"1927.SRS058507.SRX020540.SRR047115",-0.311971813239167,0.315445187051889
"1927.SRS014347.SRX020536.SRR049358",-0.136411576379028,-0.130370359731697
"1927.SRS015576.SRX020577.SRR043975",-0.0968127429598661,-0.160418079079282
"1927.SRS015174.SRX020554.SRR043815",-0.305435236397711,0.370686424862148
"1927.SRS015627.SRX020539.SRR044189",-0.109729530039915,-0.158260609996592
"1927.SRS023067.SRX020675.SRR047830",-0.184569170228206,0.203879958754595
"1927.SRS014758.SRX020554.SRR043818",-0.262109632603484,0.32074153311058
"1927.SRS014267.SRX020554.SRR043819",-0.117705076859424,-0.246738193792098
"1927.SRS014865.SRX020554.SRR043824",-0.229054177002117,0.0225500907353812
"1927.SRS055075.SRX020567.SRR046690",-0.0217822756517067,-0.129318728700982
"1927.SRS015241.SRX020577.SRR044027",-0.22187621763633,0.283921155288406
"1927.SRS015362.SRX020577.SRR044028",-0.16560099893404,0.054683119142742
"1927.SRS015466.SRX020564.SRR044728",-0.156400551344603,0.0464694349016522
"1927.SRS015468.SRX020545.SRR044737",-0.118995926294749,-0.0725846230514155
"1927.SRS015468.SRX020564.SRR047455",-0.115272484164428,-0.0777246077266358
"1927.SRS056485.SRX020578.SRR047246",-0.074323948411221,-0.185172949826679
"1927.SRS011179.SRX020570.SRR045464",0.269065825481942,-0.0258427792701131
"1927.SRS046317.SRX020527.SRR047177",-0.0375779324984779,0.044425658630305
"1927.SRS047751.SRX020578.SRR047306",-0.240122514343633,0.246443175770189
"1927.SRS015974.SRX020577.SRR044049",-0.133998379561337,0.126288984163022
"1927.SRS015029.SRX020577.SRR044066",-0.247006873549786,0.181653045080806
"1927.SRS011373.SRX020661.SRR044832",-0.112707630097957,-0.220591862711208
"1927.SRS015239.SRX020577.SRR044086",-0.242986689753997,0.291568499295308
"1927.SRS011547.SRX020659.SRR045015",-0.118723165005131,-0.207017983900974
"1927.SRS015758.SRX020539.SRR044162",-0.222790654023042,0.191315997728222
"1927.SRS047265.SRX020578.SRR047248",-0.0104312605136902,-0.183238669299691
"1927.SRS043680.SRX020578.SRR047304",-0.243847171662057,0.141633368905611
"1927.SRS019890.SRX020516.SRR044323",-0.230342763745161,0.265900593717255
"1927.SRS016205.SRX020525.SRR044542",0.021410188239928,-0.0549703983427518
"1927.SRS015925.SRX020510.SRR044595",-0.23521063102112,0.128858133344286
"1927.SRS015925.SRX020520.SRR044625",-0.229847072680337,0.124639594765098
"1927.SRS019105.SRX020564.SRR044720",-0.248706869372965,0.161245360677707
"1927.SRS019105.SRX020545.SRR044745",-0.245712778881793,0.164996782401268
"1927.SRS011496.SRX020661.SRR044764",-0.0480384274446243,-0.190252660680644
"1927.SRS011547.SRX020661.SRR044788",-0.123754894150285,-0.209611782876382
"1927.SRS011371.SRX020661.SRR044804",-0.0948395609742317,-0.196324558899267
"1927.SRS011289.SRX020661.SRR044835",-0.0796104672431149,-0.241058134318622
"1927.SRS011371.SRX020659.SRR045031",-0.0851940437898668,-0.206722638579142
"1927.SRS011545.SRX020659.SRR045039",-0.0797045370341267,-0.232040192001184
"1927.SRS011604.SRX020659.SRR045053",-0.102858810382089,-0.195492847389487
"1927.SRS011373.SRX020659.SRR045056",-0.113376497888669,-0.220320790745543
"1927.SRS011484.SRX020663.SRR045176",-0.26796123617596,0.339349043128566
"1927.SRS058444.SRX020578.SRR047313",-0.0927116821329753,-0.212888790007188
"1927.SRS011179.SRX020537.SRR045397",0.223196370981556,-0.0509549640677343
"1927.SRS011287.SRX020664.SRR045439",-0.079547113108805,-0.229050817805066
"1927.SRS014271.SRX020543.SRR045570",-0.247575806944786,0.289880083338488
"1927.SRS014434.SRX020511.SRR045647",-0.0246431581860899,-0.0941263196937914
"1927.SRS015131.SRX020555.SRR045679",-0.0835949246894817,-0.187272158992441
"1927.SRS014821.SRX020555.SRR045707",-0.09457446613025,-0.219729775179792
"1927.SRS011496.SRX020659.SRR049236",-0.0562264300358559,-0.180809698582872
"1927.SRS056140.SRX020670.SRR046246",-0.209215773365419,0.121944542843538
"1927.SRS064281.SRX020670.SRR046255",-0.0504584350407362,-0.193582461081409
"1927.SRS049611.SRX020670.SRR046258",-0.109796595285816,-0.0282381912959325
"1927.SRS065346.SRX020670.SRR046338",-0.0818147891480168,-0.162376597985508
"1927.SRS062472.SRX020542.SRR046386",-0.0313411497827838,-0.188540062560514
"1927.SRS052454.SRX020563.SRR046390",-0.0858068481054766,-0.156210813906081
"1927.SRS050617.SRX020550.SRR046432",-0.0814436652081043,-0.22851576452608
"1927.SRS048971.SRX020567.SRR046578",0.385222474937899,0.0870158309722396
"1927.SRS056028.SRX020568.SRR046861",-0.175960676529455,0.065141032016907
"1927.SRS055808.SRX020568.SRR046882",-0.198802771575607,0.169059290159542
"1927.SRS021926.SRX020675.SRR047784",-0.280326083685464,0.222550102478966
"1927.SRS063235.SRX020532.SRR046918",-0.240395044264222,0.221013497647982
"1927.SRS057634.SRX020568.SRR046930",-0.3169052615677,0.30756709316625
"1927.SRS022438.SRX020676.SRR047914",-0.0876035021451101,-0.238145843489606
"1927.SRS062681.SRX020532.SRR046988",-0.120699283705662,0.0549384597651584
"1927.SRS051098.SRX020580.SRR047125",-0.27520373370121,0.206003545853986
"1927.SRS044643.SRX020580.SRR047190",-0.128438210263049,0.134287226692156
"1927.SRS058271.SRX020578.SRR047252",-0.0356599278869466,-0.168198946678391
"1927.SRS052682.SRX020540.SRR047278",-0.108130468527867,-0.181290727701092
"1927.SRS049012.SRX020540.SRR047283",-0.129195416976961,-0.0916806666690681
"1927.SRS048928.SRX020578.SRR047310",-0.141443436762325,-0.196102648580166
"1927.SRS051176.SRX020578.SRR047312",-0.138942423404522,0.129955461246479
"1927.SRS022428.SRX020676.SRR047909",-0.299293239787747,0.135514655653962
"1927.SRS022440.SRX020676.SRR047913",-0.0847830380078802,-0.239916674275874
"1927.SRS014917.SRX020546.SRR047389",-0.211040605929431,0.110801459074553
"1927.SRS019568.SRX020511.SRR047554",-0.3233845065925,0.215601630400823
"1927.SRS018688.SRX020572.SRR047586",-0.170466448349963,0.168276570937592
"1927.SRS065125.SRX020670.SRR047678",-0.0580307099563614,-0.220569017652139
"1927.SRS021627.SRX020675.SRR047754",-0.103377545315501,-0.190157148312334
"1927.SRS021567.SRX020675.SRR047803",-0.0723344684961605,-0.205700144897293
"1927.SRS020145.SRX020676.SRR047850",-0.0493129347961044,-0.233566128569528
"1927.SRS023869.SRX020676.SRR047928",-0.12563628341483,-0.121267559073099
"1927.SRS022422.SRX020676.SRR047912",-0.285921734919982,0.117605085742264
"1927.SRS024531.SRX020676.SRR047907",-0.283699604130415,0.0964002282964719
"1927.SRS022430.SRX020676.SRR047908",-0.224653989413179,-0.023054323278896
"1927.SRS023877.SRX020677.SRR047932",-0.0566523592207242,-0.237525378542557
"1927.SRS023875.SRX020677.SRR047933",-0.0446337545284913,-0.253698322288033
"1927.SRS023504.SRX020677.SRR047943",-0.0726680285193467,-0.122216137528122
"1927.SRS063554.SRX020569.SRR049421",-0.0926711084366175,-0.227486430358645
"1927.SRS063872.SRX020569.SRR049443",-0.227584174096484,0.243443258567481
"1927.SRS062719.SRX020532.SRR049542",-0.135435270572112,0.0515245698838858
"1927.SRS064970.SRX020532.SRR049560",-0.21911946074739,-0.141643843394352
"1927.SRS014760.SRX020554.SRR049816",-0.224843355473882,0.0658087590678197
"1927.SRS015772.SRX020539.SRR049862",-0.205352605820364,0.230850870327169
"1927.SRS043325.SRX020577.SRR049874",-0.243946898096798,0.260178766588702
"1927.SRS020819.SRX022097.SRR057663",-0.298636235051096,0.255861045569491
"1927.SRS020837.SRX022097.SRR057663",-0.093047629462849,-0.199645852713367
"1927.SRS020600.SRX022097.SRR057663",-0.199226848847316,-0.128777441830071
"1927.SRS020598.SRX022097.SRR057663",-0.295844120392478,0.0672732309124985
"1927.SRS020604.SRX022097.SRR057663",-0.277997425809964,0.169877026051197
"1927.SRS020610.SRX022097.SRR057663",-0.027281579452778,-0.175517514128348
"1927.SRS052249.SRX022224.SRR058087",-0.0480041864977608,-0.154900477416302
"1927.SRS020608.SRX022097.SRR057663",-0.0997318484911419,-0.230125835566539
"1927.SRS055211.SRX022232.SRR058094",-0.00588709354748755,-0.137075936811962
"1927.SRS020614.SRX022097.SRR057663",0.375269798143116,0.133250139612163
"1927.SRS020606.SRX022097.SRR057663",-0.251921603467241,0.277129389088996
"1927.SRS020612.SRX022097.SRR057663",0.0694692319165566,0.136835418557411
"1927.SRS020649.SRX022097.SRR057663",-0.225275458317313,0.0607065184373653
"1927.SRS020667.SRX022097.SRR057663",-0.0550586288161475,-0.203823076021312
"1927.SRS020665.SRX022097.SRR057663",-0.0493457688903822,-0.205040293382827
"1927.SRS046568.SRX022224.SRR058087",-0.0871805124479266,-0.196721276546971
"1927.SRS052060.SRX022224.SRR058087",-0.0585857576647263,-0.143022925140183
"1927.SRS064934.SRX022224.SRR058087",-0.103183169678934,-0.20637128790825
"1927.SRS046636.SRX022224.SRR058087",-0.0977886204711913,-0.167281533331155
"1927.SRS063481.SRX022224.SRR058087",-0.020376454832907,-0.147189087247725
"1927.SRS047830.SRX022224.SRR058087",-0.202828289070436,0.0649219470001215
"1927.SRS046408.SRX022224.SRR058087",-0.0290041676138013,-0.208040350718783
"1927.SRS046272.SRX022224.SRR058087",-0.231027936659493,-0.0814141186362713
"1927.SRS058242.SRX022224.SRR058087",-0.0534394947131956,-0.193356321859649
"1927.SRS044297.SRX022241.SRR058097",-0.0374115622189524,-0.207013654754124
"1927.SRS064994.SRX022232.SRR058094",-0.126904817372203,-0.271802917387134
"1927.SRS062615.SRX022232.SRR058094",-0.0439720662361848,-0.210209535656955
"1927.SRS052640.SRX022156.SRR058115",0.00582742014240739,-0.148065180710829
"1927.SRS043289.SRX022156.SRR058115",-0.0563527196722783,-0.25177663358862
"1927.SRS056814.SRX022156.SRR058115",-0.272271076449748,0.166510843056454
"1927.SRS022761.SRX022232.SRR058094",-0.0419718348747199,-0.172630462533689
"1927.SRS062517.SRX022232.SRR058094",-0.0138986611167161,-0.183934856649056
"1927.SRS063628.SRX022232.SRR058094",-0.0986582302695744,-0.226957700545064
"1927.SRS064383.SRX022232.SRR058094",-0.257237428087427,0.145035621586797
"1927.SRS046988.SRX022241.SRR058097",-0.169927906494942,-0.152337776911805
"1927.SRS046528.SRX022241.SRR058097",-0.142300139641802,-0.214986384272447
"1927.SRS057051.SRX022241.SRR058097",-0.087791331651252,-0.199008529406099
"1927.SRS050034.SRX022241.SRR058097",-0.23118439384753,0.113289467455441
"1927.SRS052419.SRX022241.SRR058097",-0.300903855393498,0.145448765396639
"1927.SRS047760.SRX022241.SRR058097",-0.0462104993448795,-0.145810024261561
"1927.SRS047149.SRX022241.SRR058097",-0.202859650585552,-0.0197232724697881
"1927.SRS052116.SRX022241.SRR058097",-0.166781552044237,-0.00837146769820297
"1927.SRS049828.SRX022241.SRR058097",-0.083353770921498,-0.242471896099164
"1927.SRS047280.SRX022241.SRR058097",-0.0228835681866741,-0.133143089150846
"1927.SRS046376.SRX022241.SRR058097",-0.0782044979639392,-0.157479264041347
"1927.SRS058543.SRX022241.SRR058097",-0.238882036649461,0.126732645906884
"1927.SRS056433.SRX022241.SRR058097",-0.0320152599505239,-0.259101312949293
"1927.SRS057272.SRX022244.SRR058107",-0.00420663372743722,-0.215454252434272
"1927.SRS042607.SRX022156.SRR058115",-0.237796287031969,0.153687075476737
"1927.SRS051769.SRX022156.SRR058115",-0.0849389323976057,-0.1824076936706
"1927.SRS053288.SRX022156.SRR058115",-0.0709540288322942,-0.183736130537707
"1927.SRS052615.SRX022156.SRR058115",-0.0742441712559148,-0.129718307566263
"1927.SRS048843.SRX020574.SRR043857",-0.0376183494614355,-0.145197347498394
"1927.SRS011440.SRX020663.SRR045186",0.534502115359675,0.190259845316679
"1927.SRS014831.SRX020536.SRR046121",0.110588651104623,-0.13661754475809
"1927.SRS063720.SRX020519.SRR046502",0.0813376018643663,-0.254313610874865
"1927.SRS019003.SRX020520.SRR044628",0.564473130381919,0.17377314947547
"1927.SRS014436.SRX020511.SRR045631",-0.282144517352713,0.155477589634317
"1927.SRS014275.SRX020543.SRR047544",-0.25840333390649,0.0166579542153515
"1927.SRS021637.SRX020675.SRR047758",0.278650054710385,0.0133927862022052
"1927.SRS023065.SRX020675.SRR047829",-0.169920162853433,-0.175966890831296
"1927.SRS023081.SRX020676.SRR047839",0.140030190022722,-0.00260976114306998
"1927.SRS022956.SRX020678.SRR048017",0.182740087720532,-0.108935298013203
"1927.SRS023069.SRX020678.SRR048019",-0.198707532882506,0.183090281632907
"1927.SRS023079.SRX020683.SRR048331",0.104442408758273,-0.126011359155719
"1927.SRS062427.SRX020569.SRR049637",0.0699138074896648,-0.158257273087414
"1927.SRS021139.SRX022097.SRR057663",0.543652464965621,0.193947352884881
"1927.SRS044937.SRX022244.SRR058107",0.169720397459926,0.00450299244912021
"1927.SRS015655.SRX020525.SRR044533",0.160004442215465,-0.0666911007030633
"1927.SRS014337.SRX020546.SRR047391",0.0797850649649907,-0.0947590428161929
"1927.SRS019675.SRX020574.SRR043876",0.425020617249647,0.219969843393729
"1927.SRS014883.SRX020574.SRR043900",0.52368618611412,0.161458189789325
"1927.SRS019552.SRX020543.SRR045557",0.489769767588221,0.203586940607559
"1927.SRS019007.SRX020510.SRR044582",0.226204573415707,-0.028397293464856
"1927.SRS019007.SRX020520.SRR044612",0.240654091592717,-0.0312813317545354
"1927.SRS019085.SRX020564.SRR044722",0.366807001687092,0.0720844356498681
"1927.SRS019085.SRX020545.SRR044747",0.384149149813936,0.0801986621046039
"1927.SRS049355.SRX020678.SRR048031",0.329490649347554,0.100514297928197
"1927.SRS019182.SRX020575.SRR045820",0.577923711958874,0.190385195381784
"1927.SRS019180.SRX020575.SRR045841",0.511766761973942,0.160040742257112
"1927.SRS019186.SRX020575.SRR047610",0.0862473929156519,-0.00280340981619499
"1927.SRS019554.SRX020557.SRR046099",0.501783158119254,0.168276485522257
"1927.SRS024543.SRX020678.SRR048041",0.278874713712905,0.0710085392538008
"1927.SRS020212.SRX020683.SRR048337",0.567340017195782,0.200564666716882
"1927.SRS047711.SRX022244.SRR058107",0.47130064263134,0.175063186814592
"1927.SRS055318.SRX020554.SRR043838",0.0824397856276268,-0.0631417669890059
"1927.SRS052219.SRX020574.SRR043846",0.484852961415315,0.154675601773605
"1927.SRS057278.SRX020550.SRR046428",0.079489522883375,-0.228609766875689
"1927.SRS058788.SRX020578.SRR047300",0.167848654500345,-0.0445370320615176
"1927.SRS065120.SRX020519.SRR049529",0.555142894604805,0.195111283237148
"1927.SRS019083.SRX020564.SRR044727",0.319617509371631,0.0475672181077386
"1927.SRS018811.SRX020525.SRR044541",0.0620139347479421,-0.118504810290242
"1927.SRS018551.SRX020525.SRR044564",0.125823562846928,-0.085267980201123
"1927.SRS019083.SRX020545.SRR044753",0.298355311407766,0.0503627881817515
"1927.SRS011682.SRX020661.SRR044762",0.0572043893970442,-0.144583404369348
"1927.SRS011490.SRX020663.SRR045167",-0.200274532639428,-0.0725930295990437
"1927.SRS043226.SRX020511.SRR045657",-0.287104967367326,0.0825645248559389
"1927.SRS023221.SRX020675.SRR047781",0.0569093287017001,-0.14810516815633
"1927.SRS054549.SRX020568.SRR046945",0.0565457201144787,-0.142727214587288
"1927.SRS057292.SRX020670.SRR047664",0.0706793856194753,-0.232375868994374
"1927.SRS023219.SRX020675.SRR047780",0.0587298337047888,-0.148553028360853
"1927.SRS023217.SRX020675.SRR047782",0.0600486937369384,-0.148667470319511
"1927.SRS023075.SRX020676.SRR047838",0.567940516513368,0.199111933991419
"1927.SRS023087.SRX020676.SRR047841",0.0903835972256265,-0.18028286895468
"1927.SRS023085.SRX020676.SRR047843",0.0767770673276306,-0.18708850727474
"1927.SRS011296.SRX020659.SRR049237",0.512351922088928,0.159848231329969
"1927.SRS019314.SRX020575.SRR049632",0.105204510961976,-0.0335113145443629
"1927.SRS065480.SRX022225.SRR058088",0.539074345199477,0.170489219039122
"1927.SRS063535.SRX022232.SRR058094",0.0609530664776122,-0.16043925204582
"1927.SRS065644.SRX022232.SRR058094",0.0715785293029601,-0.200190922304936
"1927.SRS047998.SRX022244.SRR058107",0.49645016935867,0.16847659616362
"1927.SRS051688.SRX022244.SRR058107",0.474344418663277,0.139701085623259
"1927.SRS014829.SRX020536.SRR046118",0.156015812644637,-0.133736897152535
"1927.SRS011292.SRX020570.SRR047532",0.131569590461577,-0.126129237310544
"1927.SRS011443.SRX020571.SRR047536",0.11213833975671,-0.141308882587318
"1927.SRS014923.SRX020546.SRR043675",0.0619311372941912,-0.141144971052095
"1927.SRS014825.SRX020574.SRR049832",0.43059628837011,0.10557964772035
"1927.SRS011535.SRX020667.SRR045223",-0.293128472577093,0.11725121950085
"1927.SRS014881.SRX020536.SRR046111",0.100610737540692,-0.145625665542607
"1927.SRS020194.SRX020676.SRR047862",-0.131083169376775,-0.157942590608022
"1927.SRS062455.SRX020519.SRR049527",0.454871728017436,0.126660357144144
"1927.SRS063673.SRX020548.SRR050034",-0.301379983960972,0.236877768887211
"1927.SRS045145.SRX022224.SRR058087",-0.275636832449379,0.263138893097662
"1927.SRS065628.SRX022224.SRR058087",0.0654418785229768,-0.141409915410764
"1927.SRS043160.SRX022225.SRR058088",0.110502487641506,-0.081883329597219
"1927.SRS047898.SRX022225.SRR058088",0.181100363507882,0.0741732707621477
"1927.SRS065487.SRX022225.SRR058088",0.0470232021471801,-0.0583918690558133
"1927.SRS064351.SRX022225.SRR058088",0.415759747325314,0.071830818192552
"1927.SRS056913.SRX022225.SRR058088",0.578452838767992,0.194815938934417
"1927.SRS064035.SRX022225.SRR058088",0.0775616722731679,-0.0585266292123248
"1927.SRS047449.SRX022244.SRR058107",0.240944160014688,-0.0647346196569832
"1927.SRS051892.SRX022156.SRR058115",0.0781180409030263,-0.167795364051415
"1927.SRS014570.SRX020546.SRR047369",-0.24210900988741,0.0527808999870901
"1927.SRS014341.SRX020546.SRR043648",0.0764000666800369,-0.182159223143626
"1927.SRS014315.SRX020546.SRR043689",-0.11424116600058,-0.175127523492356
"1927.SRS015401.SRX020546.SRR047370",-0.129518195163799,-0.211702047954758
"1927.SRS014273.SRX020511.SRR045668",-0.264634553932209,0.181750233275217
"1927.SRS064413.SRX020532.SRR046901",-0.231007830579583,0.149712851559481
"1927.SRS014746.SRX020554.SRR043813",-0.26732565526809,0.194614864390126
"1927.SRS014869.SRX020554.SRR043833",-0.262884905552082,0.235078121457616
"1927.SRS014879.SRX020574.SRR043853",0.267443133590584,-0.0430419581789648
"1927.SRS015768.SRX020539.SRR044154",-0.0919214740983018,-0.148348551939388
"1927.SRS043591.SRX020540.SRR047257",-0.222263603815533,0.173300526551402
"1927.SRS014566.SRX020546.SRR043669",-0.149359549280992,-0.130010229610304
"1927.SRS015405.SRX020546.SRR043702",-0.236462786827995,0.271171632133338
"1927.SRS015123.SRX020546.SRR043695",-0.11721184519792,-0.142285090100514
"1927.SRS011279.SRX020664.SRR045429",-0.108329724255228,-0.171602280979709
"1927.SRS016004.SRX020539.SRR044183",-0.290470904419408,0.0794072470421675
"1927.SRS011535.SRX020663.SRR045144",-0.288017007916981,0.109556917176348
"1927.SRS051198.SRX020568.SRR046938",-0.301508404435255,0.176830283827828
"1927.SRS045571.SRX020578.SRR047322",-0.244611547137463,-0.0393209830572861
"1927.SRS016271.SRX020577.SRR044051",-0.184416387623668,-0.0235419157566937
"1927.SRS014277.SRX020511.SRR045615",-0.150872653880984,-0.165038462589473
"1927.SRS014570.SRX020555.SRR045682",-0.203415152014573,0.0349463761095593
"1927.SRS049142.SRX020670.SRR046256",-0.0756291837329543,-0.167253599552967
"1927.SRS043351.SRX020540.SRR047266",-0.171405982138554,-0.103089222166832
"1927.SRS063784.SRX020532.SRR049569",-0.285367228139528,0.0568769156514877
"1927.SRS022940.SRX020675.SRR047812",-0.185502073900502,-0.0117391936286328
"1927.SRS042298.SRX020568.SRR046845",-0.134067814872771,-0.135692244803206
"1927.SRS054624.SRX020578.SRR047324",-0.179496587244598,-0.135591107878011
"1927.SRS014132.SRX020546.SRR047387",-0.100834626392004,-0.146608044829966
"1927.SRS011365.SRX020570.SRR045461",-0.16662751856641,-0.174174652377447
"1927.SRS047456.SRX020549.SRR046474",0.37247461539889,0.170971138568026
"1927.SRS015623.SRX020539.SRR049858",-0.0756162252178434,-0.113373434479955
"1927.SRS051123.SRX020554.SRR043734",-0.149548733729258,-0.185073899092748
"1927.SRS047957.SRX020540.SRR049627",-0.27210787027081,0.168288023100946
"1927.SRS015671.SRX020539.SRR049877",-0.328789078350011,0.175749048102684
"1927.SRS057949.SRX020531.SRR046043",-0.157172717467336,-0.125893191974455
"1927.SRS021563.SRX020675.SRR047805",-0.188264531313461,0.0642218788123663
"1927.SRS022938.SRX020675.SRR047813",-0.249231100244976,0.127923950011021
"1927.SRS023063.SRX020675.SRR047827",-0.0693207432463124,-0.076292036968186
"1927.SRS018948.SRX020572.SRR051578",-0.152037875799147,-0.193261193159805
"1927.SRS014599.SRX020546.SRR043656",-0.157963155292437,-0.214251127604453
"1927.SRS011365.SRX020537.SRR045393",-0.165369884938044,-0.173183955105109
"1927.SRS043966.SRX020567.SRR046637",0.0481030487680447,-0.109535736591691
"1927.SRS063197.SRX020532.SRR046921",-0.297188122425978,0.105161112325144
"1927.SRS048577.SRX020550.SRR049381",-0.16620170177948,-0.166584291428062
"1927.SRS014809.SRX020546.SRR043660",-0.290856875211397,0.26853044125429
"1927.SRS014128.SRX020546.SRR043665",-0.242380030702883,0.276728871101694
"1927.SRS018631.SRX020572.SRR047571",-0.220823240321118,-0.0207234218724056
"1927.SRS019896.SRX020516.SRR044316",-0.28700035438591,0.246487089976839
"1927.SRS051466.SRX020540.SRR047274",-0.155570408527289,-0.11633346383108
"1927.SRS015301.SRX020554.SRR047396",-0.245608992722307,0.0551532314707883
"1927.SRS047717.SRX020578.SRR049619",-0.227402145298559,-0.0869229480523908
"1927.SRS051166.SRX020670.SRR046248",-0.227006496211954,0.0830024926234869
"1927.SRS014813.SRX020546.SRR043682",-0.131347728132201,-0.207713138297939
"1927.SRS015677.SRX020539.SRR044173",-0.307089073244928,0.307116186784644
"1927.SRS018625.SRX020536.SRR046124",-0.151650089036742,0.123761941811212
"1927.SRS063277.SRX020578.SRR047314",-0.255527505967891,0.221453002228734
"1927.SRS014277.SRX020543.SRR047545",-0.160151521083104,-0.156006305502149
"1927.SRS057259.SRX020670.SRR049367",-0.27744101525561,0.074428935349861
"1927.SRS043408.SRX020546.SRR043687",-0.296441494745031,0.115379500129756
"1927.SRS065181.SRX020512.SRR047066",0.264654833889369,0.30957570053353
"1927.SRS055124.SRX020531.SRR046047",-0.111553799275745,-0.176676731782085
"1927.SRS015113.SRX020546.SRR043680",-0.180788911277582,0.106259727667505
"1927.SRS011537.SRX020663.SRR045182",-0.2237147171733,-0.0652414180000708
"1927.SRS014752.SRX020554.SRR043733",-0.226577212406144,0.118456937241923
"1927.SRS015784.SRX020539.SRR044190",-0.248895719756155,0.245942475861011
"1927.SRS016012.SRX020539.SRR044196",-0.293467278374492,0.348889819895351
"1927.SRS019099.SRX020564.SRR044713",-0.193701784745177,-0.1873125692089
"1927.SRS016235.SRX020516.SRR044349",-0.283255702515758,0.298563084416677
"1927.SRS014317.SRX020546.SRR043692",-0.29819735529519,0.314069472034182
"1927.SRS057813.SRX020543.SRR045564",-0.188758049180368,-0.149983317559501
"1927.SRS021571.SRX020675.SRR047810",0.0981204260361187,0.17529921626662
"1927.SRS014867.SRX020554.SRR043809",-0.120102670485637,-0.193184871836024
"1927.SRS014817.SRX020546.SRR043698",-0.287027708838164,0.230279975426486
"1927.SRS015125.SRX020546.SRR043701",-0.231940794764173,0.231780799693343
"1927.SRS011279.SRX020662.SRR045406",-0.106550831824888,-0.164532622866841
"1927.SRS011514.SRX020663.SRR045190",-0.239361295391931,0.0300027418885626
"1927.SRS021621.SRX020675.SRR047752",-0.319380689669201,0.332196054909527
"1927.SRS021623.SRX020675.SRR047756",-0.325944772421991,0.279630598573788
"1927.SRS021924.SRX020675.SRR047785",-0.290705456717556,0.258879319433826
"1927.SRS021559.SRX020675.SRR047800",-0.112697154600158,-0.093158280685225
"1927.SRS014863.SRX020554.SRR049818",-0.320482413341114,0.184585517538426
"1927.SRS014349.SRX020554.SRR043711",-0.109398579779106,-0.175023826353183
"1927.SRS019898.SRX020516.SRR044300",-0.285156395917478,0.0902783506708704
"1927.SRS014762.SRX020554.SRR043717",-0.0933952631998504,-0.253034417996165
"1927.SRS057320.SRX020554.SRR043718",-0.269787049335761,0.302622611833557
"1927.SRS014756.SRX020554.SRR043729",-0.125969595046985,-0.115735248541624
"1927.SRS014657.SRX020543.SRR045566",-0.105031972216292,-0.186425931415755
"1927.SRS015972.SRX020577.SRR044089",-0.102916337396863,-0.181298294709182
"1927.SRS011631.SRX020667.SRR045244",-0.184767966196295,-0.16793921799512
"1927.SRS063935.SRX020532.SRR047052",-0.124445725959858,-0.183483006154254
"1927.SRS015872.SRX020554.SRR043738",-0.212765474450832,-0.0240776774661607
"1927.SRS015464.SRX020564.SRR044715",-0.20684118687033,-0.0945346351384051
"1927.SRS011600.SRX020663.SRR045140",-0.257883061857985,0.0528435118747564
"1927.SRS044092.SRX020670.SRR047660",-0.283268031669009,0.337751940328154
"1927.SRS015182.SRX020554.SRR043807",-0.311759811865361,0.293581546101896
"1927.SRS014544.SRX020546.SRR047367",0.460697943410348,0.161776233683461
"1927.SRS011281.SRX020663.SRR045160",-0.129539074785542,-0.203998577080487
"1927.SRS015880.SRX020554.SRR043820",-0.274173631806421,0.370975244607992
"1927.SRS019681.SRX020574.SRR043867",0.361313398010807,0.136861825471931
"1927.SRS011559.SRX020570.SRR045463",-0.187119010245705,0.0318718720282095
"1927.SRS046196.SRX020568.SRR046857",-0.14202811422412,-0.160235557474548
"1927.SRS043149.SRX020568.SRR046950",-0.174815894515958,-0.0932778921501983
"1927.SRS057813.SRX020511.SRR045651",-0.180400380238227,-0.134123739736309
"1927.SRS046855.SRX020511.SRR045654",-0.305657678691981,0.28176328259817
"1927.SRS020133.SRX020683.SRR048332",-0.269890051289275,0.129357108464749
"1927.SRS042258.SRX020568.SRR049531",-0.177166622094385,-0.111749470569261
"1927.SRS053271.SRX020568.SRR046949",-0.126885893179639,-0.205526372758712
"1927.SRS064240.SRX020578.SRR047327",-0.235394850822815,0.0181554704938548
"1927.SRS022944.SRX020675.SRR047815",-0.224798776316675,0.119418468077892
"1927.SRS057704.SRX020540.SRR047110",-0.275228219947458,0.264895828220777
"1927.SRS016070.SRX020516.SRR044337",-0.0545990231656594,-0.0392420401857636
"1927.SRS011533.SRX020659.SRR045017",-0.29193132079168,0.270706432876583
"1927.SRS015522.SRX020539.SRR044128",-0.14863567372908,-0.168689498311647
"1927.SRS015516.SRX020539.SRR044168",-0.266965428374873,0.0618724133066767
"1927.SRS015704.SRX020539.SRR044180",-0.244124325226296,0.212876122574978
"1927.SRS014279.SRX020543.SRR045579",-0.208722135818401,0.232822883547956
"1927.SRS016275.SRX020577.SRR044047",-0.077055601102517,-0.179091755369908
"1927.SRS022946.SRX020675.SRR047818",-0.250431234795552,0.176487292473808
"1927.SRS015401.SRX020555.SRR045686",-0.128662929125033,-0.227136276835352
"1927.SRS014562.SRX020555.SRR045676",-0.156516301290662,-0.135740241585028
"1927.SRS055363.SRX020578.SRR047328",-0.31030309306451,0.297949819248837
"1927.SRS019765.SRX020577.SRR044068",-0.299308275855573,0.305801334628724
"1927.SRS016277.SRX020577.SRR044076",-0.265733556813162,0.325145041794169
"1927.SRS045277.SRX020540.SRR047268",-0.0944795173228601,-0.19218929184918
"1927.SRS015780.SRX020539.SRR044129",0.430962159846967,0.110630028482846
"1927.SRS015675.SRX020539.SRR044155",-0.160464609698719,-0.148703356369752
"1927.SRS015514.SRX020539.SRR044137",-0.278464451839159,0.322364682141867
"1927.SRS015661.SRX020539.SRR044141",0.156729124367653,-0.0629735726743999
"1927.SRS015524.SRX020539.SRR044147",-0.255291302086284,0.159964172420493
"1927.SRS016231.SRX020516.SRR044345",-0.173383937967492,-0.130531382938124
"1927.SRS018995.SRX020510.SRR044593",-0.295592635981073,0.251076911832075
"1927.SRS014972.SRX020536.SRR046130",0.100435308160517,-0.146972813614755
"1927.SRS065474.SRX020512.SRR046886",0.127239821119321,-0.0416469037553497
"1927.SRS015631.SRX020539.SRR044164",-0.209529729827272,0.186177556084998
"1927.SRS048284.SRX020543.SRR045609",-0.307683624595875,0.287251352400958
"1927.SRS014275.SRX020511.SRR045666",-0.254663902605044,0.00903145250460331
"1927.SRS016162.SRX020539.SRR044185",-0.294649208967955,0.308776957019844
"1927.SRS011539.SRX020663.SRR045161",-0.100265458166646,-0.179813095876883
"1927.SRS011543.SRX020663.SRR049239",-0.310387797114314,0.248161795945699
"1927.SRS019243.SRX020516.SRR044314",-0.032269473230199,-0.0677682165637194
"1927.SRS049406.SRX020550.SRR046425",-0.174280940275811,-0.102293078223799
"1927.SRS019904.SRX020516.SRR044374",-0.240468976749805,0.313742485297172
"1927.SRS015774.SRX020525.SRR044517",0.13027149718545,-0.06263211329947
"1927.SRS016209.SRX020525.SRR044568",-0.0285024297577956,-0.135438570483262
"1927.SRS018579.SRX020525.SRR044519",0.113372330666429,-0.0993543786150431
"1927.SRS015338.SRX020525.SRR044520",0.0357169606201491,-0.135465068235527
"1927.SRS045880.SRX020525.SRR044560",-0.0908493710435229,-0.0635982438524185
"1927.SRS016026.SRX020525.SRR044529",0.0843657251192694,-0.102013711745532
"1927.SRS015657.SRX020525.SRR044573",0.0687887115224641,-0.0289307991678496
"1927.SRS016050.SRX020525.SRR044538",-0.00555765349055122,-0.177809146846203
"1927.SRS018581.SRX020525.SRR044557",0.0554762903622785,-0.169654362119895
"1927.SRS015776.SRX020525.SRR044561",0.00520984030240637,-0.0234805593909746
"1927.SRS016207.SRX020525.SRR044574",0.101091813738673,-0.0871159427648538
"1927.SRS018583.SRX020525.SRR044578",0.093427372439081,-0.0992565956509157
"1927.SRS019886.SRX020525.SRR044579",0.0261433870234497,-0.0385585420432144
"1927.SRS018993.SRX020510.SRR044590",-0.179108619392772,0.0746050984208222
"1927.SRS018991.SRX020510.SRR044602",-0.207771574212568,-0.0781511745199238
"1927.SRS018993.SRX020520.SRR044620",-0.172362938594361,0.0666640088150997
"1927.SRS018989.SRX020520.SRR044621",-0.25136651142423,-0.099375454554032
"1927.SRS018995.SRX020520.SRR044623",-0.296449150667909,0.259105656473638
"1927.SRS011479.SRX020662.SRR045403",0.313723594088271,0.106745316692543
"1927.SRS065357.SRX020532.SRR046915",-0.233196863526784,0.123234450345024
"1927.SRS015817.SRX020562.SRR044698",-0.265183569353012,0.034666989315506
"1927.SRS015829.SRX020562.SRR044700",-0.220089897631577,0.152520107747222
"1927.SRS015827.SRX020562.SRR044706",-0.170279633385158,-0.176105769683296
"1927.SRS019095.SRX020564.SRR044711",-0.217291394030884,0.178045378141594
"1927.SRS015460.SRX020564.SRR044712",-0.27155676225924,0.0202788885285887
"1927.SRS011485.SRX020662.SRR047521",-0.237770302438988,0.22960509377628
"1927.SRS011567.SRX020661.SRR044807",-0.251853096780593,0.216356108502193
"1927.SRS063501.SRX020532.SRR046994",-0.2298234675133,0.173279663016772
"1927.SRS015460.SRX020545.SRR044739",-0.28154189961737,0.0250003290969308
"1927.SRS011667.SRX020663.SRR045174",-0.229759589097003,0.0988876827351568
"1927.SRS019097.SRX020545.SRR044750",-0.245327305241019,-0.0482228773208802
"1927.SRS015466.SRX020545.SRR044754",-0.152523672148731,0.0391169368917784
"1927.SRS011275.SRX020661.SRR044769",-0.251047083950626,0.228953461374477
"1927.SRS011596.SRX020661.SRR044772",-0.115898470783192,-0.149460507596624
"1927.SRS011425.SRX020661.SRR044811",-0.155977129023376,-0.148072779384548
"1927.SRS011624.SRX020661.SRR044823",-0.23043960005643,0.171773367518489
"1927.SRS011357.SRX020659.SRR044990",-0.283394985004572,0.277189229087529
"1927.SRS011275.SRX020659.SRR044995",-0.253247557172867,0.235728324737415
"1927.SRS011596.SRX020659.SRR044999",-0.118304402706933,-0.149248798009954
"1927.SRS011464.SRX020663.SRR045187",-0.265304703064288,0.194593584257995
"1927.SRS011659.SRX020663.SRR045158",-0.212799010784696,0.0198457973157373
"1927.SRS014661.SRX020511.SRR045611",-0.263670329156871,0.0701381134873302
"1927.SRS011588.SRX020659.SRR045009",-0.27170473361386,0.155230520184944
"1927.SRS011665.SRX020659.SRR045026",-0.272293159576029,0.135149518982644
"1927.SRS011541.SRX020659.SRR045029",-0.289067798571008,0.0914132950101587
"1927.SRS011425.SRX020659.SRR045030",-0.157902620042241,-0.141011612473469
"1927.SRS011283.SRX020659.SRR045032",-0.257826113284855,0.0641565420610052
"1927.SRS011504.SRX020659.SRR045041",-0.266894938413845,0.14866895781816
"1927.SRS011624.SRX020659.SRR045047",-0.226699430210174,0.170365226201308
"1927.SRS013561.SRX020677.SRR047982",-0.122159291152966,-0.173220010641162
"1927.SRS018635.SRX020572.SRR045974",-0.130015375061885,-0.190407583094174
"1927.SRS051600.SRX020540.SRR047112",0.104362389470177,0.207909603005256
"1927.SRS011486.SRX020571.SRR049325",-0.112832748444466,-0.1238442749808
"1927.SRS011492.SRX020663.SRR045157",-0.253383697078695,0.322946148013171
"1927.SRS048957.SRX020670.SRR046346",0.176736184968495,0.032828362343798
"1927.SRS023440.SRX020683.SRR048343",-0.139687853445875,-0.19706870668131
"1927.SRS011488.SRX020663.SRR045181",-0.133180369129118,-0.0360923920232638
"1927.SRS023508.SRX020677.SRR047946",-0.188895831514509,-0.0160715770314863
"1927.SRS011613.SRX020571.SRR045477",0.495269645830828,0.187183687552674
"1927.SRS054390.SRX020540.SRR047119",-0.223465838928056,0.192102903480559
"1927.SRS011600.SRX020667.SRR045217",-0.259500304815525,0.0617843213085031
"1927.SRS049113.SRX020578.SRR047330",-0.228030766352616,0.112714472787691
"1927.SRS011462.SRX020667.SRR045226",-0.134041938678443,-0.19719584819371
"1927.SRS011592.SRX020667.SRR045233",-0.253237151173443,0.0717801208611163
"1927.SRS024533.SRX020677.SRR047938",-0.326865527717569,0.279131268030561
"1927.SRS011281.SRX020667.SRR045239",-0.131716915012708,-0.200806547711989
"1927.SRS011539.SRX020667.SRR045240",-0.105242840700403,-0.180724003130855
"1927.SRS011429.SRX020667.SRR045242",-0.244774057727139,0.303934508701987
"1927.SRS011516.SRX020667.SRR045251",-0.283464855044819,0.0821581752136111
"1927.SRS011667.SRX020667.SRR045253",-0.233057094565467,0.111649946093464
"1927.SRS063612.SRX020532.SRR047031",0.00644355289373047,-0.110049030294709
"1927.SRS011488.SRX020667.SRR045260",-0.133112564091799,-0.0409316724398462
"1927.SRS011563.SRX020667.SRR045273",-0.17560306519674,-0.132266579031385
"1927.SRS011559.SRX020571.SRR045487",-0.229728062707642,0.0650245047517488
"1927.SRS048463.SRX020550.SRR046433",-0.212530669078101,-0.0646171857330553
"1927.SRS063963.SRX020670.SRR046360",-0.310306800909757,0.208443105865897
"1927.SRS045277.SRX020563.SRR047700",-0.0942361202808092,-0.195436383445629
"1927.SRS048228.SRX020670.SRR047676",-0.149102114346471,-0.183963590618932
"1927.SRS054108.SRX020678.SRR048032",-0.235108723133644,0.0170999580301316
"1927.SRS048936.SRX020578.SRR049622",0.414775463052264,0.138323074910481
"1927.SRS011287.SRX020662.SRR045413",-0.0800953265564847,-0.216242763702048
"1927.SRS011479.SRX020664.SRR045426",0.283877498005023,0.073608563388685
"1927.SRS011369.SRX020664.SRR045433",-0.188707104119924,0.133257300838982
"1927.SRS011485.SRX020664.SRR045435",-0.237348766475797,0.22022517458905
"1927.SRS011609.SRX020571.SRR045466",0.273749607450859,-0.0313676797876024
"1927.SRS011521.SRX020571.SRR045469",0.103202796716169,-0.0669084408761124
"1927.SRS011277.SRX020571.SRR045480",-0.111770598498426,-0.103853390298913
"1927.SRS011576.SRX020571.SRR045482",-0.0443884711731201,-0.153416501548223
"1927.SRS014601.SRX020557.SRR046087",-0.20615460152518,0.0345379227664893
"1927.SRS011285.SRX020571.SRR045492",-0.247452102998429,0.114635393388127
"1927.SRS057762.SRX020543.SRR045571",-0.286575909054676,0.303432471493733
"1927.SRS047219.SRX020543.SRR045573",-0.25290564697034,0.34977193344344
"1927.SRS019568.SRX020543.SRR045580",-0.324970604861,0.221058097090198
"1927.SRS054405.SRX020543.SRR045588",-0.254171511482869,0.316148863929083
"1927.SRS014281.SRX020543.SRR045593",-0.252373530226335,0.194763954778389
"1927.SRS046855.SRX020543.SRR045605",-0.300129011040182,0.264717016711726
"1927.SRS044635.SRX020543.SRR045608",-0.222547007555165,-0.0842668240194301
"1927.SRS019574.SRX020511.SRR045645",-0.299651942769347,0.323741076874656
"1927.SRS057762.SRX020511.SRR045625",-0.286737661757633,0.323365472685258
"1927.SRS044635.SRX020511.SRR045626",-0.22251278323487,-0.0800824365372823
"1927.SRS014655.SRX020511.SRR045639",-0.255613912774996,-0.0528041456476702
"1927.SRS014556.SRX020555.SRR045697",-0.26422155411297,0.171670380427713
"1927.SRS014566.SRX020555.SRR045704",-0.142847607458731,-0.140234597695503
"1927.SRS015119.SRX020555.SRR045711",-0.279271326424768,0.0930058279210292
"1927.SRS014607.SRX020555.SRR045712",-0.260250406758971,0.186230466490066
"1927.SRS014132.SRX020555.SRR045716",-0.0770091217064694,-0.170336684847052
"1927.SRS015121.SRX020555.SRR045717",-0.136297127187135,-0.188790093327765
"1927.SRS014813.SRX020555.SRR045718",-0.129421477503879,-0.215641854624738
"1927.SRS014315.SRX020555.SRR045725",-0.108629873205815,-0.170419112845039
"1927.SRS015123.SRX020555.SRR045731",-0.10363343342755,-0.160917615868174
"1927.SRS014913.SRX020555.SRR045733",-0.136022307589313,-0.162714909758387
"1927.SRS018555.SRX020547.SRR045758",0.22458971248823,-0.0600207599017547
"1927.SRS014319.SRX020547.SRR045760",-0.196835853625648,0.0346491786822947
"1927.SRS015500.SRX020547.SRR045761",0.445482947271989,0.0995954195861717
"1927.SRS015253.SRX020547.SRR045773",0.236197973475569,-0.0448165437421096
"1927.SRS014601.SRX020547.SRR045774",-0.207833118822828,0.0345739115454999
"1927.SRS024525.SRX020683.SRR048361",-0.252733267466625,0.0274285662167203
"1927.SRS019709.SRX020575.SRR045842",0.0175782568139446,-0.119846347618805
"1927.SRS019357.SRX020572.SRR045955",-0.304205324354908,0.176327671799795
"1927.SRS019300.SRX020572.SRR045965",-0.302162362116042,0.317176818941993
"1927.SRS018850.SRX020572.SRR045967",-0.221549863340167,0.239309673856091
"1927.SRS018952.SRX020572.SRR045970",-0.272125667893001,0.281479289253059
"1927.SRS051886.SRX020531.SRR046029",-0.274036624855239,0.180134009381458
"1927.SRS052501.SRX020531.SRR046030",-0.243041127820465,0.303203603844762
"1927.SRS014361.SRX020536.SRR046123",0.0711215365910818,-0.159415830777896
"1927.SRS063499.SRX020532.SRR046996",-0.2745032294766,0.171486226509785
"1927.SRS047667.SRX020531.SRR046055",-0.109462388545973,-0.227702760550246
"1927.SRS045980.SRX020531.SRR046058",-0.194116592621311,0.219118323982828
"1927.SRS015500.SRX020557.SRR046078",0.448232405757956,0.100727823496824
"1927.SRS015253.SRX020557.SRR046086",0.241312474538832,-0.0460846337010062
"1927.SRS046524.SRX020540.SRR047287",-0.189568318817423,-0.0847593514464182
"1927.SRS055348.SRX020540.SRR047295",-0.215159082911298,0.199980012604453
"1927.SRS055987.SRX020670.SRR046233",-0.262461511856003,0.166613784249735
"1927.SRS055541.SRX020670.SRR046249",-0.285588199883493,0.36226627326749
"1927.SRS056529.SRX020670.SRR046251",-0.15210105683491,-0.158176461429091
"1927.SRS058791.SRX020670.SRR046259",-0.115617616424832,-0.166003818368487
"1927.SRS065156.SRX020670.SRR046265",-0.252344970931557,0.255906015334574
"1927.SRS049858.SRX020670.SRR046334",-0.223731247685109,0.0634693065252634
"1927.SRS043353.SRX020670.SRR046339",-0.314410582759685,0.315101598072458
"1927.SRS048816.SRX020670.SRR046340",-0.282125881018531,0.261525147933107
"1927.SRS062784.SRX020670.SRR046341",-0.299269918354851,0.265809908430559
"1927.SRS050971.SRX020670.SRR046342",-0.274540526657204,0.249434206877404
"1927.SRS047354.SRX020670.SRR046343",-0.143859980355377,-0.106028692452027
"1927.SRS050719.SRX020670.SRR046364",-0.317910804925788,0.290891234791282
"1927.SRS050839.SRX020542.SRR046387",-0.202722503160921,0.0888933538894527
"1927.SRS046281.SRX020563.SRR046396",-0.12685475293424,-0.129208672977068
"1927.SRS053893.SRX020563.SRR046404",-0.221092561451362,0.0157874883604568
"1927.SRS043392.SRX020550.SRR046422",-0.147236310854744,-0.237257673640534
"1927.SRS056511.SRX020550.SRR046430",-0.262286616142774,0.317313297405951
"1927.SRS045963.SRX020550.SRR046431",-0.288087838624976,0.351142780364625
"1927.SRS043642.SRX020550.SRR046434",-0.275466380341477,0.305074559951547
"1927.SRS051473.SRX020550.SRR046447",-0.268399837653359,0.244547439481525
"1927.SRS044970.SRX020549.SRR046500",0.0628920350453211,-0.160595184625232
"1927.SRS064296.SRX020569.SRR046539",-0.268080584824759,0.0710259759021515
"1927.SRS064708.SRX020569.SRR046549",-0.247504982638139,-0.0426798523679346
"1927.SRS062832.SRX020569.SRR046550",-0.142452166280149,-0.142837828071927
"1927.SRS065101.SRX020569.SRR046552",-0.297406884259847,0.310347808620174
"1927.SRS014140.SRX020529.SRR046572",-0.289954004495535,0.225364825708453
"1927.SRS063780.SRX020569.SRR046604",-0.260005012494452,0.232464980306432
"1927.SRS065223.SRX020569.SRR046606",-0.182474128156983,-0.129024165949425
"1927.SRS065584.SRX020569.SRR046616",-0.146050587935741,-0.214636944910322
"1927.SRS062465.SRX020569.SRR046655",-0.17244051359672,-0.059754373915939
"1927.SRS065179.SRX020569.SRR046661",0.539887196831963,0.178908536004331
"1927.SRS065568.SRX020569.SRR046666",-0.227550587065733,0.0165252386985097
"1927.SRS051724.SRX020568.SRR046855",-0.266553402609996,0.312002095102335
"1927.SRS057595.SRX020568.SRR046875",-0.294055065360192,0.324982572187632
"1927.SRS048749.SRX020568.SRR046878",-0.149477745081868,-0.00507357467707552
"1927.SRS062431.SRX020512.SRR046883",0.245083511015551,0.0642059341763662
"1927.SRS063101.SRX020512.SRR046885",0.0387148196236653,-0.0751564711744577
"1927.SRS063776.SRX020532.SRR046905",-0.29914225044711,0.187513693302076
"1927.SRS064085.SRX020532.SRR046916",-0.256712439424488,0.272902726314843
"1927.SRS064252.SRX020532.SRR046919",-0.263134545839349,0.316820702556473
"1927.SRS057795.SRX020568.SRR046944",-0.260410485298444,0.162225983904718
"1927.SRS065123.SRX020512.SRR046953",0.148500504188491,-0.119651504261511
"1927.SRS065167.SRX020512.SRR046955",-0.143396596381006,0.147823293360347
"1927.SRS063268.SRX020512.SRR046961",0.0541025536841261,-0.139942949548209
"1927.SRS064299.SRX020512.SRR046965",0.279540183881166,0.0764525518707434
"1927.SRS062500.SRX020532.SRR046977",-0.277128685405771,0.13902686322961
"1927.SRS043730.SRX020568.SRR047022",-0.0888464896544018,-0.157070617477905
"1927.SRS050208.SRX020568.SRR047023",-0.323157393259883,0.283764349976532
"1927.SRS062620.SRX020532.SRR047025",-0.246950863617042,0.295865814479498
"1927.SRS063253.SRX020512.SRR047067",0.037354393120627,-0.121928622679483
"1927.SRS058474.SRX020540.SRR047107",-0.1928652981607,-0.0523142105505329
"1927.SRS048544.SRX020540.SRR047113",-0.208650822485992,0.179706114669457
"1927.SRS051029.SRX020580.SRR047133",-0.217547770209729,0.133336573577165
"1927.SRS044569.SRX020580.SRR047134",0.285152159564273,0.0368190997530117
"1927.SRS049575.SRX020580.SRR047141",0.552669502818397,0.186527218803774
"1927.SRS063236.SRX020580.SRR047187",-0.273680431849812,0.288617132430246
"1927.SRS043565.SRX020540.SRR047280",-0.244757425655494,0.32222774228788
"1927.SRS042504.SRX020540.SRR047282",-0.239023526694321,0.191632648954448
"1927.SRS053052.SRX020540.SRR047288",-0.170070717360917,-0.116599278109545
"1927.SRS054559.SRX020540.SRR047290",-0.159336283475014,-0.172447445837867
"1927.SRS058104.SRX020540.SRR047297",-0.0940606080160123,-0.135930693053051
"1927.SRS048401.SRX020578.SRR047305",-0.268230961514215,0.30708105661963
"1927.SRS047564.SRX020578.SRR047311",-0.292223478292008,0.164128148207942
"1927.SRS064983.SRX020532.SRR049574",-0.139782304221496,-0.178591029930052
"1927.SRS042521.SRX020578.SRR047325",-0.285242803011137,0.231648479602917
"1927.SRS042623.SRX020578.SRR047329",-0.235654994286031,0.291121441805596
"1927.SRS063438.SRX020548.SRR047333",-0.306964219227383,0.182358810669125
"1927.SRS063560.SRX020548.SRR047335",0.347507409430429,0.185588070750576
"1927.SRS014915.SRX020546.SRR047376",-0.276483401413811,0.163778583864188
"1927.SRS014595.SRX020546.SRR047381",-0.293300289839251,0.174803884847799
"1927.SRS014907.SRX020546.SRR047388",-0.236255189719746,0.152956969269813
"1927.SRS011665.SRX020661.SRR047463",-0.26699928151741,0.124407697903027
"1927.SRS011634.SRX020659.SRR047489",-0.232950987639701,0.207451195709892
"1927.SRS011537.SRX020667.SRR047501",-0.226757329431831,-0.0599369579103866
"1927.SRS011543.SRX020667.SRR047502",-0.305017119854138,0.236687539452069
"1927.SRS011640.SRX020570.SRR047529",0.439745182966055,0.11831512781389
"1927.SRS014667.SRX020511.SRR047558",-0.266808014090872,-0.000380891274322618
"1927.SRS044813.SRX020531.SRR047614",-0.309792688856408,0.227700886835331
"1927.SRS018555.SRX020557.SRR047620",0.244996495421786,-0.0365712864951633
"1927.SRS014319.SRX020557.SRR047621",-0.197979858533224,0.0372073544420937
"1927.SRS043203.SRX020670.SRR047662",-0.28694046627054,0.310916659164582
"1927.SRS052973.SRX020550.SRR047708",-0.27688958175277,0.275881486310027
"1927.SRS021619.SRX020675.SRR047751",-0.137332598681685,-0.187948002480815
"1927.SRS021633.SRX020675.SRR047759",0.52758551241765,0.189058980660416
"1927.SRS022942.SRX020675.SRR047814",-0.0809657942369197,-0.172152265470215
"1927.SRS023015.SRX020675.SRR047777",0.54742876521038,0.204246855042768
"1927.SRS021561.SRX020675.SRR047801",-0.27573592323775,0.230567744205851
"1927.SRS020135.SRX020676.SRR047845",-0.256471650605779,-0.0129489320524204
"1927.SRS020133.SRX020676.SRR047846",-0.261980432483714,0.0970453757748403
"1927.SRS020137.SRX020676.SRR047847",-0.188737277505715,-0.107667243229268
"1927.SRS020139.SRX020676.SRR047848",-0.247667998518546,0.181539132840405
"1927.SRS020127.SRX020676.SRR047849",-0.243578138545956,0.20896942171406
"1927.SRS020141.SRX020676.SRR047852",-0.235791813640186,0.216995882489572
"1927.SRS020131.SRX020676.SRR047853",-0.212145293016289,0.249467641376123
"1927.SRS020196.SRX020676.SRR047863",-0.265765817687428,0.11046985802815
"1927.SRS020198.SRX020676.SRR047867",-0.261119633193346,0.0333040816734754
"1927.SRS023438.SRX020676.SRR047875",-0.142038716975598,-0.171883195473412
"1927.SRS023440.SRX020676.SRR047877",-0.134678025326781,-0.200697396583082
"1927.SRS024527.SRX020676.SRR047888",-0.124286326838116,-0.193625399810257
"1927.SRS022498.SRX020676.SRR047892",-0.132610419617747,-0.191110968163213
"1927.SRS022502.SRX020676.SRR047897",-0.273588416360775,0.23082548881175
"1927.SRS024525.SRX020676.SRR047900",-0.200330669520923,-0.0278397420859883
"1927.SRS024529.SRX020676.SRR047902",-0.158349581638617,-0.141868982872759
"1927.SRS022434.SRX020676.SRR047911",-0.250697061776649,0.129927865915183
"1927.SRS022432.SRX020676.SRR047910",-0.134960934037032,-0.22523213106166
"1927.SRS022436.SRX020676.SRR047915",-0.297650308850087,0.314654925900721
"1927.SRS056480.SRX020677.SRR047970",-0.251373797281103,-0.0620884084636748
"1927.SRS013565.SRX020677.SRR047987",-0.313111049160531,0.211546135413478
"1927.SRS047054.SRX020677.SRR047971",-0.178789861269334,-0.181310262532018
"1927.SRS023438.SRX020683.SRR048342",-0.155963637897708,-0.165314399854601
"1927.SRS023510.SRX020677.SRR047950",-0.235744686492898,0.269350804618106
"1927.SRS023500.SRX020677.SRR047951",-0.274381202023163,0.330283663263207
"1927.SRS054426.SRX020677.SRR047974",-0.28775688775789,0.25790594539786
"1927.SRS053832.SRX020677.SRR047992",-0.181522962470235,-0.197407208011199
"1927.SRS043077.SRX020677.SRR047993",-0.270157746279162,0.13453099701762
"1927.SRS051745.SRX020677.SRR047995",-0.30549893008514,0.2596744374479
"1927.SRS047084.SRX020677.SRR047999",-0.278379088381956,0.30191805961066
"1927.SRS023452.SRX020678.SRR048022",0.187821004649115,-0.120177611331947
"1927.SRS023510.SRX020683.SRR048354",-0.230944985004941,0.256697048374482
"1927.SRS024545.SRX020678.SRR048042",0.380728797927244,0.13093789076959
"1927.SRS022958.SRX020683.SRR048329",0.202232105720604,-0.0254016854676133
"1927.SRS023083.SRX020683.SRR048330",0.537525845911913,0.198199815992816
"1927.SRS020153.SRX020683.SRR048335",0.499586171986956,0.211626768275847
"1927.SRS023883.SRX020683.SRR048352",0.0220585242424157,-0.11923665785098
"1927.SRS023885.SRX020683.SRR048353",0.0780023647957578,0.0154024411245351
"1927.SRS013557.SRX020683.SRR048358",-0.321784663929586,0.253501208766702
"1927.SRS015299.SRX020554.SRR048943",-0.20762065458896,0.0559038738177911
"1927.SRS019359.SRX020572.SRR049337",-0.311132718328603,0.261236882506567
"1927.SRS019528.SRX020572.SRR049347",-0.212178763858901,0.192318949319181
"1927.SRS058527.SRX020531.SRR049349",-0.248928658508812,0.289260751342606
"1927.SRS050321.SRX020542.SRR049376",-0.254222877986635,0.212819816479534
"1927.SRS051800.SRX020549.SRR049393",0.418789186263841,0.160816554609199
"1927.SRS064626.SRX020569.SRR049420",-0.245196258506778,0.239414744522839
"1927.SRS063340.SRX020569.SRR049473",0.537235230399734,0.200868169966833
"1927.SRS055643.SRX020568.SRR049523",-0.252341007053517,0.145876361197969
"1927.SRS047180.SRX020568.SRR049549",-0.185853820403971,0.242819854020881
"1927.SRS063675.SRX020512.SRR049552",0.350999702141249,0.0868439470687407
"1927.SRS062461.SRX020512.SRR049554",0.570190267546154,0.196943027771379
"1927.SRS064628.SRX020532.SRR049557",-0.283961795540568,0.308421851171319
"1927.SRS050987.SRX020527.SRR049595",0.0807885752446921,-0.0628213031165619
"1927.SRS048669.SRX020540.SRR049629",-0.210306186696186,0.24258750358085
"1927.SRS062682.SRX020548.SRR049631",0.151455807767108,0.0201163330850935
"1927.SRS019679.SRX020574.SRR049824",0.0469020333623479,-0.0555020022403325
"1927.SRS015257.SRX020577.SRR049840",0.400280791378153,0.137876048243145
"1927.SRS015364.SRX020577.SRR049845",-0.193123867812458,0.18579083050797
"1927.SRS065676.SRX020548.SRR049896",-0.214189226718834,0.259047243068666
"1927.SRS021127.SRX022097.SRR057663",-0.0945625324692683,-0.18354244055023
"1927.SRS021129.SRX022097.SRR057663",-0.273018964921892,0.1830646733424
"1927.SRS021117.SRX022097.SRR057663",-0.27740470397522,0.138488939293428
"1927.SRS021081.SRX022097.SRR057663",-0.0681130098738619,-0.102002310788289
"1927.SRS063665.SRX022232.SRR058094",-0.106838101403913,-0.18472286855683
"1927.SRS065719.SRX022232.SRR058094",-0.225747526518133,-0.0171319505864524
"1927.SRS064462.SRX022156.SRR058115",-0.20714512672346,0.0604904185239201
"1927.SRS065451.SRX022156.SRR058115",-0.183702227504199,-0.034691491266235
"1927.SRS065051.SRX022156.SRR058115",-0.135272713180558,-0.162040664711422
"1927.SRS021131.SRX022097.SRR057663",-0.294254874938841,0.289762737549197
"1927.SRS020486.SRX022097.SRR057663",-0.154629566304736,-0.1328007989315
"1927.SRS020488.SRX022097.SRR057663",-0.0956640658574358,-0.223209344958886
"1927.SRS020490.SRX022097.SRR057663",-0.292533293064268,0.294823185553026
"1927.SRS020478.SRX022097.SRR057663",-0.28770196791682,0.122499987361579
"1927.SRS020496.SRX022097.SRR057663",-0.0816162828233641,-0.239057415262997
"1927.SRS020500.SRX022097.SRR057663",0.364556954047602,0.116869178737374
"1927.SRS024704.SRX022228.SRR058091",-0.232524296774471,0.186178710208239
"1927.SRS021065.SRX022097.SRR057663",-0.074235038268823,-0.209506736342124
"1927.SRS062712.SRX022232.SRR058094",-0.226395917657635,0.0703903383483457
"1927.SRS020827.SRX022097.SRR057663",-0.156061615029073,-0.121356355252048
"1927.SRS064024.SRX022232.SRR058094",-0.272625503019881,0.212750240302982
"1927.SRS021087.SRX022097.SRR057663",-0.302771747601743,0.198019215309723
"1927.SRS058681.SRX022156.SRR058115",-0.122766406096781,-0.178418590953831
"1927.SRS062723.SRX022156.SRR058115",-0.0825563797449212,-0.168820410509935
"1927.SRS020825.SRX022097.SRR057663",-0.326708253261974,0.307271759643344
"1927.SRS020829.SRX022097.SRR057663",-0.0668551788299969,-0.166538757590524
"1927.SRS020663.SRX022097.SRR057663",-0.248963674460547,0.14311315203447
"1927.SRS064396.SRX022232.SRR058094",-0.0918583030196326,-0.192460982676323
"1927.SRS020831.SRX022097.SRR057663",-0.307537895573405,0.357864376087548
"1927.SRS020602.SRX022097.SRR057663",-0.147992587583386,-0.196454587592679
"1927.SRS020659.SRX022097.SRR057663",-0.0912729104669825,-0.183807853427334
"1927.SRS064884.SRX022224.SRR058087",-0.198357192553217,-0.026674950836538
"1927.SRS052897.SRX022224.SRR058087",-0.0886811756880589,-0.185236592712935
"1927.SRS057265.SRX022224.SRR058087",-0.258060470491836,0.13858249834098
"1927.SRS054475.SRX022224.SRR058087",-0.163942013412163,-0.168128192719417
"1927.SRS043542.SRX022224.SRR058087",-0.295182743849651,0.152440878540081
"1927.SRS064048.SRX022224.SRR058087",-0.232820281579328,0.140303635821189
"1927.SRS044248.SRX022224.SRR058087",-0.204963682500824,0.0860897049824657
"1927.SRS065343.SRX022224.SRR058087",-0.197022368191292,0.121254278720347
"1927.SRS049609.SRX022224.SRR058087",-0.12901313553955,-0.17046417707446
"1927.SRS057565.SRX022224.SRR058087",-0.291226204377511,0.149763152411361
"1927.SRS062997.SRX022224.SRR058087",-0.111353600803124,-0.179589839930686
"1927.SRS044676.SRX022224.SRR058087",-0.0857931158594108,-0.0844995863851429
"1927.SRS052074.SRX022224.SRR058087",-0.15536493539198,0.0627730728561878
"1927.SRS043603.SRX022224.SRR058087",-0.263781184468197,0.158747537825801
"1927.SRS044803.SRX022224.SRR058087",-0.163296628894856,-0.159357315443255
"1927.SRS047005.SRX022224.SRR058087",-0.285888764253242,0.163032074689285
"1927.SRS052153.SRX022224.SRR058087",-0.0900819154462894,-0.189531373678556
"1927.SRS063986.SRX022224.SRR058087",-0.108846838596374,-0.22039388516543
"1927.SRS047873.SRX022224.SRR058087",-0.132333001420013,-0.202939368663174
"1927.SRS063023.SRX022224.SRR058087",-0.266451573117577,0.033711008843619
"1927.SRS051870.SRX022224.SRR058087",-0.202935365967999,-0.111423040956647
"1927.SRS057423.SRX022224.SRR058087",-0.251290601150619,0.174217919646089
"1927.SRS046784.SRX022225.SRR058088",0.133769238638359,0.0690830783274804
"1927.SRS056044.SRX022225.SRR058088",0.18524123205603,0.014622560778416
"1927.SRS053403.SRX022225.SRR058088",0.227233786029521,0.0616889321264269
"1927.SRS054830.SRX022225.SRR058088",0.0271949452766487,0.0709814274023179
"1927.SRS051443.SRX022225.SRR058088",0.205701577892565,-0.0344321959215861
"1927.SRS056456.SRX022225.SRR058088",-0.13439329668556,-0.124906591294234
"1927.SRS062733.SRX022228.SRR058091",0.436156451759177,0.170836677179991
"1927.SRS064168.SRX022228.SRR058091",0.0507900033364857,-0.104383529311651
"1927.SRS062773.SRX022228.SRR058091",0.311689092262139,0.248457697272688
"1927.SRS065685.SRX022232.SRR058094",-0.13168028590708,-0.195238273541317
"1927.SRS062796.SRX022232.SRR058094",-0.124153716844405,-0.173263158230537
"1927.SRS022755.SRX022232.SRR058094",-0.202888948472831,0.10037200963849
"1927.SRS021760.SRX022232.SRR058094",0.0243351979218184,-0.0866277436185242
"1927.SRS063494.SRX022232.SRR058094",-0.280098071212494,0.170829763374765
"1927.SRS065316.SRX022232.SRR058094",-0.187904240321079,-0.121615043503561
"1927.SRS062561.SRX022232.SRR058094",-0.255359151165703,0.169912757805779
"1927.SRS062597.SRX022232.SRR058094",-0.26817624423168,0.22414891802771
"1927.SRS062628.SRX022232.SRR058094",-0.289264250592687,0.209003710370665
"1927.SRS044780.SRX022241.SRR058097",-0.0913368557279509,-0.179634736318065
"1927.SRS057867.SRX022241.SRR058097",-0.138043049568399,-0.193296392330039
"1927.SRS044581.SRX022241.SRR058097",-0.159438380302359,-0.117650442132523
"1927.SRS046759.SRX022241.SRR058097",-0.135877538604878,-0.178488608090456
"1927.SRS046893.SRX022241.SRR058097",-0.160429841095606,0.0372522475703097
"1927.SRS045519.SRX022241.SRR058097",-0.243273246199767,0.109268323715186
"1927.SRS049284.SRX022241.SRR058097",-0.0964896300257539,-0.174174666174008
"1927.SRS054361.SRX022241.SRR058097",-0.134894167258994,-0.203827102075182
"1927.SRS051345.SRX022241.SRR058097",-0.281398947655719,0.138727684886917
"1927.SRS049939.SRX022241.SRR058097",-0.234401863589181,0.0391660659883544
"1927.SRS048334.SRX022241.SRR058097",-0.0966403273963324,-0.170629413187043
"1927.SRS058160.SRX022241.SRR058097",-0.242943632001492,0.127255212113985
"1927.SRS044719.SRX022241.SRR058097",-0.0908874610300368,-0.14546205484104
"1927.SRS044110.SRX022244.SRR058107",0.154472258937936,0.0062076893419334
"1927.SRS043339.SRX022244.SRR058107",0.0613301061096472,-0.000877792409151241
"1927.SRS047465.SRX022244.SRR058107",0.0131229200408056,-0.12149027356517
"1927.SRS049386.SRX022244.SRR058107",0.385126689949991,0.0971770134541734
"1927.SRS048093.SRX022244.SRR058107",0.0620999363896036,-0.0338406812102819
"1927.SRS064913.SRX022156.SRR058115",-0.0750710553001218,-0.174156343329886
"1927.SRS057489.SRX022156.SRR058115",-0.165600528174594,-0.00227153821624453
"1927.SRS048602.SRX022156.SRR058115",-0.0973904373516228,-0.143995608923392
"1927.SRS045945.SRX022156.SRR058115",-0.269659348576089,0.239896082123164
"1927.SRS055814.SRX022156.SRR058115",-0.0889935583673463,-0.140930782552889
"1927.SRS056779.SRX022156.SRR058115",-0.266898043884991,0.0201582574898869
"1927.SRS053146.SRX022156.SRR058115",-0.162173825803151,0.0795684593926055
"1927.SRS051827.SRX022156.SRR058115",-0.0818852171352579,-0.162892786917836
"1927.SRS044898.SRX022156.SRR058115",0.0358720488042197,-0.131828941585096
"1927.SRS049325.SRX022156.SRR058115",-0.189943178929044,-0.0961020432693563
"1927.SRS047042.SRX022156.SRR058115",-0.210549178804982,0.0140528109006957
"1927.SRS048972.SRX022156.SRR058115",-0.267262343530695,0.29556300401555
"1927.SRS051010.SRX022156.SRR058115",-0.175337607083625,0.0896957896405748
"1927.SRS048471.SRX022156.SRR058115",-0.274307084144625,0.0738817375627031
"1927.SRS057920.SRX022156.SRR058115",-0.058635678968513,-0.131611852980693
"1927.SRS064479.SRX022156.SRR058115",-0.162007962726605,-0.0250248469599929
"1927.SRS046799.SRX022156.SRR058115",-0.202474893470765,0.0645496957549708
"1927.SRS053828.SRX022156.SRR058115",-0.261625410258409,0.181750543578831
"1927.SRS048650.SRX022156.SRR058115",-0.165002753542999,0.0895983246953573
"1927.SRS054401.SRX022156.SRR058115",-0.124406357911893,-0.147173274793923
"1927.SRS064596.SRX022156.SRR058115",-0.196381026291775,0.0539474844833159
"1927.SRS048332.SRX022156.SRR058115",-0.12993865321275,-0.178910938982806
"1927.SRS015011.SRX020577.SRR049846",0.057917199327301,-0.143086381210776
"1927.SRS011686.SRX020661.SRR044765",0.0568118388711187,-0.144469255464528
"1927.SRS011684.SRX020661.SRR044791",0.0619003481304865,-0.141604870795282
"1927.SRS019375.SRX020572.SRR045813",0.05732737612972,-0.141745523357819
"1927.SRS019379.SRX020572.SRR045977",0.0558129841114991,-0.141556260273541
"1927.SRS019377.SRX020572.SRR049336",0.0569491951612152,-0.143154220242947
"1927.SRS015263.SRX020577.SRR044034",0.0755510862129039,-0.197788500806829
"1927.SRS015261.SRX020577.SRR044036",0.0750601555940177,-0.198835792593009
"1927.SRS015259.SRX020577.SRR044053",0.0753726229051133,-0.196980190047191
"1927.SRS011617.SRX020661.SRR044780",0.0702811224759932,-0.218859159715074
"1927.SRS011619.SRX020661.SRR044787",0.0714947907485037,-0.226331564295533
"1927.SRS011615.SRX020661.SRR044831",0.0701109094248789,-0.211741940976457
"1927.SRS011682.SRX020659.SRR044989",0.0573674429703888,-0.144605721415692
"1927.SRS011686.SRX020659.SRR044991",0.0568559237883373,-0.144396596678656
"1927.SRS011617.SRX020659.SRR045007",0.0730591643046636,-0.221059962964287
"1927.SRS011615.SRX020659.SRR045055",0.0703820309732924,-0.210666237148515
"1927.SRS056363.SRX020568.SRR046780",0.0611654965146489,-0.156910604798383
"1927.SRS045281.SRX020568.SRR046853",0.0620391873247365,-0.153278423919771
"1927.SRS055981.SRX020568.SRR046933",0.0592365667877125,-0.15603314582579
"1927.SRS048570.SRX020568.SRR046946",0.0594050645762432,-0.15919167453767
"1927.SRS058032.SRX020578.SRR047241",0.0746341109835178,-0.20312689279462
"1927.SRS053453.SRX020578.SRR047245",0.0738604774791155,-0.201716228110456
"1927.SRS053817.SRX020578.SRR047249",0.0737707219982761,-0.196860025367824
"1927.SRS011684.SRX020659.SRR047483",0.0622709099228487,-0.141866448585329
"1927.SRS022522.SRX020676.SRR047905",0.0733805936233127,-0.202115069541536
"1927.SRS022518.SRX020676.SRR047906",0.0739486760087131,-0.20030333338037
"1927.SRS063992.SRX020532.SRR049539",0.081584516633665,-0.237132647853346
"1927.SRS053253.SRX020568.SRR049548",0.0618141770882884,-0.156127573932914
"1927.SRS062635.SRX020578.SRR049623",0.056022402995478,-0.141618020762764
"1927.SRS063095.SRX020578.SRR047247",0.0618744054248064,-0.142584346288256
"1927.SRS015015.SRX020577.SRR044073",0.0575941758279612,-0.141840533315302
"1927.SRS015013.SRX020577.SRR044075",0.0581025874161921,-0.142152406213139
"1927.SRS047424.SRX020568.SRR046941",0.0565170566123956,-0.14293433670545
"1927.SRS015231.SRX020577.SRR044042",-0.235467833955421,0.325537010087725
"1927.SRS016215.SRX020516.SRR044359",0.0749938605283492,-0.236155395312051
"1927.SRS064520.SRX020542.SRR046377",0.0551049683090395,-0.140000151406423
"1927.SRS049372.SRX020568.SRR046936",0.0567904754920854,-0.141461176911939
"1927.SRS014343.SRX020546.SRR047378",0.0715860465956993,-0.185222072108398
"1927.SRS019508.SRX020572.SRR049346",0.0732201049035546,-0.234710241666211
"1927.SRS014339.SRX020546.SRR047373",0.0773434721914359,-0.182336906967408
"1927.SRS016109.SRX020516.SRR044328",0.0694505400370438,-0.187228504623632
"1927.SRS048631.SRX020568.SRR046931",0.0614762988751125,-0.156839513828716
"1927.SRS065132.SRX020519.SRR047004",0.577078774787497,0.176345971648491
"1927.SRS063404.SRX020512.SRR047071",0.0289531545360808,-0.0140604748136985
"1927.SRS023079.SRX020676.SRR047837",0.057675809484061,-0.129695615010232
"1927.SRS056664.SRX020568.SRR046879",0.456958998040664,0.124966042272619
"1927.SRS016219.SRX020516.SRR044306",0.0710132195971696,-0.234684480250495
"1927.SRS016217.SRX020516.SRR044297",0.0730970458666118,-0.234524976779817
"1927.SRS016111.SRX020516.SRR044321",0.0685063117769405,-0.186631736741657
"1927.SRS023893.SRX020678.SRR048026",0.055435906688708,-0.140138841878023
"1927.SRS023889.SRX020678.SRR048027",0.0550692942147615,-0.139648109427801
"1927.SRS022508.SRX020676.SRR047901",0.562846434932686,0.186699916969507
"1927.SRS055354.SRX020567.SRR049493",0.333920792600432,0.152152034597921
"1927.SRS011584.SRX020661.SRR047460",0.0569921071382576,-0.149397566684224
"1927.SRS023891.SRX020677.SRR047940",0.0546327735878684,-0.141061794254974
"1927.SRS050634.SRX020670.SRR046333",0.0553969249254327,-0.143255453191039
"1927.SRS044750.SRX020670.SRR047658",0.0430841324917358,-0.125120357823966
"1927.SRS016174.SRX020525.SRR044580",0.178656020646786,-0.0440089675923892
"1927.SRS011434.SRX020662.SRR045405",0.284645601602918,-0.039303231474975
"1927.SRS011611.SRX020662.SRR045407",0.520170384040229,0.179231472136876
"1927.SRS011497.SRX020662.SRR045415",0.573537657588067,0.198299005317506
"1927.SRS011677.SRX020662.SRR045420",0.384444588457393,0.02786663412609
"1927.SRS011434.SRX020664.SRR045428",0.249393005546447,-0.0581430281906671
"1927.SRS011611.SRX020664.SRR045430",0.507560191906204,0.191419243088071
"1927.SRS011497.SRX020664.SRR045441",0.571231212123283,0.202598795759783
"1927.SRS011498.SRX020664.SRR045442",0.508458408432041,0.173146302324853
"1927.SRS011677.SRX020664.SRR045445",0.369670542308646,0.020387558254192
"1927.SRS056878.SRX020670.SRR046253",0.0538946265209976,-0.133572347055636
"1927.SRS054740.SRX020567.SRR046644",-0.0140689279521172,0.145249331872155
"1927.SRS011498.SRX020662.SRR047523",0.52697364674765,0.174444242693663
"1927.SRS044938.SRX020568.SRR049551",-0.202327063026041,0.145137241525827
"1927.SRS054477.SRX020670.SRR046229",0.373235374570445,0.0967798014932894
"1927.SRS011375.SRX020537.SRR045399",0.481000605698518,0.0767037969670655
"1927.SRS011375.SRX020570.SRR047533",0.479709851394648,0.0767095577577799
"1927.SRS020149.SRX020683.SRR048336",0.476426478725657,0.196389689063051
"1927.SRS018637.SRX020572.SRR045962",-0.270750223336307,0.27641381489456
"1927.SRS011582.SRX020661.SRR044836",0.0576009775403689,-0.148196953174653
"1927.SRS011357.SRX020661.SRR044763",-0.296290788658765,0.294782959302694
"1927.SRS047581.SRX020549.SRR046492",0.55404436074622,0.193422645838068
"1927.SRS011604.SRX020661.SRR044829",-0.0957633856162251,-0.200610369850489
"1927.SRS065444.SRX020519.SRR049526",0.075051313929522,-0.206046481406506
"1927.SRS014343.SRX020555.SRR045699",0.0687129035697858,-0.185817342130842
"1927.SRS011450.SRX020667.SRR045245",0.0746744765489174,-0.240070310127867
"1927.SRS022454.SRX020676.SRR047922",0.0586490586439994,-0.152333170708352
"1927.SRS022456.SRX020676.SRR047923",0.0572255640398855,-0.151032810370345
"1927.SRS014341.SRX020555.SRR045670",0.0852268842127065,-0.179269151937627
"1927.SRS015009.SRX020547.SRR045782",0.0491496221117258,-0.141298424357925
"1927.SRS019371.SRX020575.SRR045830",0.261598815866404,-0.0598993174127501
"1927.SRS019367.SRX020575.SRR046026",0.574648403388283,0.195830057261964
"1927.SRS018858.SRX020575.SRR045840",0.542946270011383,0.196084670444817
"1927.SRS019365.SRX020575.SRR046019",0.577861215063247,0.18105456001784
"1927.SRS015009.SRX020557.SRR046094",0.0472839055227686,-0.13403398121446
"1927.SRS043058.SRX020549.SRR046478",0.490874888657448,0.232798985109526
"1927.SRS048941.SRX020549.SRR046497",0.413650938535173,0.218941629109559
"1927.SRS043122.SRX020567.SRR046699",0.509965639136727,0.256580072807708
"1927.SRS056693.SRX020568.SRR046847",0.0720977188348217,-0.235945666030182
"1927.SRS054558.SRX020568.SRR046877",-0.243626480129848,0.141725843735203
"1927.SRS045007.SRX020568.SRR046939",-0.182016307128141,0.133730139508239
"1927.SRS051929.SRX020580.SRR047136",-0.250476907824944,0.196245428692841
"1927.SRS011580.SRX020659.SRR047486",0.0598386754973735,-0.151036385447138
"1927.SRS011448.SRX020659.SRR047488",0.073208534035697,-0.245628157392526
"1927.SRS053420.SRX020550.SRR047718",0.0784428742674394,-0.249819880756011
"1927.SRS022952.SRX020675.SRR047821",0.572659420128924,0.187955428949885
"1927.SRS022452.SRX020676.SRR047924",0.0569365991965472,-0.147006321507326
"1927.SRS022514.SRX020683.SRR048350",0.0279708385818821,0.0493636841291374
"1927.SRS051255.SRX020511.SRR049328",0.0574139064879015,-0.143552341968713
"1927.SRS020839.SRX022097.SRR057663",0.421347567658608,0.149180485525568
"1927.SRS064784.SRX022232.SRR058094",0.0619867645843295,-0.16147831753124
"1927.SRS054341.SRX022156.SRR058115",0.0560905224200248,-0.141387786732953
"1927.SRS057305.SRX022225.SRR058088",0.540567560030206,0.191129881863734
"1927.SRS063304.SRX022228.SRR058091",0.530002575460109,0.160706391332626
"1927.SRS050791.SRX022156.SRR058115",0.0622923664229906,-0.153296422494479
"1927.SRS063239.SRX022228.SRR058091",0.573289818942676,0.196140151282343
"1927.SRS065507.SRX022232.SRR058094",-0.246030237150159,0.288650806333466
"1927.SRS064006.SRX022232.SRR058094",0.0662031646566252,-0.228737842261538
"1927.SRS064987.SRX022232.SRR058094",0.0605186828496734,-0.157329208356651
"1927.SRS056286.SRX022241.SRR058097",0.0643670186615982,-0.200020153268638
"1927.SRS046640.SRX022156.SRR058115",0.0562024532079141,-0.141694437751518
"1927.SRS050327.SRX022156.SRR058115",0.0711196026159351,-0.203718628465977
"1927.SRS014450.SRX020574.SRR043868",0.513606976011896,0.100710507443276
"1927.SRS011273.SRX020661.SRR044825",-0.246886332450248,0.0925313495782638
"1927.SRS011446.SRX020667.SRR045270",0.0852913682771764,-0.256807041068777
"1927.SRS011181.SRX020537.SRR045389",0.174362520433184,-0.110710479506926
"1927.SRS014289.SRX020574.SRR043848",0.26683221556764,-0.0570852067486011
"1927.SRS011474.SRX020663.SRR045215",0.509711775260155,0.131163311562782
"1927.SRS011474.SRX020667.SRR045286",0.504409884366808,0.121196901176415
"1927.SRS011446.SRX020663.SRR045196",0.0829157068059525,-0.25624539887545
"1927.SRS045672.SRX020527.SRR047179",-0.0928751735678563,0.0334233456902388
"1927.SRS015831.SRX020562.SRR044701",0.0314186350083617,-0.10877418411417
"1927.SRS015813.SRX020562.SRR044708",0.494321670019895,0.177514872271936
"1927.SRS048838.SRX020523.SRR046418",0.0695749619237237,-0.154982746212686
"1927.SRS047715.SRX020567.SRR046618",0.0997714826152266,-0.13716396371925
"1927.SRS057122.SRX020677.SRR047969",0.067507685745518,-0.142707656883652
"1927.SRS011290.SRX020571.SRR045485",0.537551119153931,0.176158637792425
"1927.SRS021940.SRX020675.SRR047796",0.560263709685378,0.179358018970548
"1927.SRS045722.SRX020677.SRR048004",0.0686964013330301,-0.185541610592339
"1927.SRS051093.SRX020677.SRR048006",0.0688341519853448,-0.186763369369275
"1927.SRS014615.SRX020574.SRR043854",0.342408593171749,-0.00640574562501631
"1927.SRS051102.SRX020547.SRR045755",0.0166137042994037,-0.0249311793291616
"1927.SRS051102.SRX020557.SRR046074",0.0277929120862781,-0.0372895256213041
"1927.SRS065078.SRX020548.SRR049891",0.320326459733802,0.0562206599836108
"1927.SRS011555.SRX020663.SRR045170",0.218843374037989,-0.0365296475215626
"1927.SRS042415.SRX020523.SRR046407",0.0703922000820261,-0.150368968226499
"1927.SRS015289.SRX020574.SRR043903",0.418520903676833,0.058382212463722
"1927.SRS015905.SRX020520.SRR044616",0.376026595955803,0.120387492860543
"1927.SRS011555.SRX020667.SRR045249",0.192015856808769,-0.0552958480175905
"1927.SRS018696.SRX020572.SRR045971",0.38820212144112,0.0985646012316432
"1927.SRS045970.SRX020549.SRR046488",0.0883617206175278,-0.0101815575846671
"1927.SRS018702.SRX020575.SRR045837",0.149710844646421,-0.0766836665384551
"1927.SRS018704.SRX020575.SRR047603",0.0642496010138763,-0.125948616718822
"1927.SRS050233.SRX020549.SRR046480",0.561200701080196,0.191853394559674
"1927.SRS047862.SRX020549.SRR049394",0.566622589067008,0.194424985002963
"1927.SRS053500.SRX020567.SRR046632",0.057327988880025,0.0253070308406158
"1927.SRS014627.SRX020546.SRR043662",0.058527301816817,-0.151470650644404
"1927.SRS014625.SRX020546.SRR043670",0.0582427162088994,-0.151068589660296
"1927.SRS019245.SRX020516.SRR044312",0.0530281424751794,-0.169543342519574
"1927.SRS019241.SRX020516.SRR044324",0.0536762555687446,-0.170049784646043
"1927.SRS014629.SRX020555.SRR045687",0.057072834035833,-0.150261007939396
"1927.SRS018918.SRX020572.SRR045999",0.163592982904719,0.0359679968111885
"1927.SRS047255.SRX020567.SRR046677",0.571910846110035,0.185221433663618
"1927.SRS014629.SRX020546.SRR047371",0.0565098468787172,-0.149807286582649
"1927.SRS015659.SRX020525.SRR047443",0.0624359743952143,-0.138530948084257
"1927.SRS011380.SRX020662.SRR047518",0.50428387607043,0.161412579324866
"1927.SRS022510.SRX020676.SRR047903",0.575259625545033,0.196966161529447
"1927.SRS023522.SRX020677.SRR047954",0.246487643649713,0.0649768941730754
"1927.SRS023518.SRX020677.SRR047955",0.571924665512854,0.195848979785057
"1927.SRS020677.SRX022097.SRR057663",0.42313686080911,0.113958311297868
"1927.SRS014623.SRX020546.SRR047374",0.238935615480427,-0.00758139282251602
"1927.SRS049139.SRX020568.SRR046809",-0.0110053252659836,-0.0792913706592077
"1927.SRS014345.SRX020546.SRR047368",0.0703278155068026,-0.159633011422108
"1927.SRS023851.SRX020676.SRR047925",0.0627700063067633,-0.142213358607175
"1927.SRS014815.SRX020546.SRR043693",-0.224628874263608,0.259992046573686
"1927.SRS016154.SRX020539.SRR044171",-0.24164824866248,0.328355959301828
"1927.SRS052787.SRX020554.SRR043816",-0.259761670081584,0.340370689269769
"1927.SRS015708.SRX020539.SRR044152",-0.273216503312705,0.374958631899767
"1927.SRS015021.SRX020577.SRR044069",-0.266748860751249,0.356536394693175
"1927.SRS015716.SRX020539.SRR044140",-0.211211354647332,0.271816919085661
"1927.SRS015117.SRX020546.SRR047372",-0.259542965643474,0.347025995621089
"1927.SRS016164.SRX020539.SRR044188",-0.171481797526806,0.212817893332283
"1927.SRS015718.SRX020539.SRR044201",-0.19874731649821,0.261577926512498
"1927.SRS049972.SRX020578.SRR047233",-0.284164128449021,0.373908760171835
"1927.SRS019247.SRX020516.SRR044333",-0.26689122143854,0.373186471884017
"1927.SRS011657.SRX020661.SRR044813",-0.291424810025222,0.286634577531868
"1927.SRS049102.SRX020578.SRR047316",-0.121673565400519,0.123213536189163
"1927.SRS018902.SRX020572.SRR047587",-0.234576495796992,0.309434874641489
"1927.SRS011484.SRX020667.SRR045255",-0.267313409726187,0.337475757754445
"1927.SRS014279.SRX020511.SRR045617",-0.204019706700645,0.232986015130029
"1927.SRS018904.SRX020572.SRR045947",-0.260341168527654,0.34307177469203
"1927.SRS018894.SRX020572.SRR045964",-0.276312348891109,0.366892974356754
"1927.SRS018842.SRX020572.SRR045997",-0.24616210055392,0.351897900093097
"1927.SRS055868.SRX020531.SRR046054",-0.196091051062255,0.238802482005349
"1927.SRS046022.SRX020568.SRR046837",-0.269234354796646,0.357553302874634
"1927.SRS064558.SRX020532.SRR046906",-0.23386813270604,0.317933117439929
"1927.SRS045466.SRX020540.SRR047124",-0.226856121757642,0.302001027692294
"1927.SRS063184.SRX020578.SRR047242",-0.280849991175191,0.382850222371836
"1927.SRS056834.SRX020540.SRR047259",-0.272761627479812,0.375191268238481
"1927.SRS055467.SRX020578.SRR047302",-0.258154451488642,0.254939269713274
"1927.SRS063125.SRX020548.SRR047343",-0.276468579666407,0.342578638299735
"1927.SRS016117.SRX020516.SRR049307",-0.269084313435577,0.358286170297437
"1927.SRS044548.SRX020568.SRR049550",-0.199783132635174,0.264501361524923
"1927.SRS056460.SRX022224.SRR058087",-0.22183804103101,0.278377944441505
"1927.SRS063388.SRX022232.SRR058094",-0.205944958049916,0.0855525988398559
"1927.SRS063960.SRX022232.SRR058094",-0.273950187010518,0.275406051189421
"1927.SRS063123.SRX022232.SRR058094",-0.268700366975115,0.223862435267945
"1927.SRS065329.SRX022232.SRR058094",-0.209783100062175,0.0865099870370086
"1927.SRS043826.SRX022241.SRR058097",-0.264602440245849,0.220104645044603
"1927.SRS046341.SRX020554.SRR043828",0.0708188210009933,-0.158549631359458
"1927.SRS054917.SRX022244.SRR058107",0.0540367718166837,-0.139787660284795
"1927.SRS046108.SRX020531.SRR046041",0.0754442225561938,-0.203209116729625
"1927.SRS015444.SRX020545.SRR044748",0.508577323291237,0.153346931943696
"1927.SRS011559.SRX020537.SRR045396",-0.193047845573529,0.010968751816862
"1927.SRS046500.SRX020549.SRR046479",0.572603222269786,0.196961869089476
"1927.SRS019308.SRX020575.SRR045829",0.531748818898176,0.186392431611444
"1927.SRS042274.SRX020575.SRR047602",0.569751223140223,0.199241472951787
"1927.SRS051407.SRX020670.SRR046245",0.0748141617154872,-0.193656439180187
"1927.SRS055470.SRX020549.SRR046473",0.51982270541982,0.163551329327946
"1927.SRS045463.SRX020549.SRR046483",0.543799359192188,0.191387346132929
"1927.SRS019554.SRX020574.SRR049827",0.493705297478814,0.167358493652806
"1927.SRS015856.SRX020574.SRR049831",0.536324750342345,0.198392392386959
"1927.SRS063457.SRX022225.SRR058088",0.549121423847751,0.186615248590923
"1927.SRS018864.SRX020575.SRR046023",0.0986560715530205,-0.14789149011322
"1927.SRS016265.SRX020577.SRR044077",0.309356583968621,0.188683560896028
"1927.SRS014619.SRX020536.SRR046128",0.202576074889993,-0.0838443700251136
"1927.SRS023422.SRX020676.SRR047874",0.05181450243796,-0.126316639418579
"1927.SRS015145.SRX020546.SRR043653",0.0735420138325049,-0.242392751304959
"1927.SRS014239.SRX020574.SRR043850",0.530930676757281,0.157308475875525
"1927.SRS014923.SRX020555.SRR045709",0.056675374683063,-0.130681247759624
"1927.SRS062539.SRX020512.SRR046959",0.208077070622379,-0.106864503033885
"1927.SRS043400.SRX022225.SRR058088",0.521657448239994,0.158086338860671
"1927.SRS063753.SRX022228.SRR058091",0.505205097612445,0.148641131374973
"1927.SRS062741.SRX020512.SRR047074",0.134239254298565,-0.0721360138338859
"1927.SRS052337.SRX022225.SRR058088",-0.0670708826254107,0.118685568315545
"1927.SRS046871.SRX020677.SRR047976",0.447640244635283,0.145103047651535
"1927.SRS048785.SRX022244.SRR058107",0.562449912081259,0.181409401064019
"1927.SRS045035.SRX020567.SRR049414",0.0442589391152234,-0.0651856255855384
"1927.SRS015496.SRX020525.SRR044556",0.137445211993466,-0.0716019848431296
"1927.SRS063078.SRX020532.SRR049555",-0.0701144082383325,-0.226092798362655
"1927.SRS044434.SRX022156.SRR058115",0.0560010623948475,-0.127188938356466
"1927.SRS051945.SRX020567.SRR049463",0.0411948768277594,-0.149973805849788
"1927.SRS064922.SRX020512.SRR049553",0.108092367723885,0.025061214966521
"1927.SRS018585.SRX020516.SRR044373",0.48199458691731,0.133582406363586
"1927.SRS018577.SRX020525.SRR044518",-0.00352722947776428,-0.113305215501512
"1927.SRS015905.SRX020510.SRR044586",0.382868615794124,0.120191055502047
"1927.SRS045119.SRX020575.SRR045822",0.503033163268769,0.174679483027121
"1927.SRS064616.SRX020670.SRR046234",0.189290271663201,-0.0477192177595978
"1927.SRS047699.SRX020549.SRR046494",0.121796650820538,0.0161732346981814
"1927.SRS044666.SRX020568.SRR046873",0.338538360798613,0.360735702253093
"1927.SRS044993.SRX020567.SRR049484",0.523571675385483,0.181909980959221
"1927.SRS042924.SRX020540.SRR047291",0.537084264976886,0.201957056338387
"1927.SRS022954.SRX020675.SRR047822",0.570918400354692,0.200468272324794
"1927.SRS021942.SRX020678.SRR048015",0.49024644703496,0.187752105542317
"1927.SRS022960.SRX020683.SRR048328",0.519237883708897,0.171753889657713
"1927.SRS023458.SRX020683.SRR048345",0.567515938721208,0.193060480935369
"1927.SRS013784.SRX020683.SRR048360",-0.279658551374288,0.32269518025758
"1927.SRS019233.SRX020525.SRR049224",0.114334748543293,-0.046966804495448
"1927.SRS064399.SRX022225.SRR058088",0.0244355088575819,-0.0894398673911629
"1927.SRS042248.SRX022225.SRR058088",0.545459943035612,0.211966582174442
"1927.SRS064897.SRX022228.SRR058091",0.0578287547600149,-0.074445660304939
"1927.SRS011523.SRX020663.SRR045178",0.0721970167455191,-0.23158825750719
"1927.SRS011527.SRX020667.SRR045252",0.072005050087147,-0.233287138758864
"1927.SRS064620.SRX022228.SRR058091",0.398763887769487,0.0846323852716405
"1927.SRS042365.SRX022224.SRR058087",0.0611489591934664,-0.137538021572458
"1927.SRS065508.SRX020532.SRR047035",-0.220712082735914,0.210248549787339
"1927.SRS064038.SRX020532.SRR046904",-0.252417649169538,0.115610858753521
"1927.SRS049168.SRX020540.SRR047289",-0.119120255106142,-0.207969955299458
"1927.SRS065592.SRX020569.SRR049472",0.071035518425275,-0.226304832938469
"1927.SRS020494.SRX022097.SRR057663",-0.0845521793466445,-0.276663826108471
"1927.SRS045158.SRX022224.SRR058087",-0.216853144410297,0.0649310253250778
"1927.SRS050871.SRX022224.SRR058087",-0.217366808479079,0.126192853157979
"1927.SRS043437.SRX022224.SRR058087",-0.252620910120481,0.32249819386884
"1927.SRS065219.SRX022232.SRR058094",-0.213222546196354,0.191309373115355
"1927.SRS049057.SRX022156.SRR058115",-0.175512267215016,-0.0261365034312495
"1927.SRS046309.SRX020575.SRR046010",0.531079205157512,0.22600651467154
"1927.SRS023887.SRX020677.SRR047936",0.569498713857717,0.194439070246598
"1927.SRS020147.SRX020683.SRR048334",0.54577389430464,0.195796160961328
"1927.SRS020498.SRX022097.SRR057663",0.282567583867315,0.0580206343264484
"1927.SRS062601.SRX020532.SRR046968",-0.168906660666693,-0.121889292511723
"1927.SRS021918.SRX020675.SRR047788",-0.248594165986662,0.2583353039302
"1927.SRS044811.SRX022224.SRR058087",-0.257991752400555,0.0909671324781412
"1927.SRS050772.SRX022224.SRR058087",-0.0628864337439164,-0.231717078900964
"1927.SRS011577.SRX020571.SRR045465",0.0290480132607853,-0.0830566989965385
"1927.SRS019767.SRX020577.SRR044052",-0.295214965501895,0.286953888060187
"1927.SRS064811.SRX020532.SRR046991",-0.254829261680429,0.295274342218339
"1927.SRS011601.SRX020659.SRR045037",-0.114025580215562,-0.22019339798839
"1927.SRS049203.SRX020677.SRR047973",-0.118559402712981,-0.228984422490754
"1927.SRS051356.SRX020670.SRR046252",-0.0907376064374787,-0.149635993262912
"1927.SRS065656.SRX020670.SRR046356",-0.274029723488536,0.25860756074485
"1927.SRS064467.SRX020532.SRR046903",0.457317680191342,0.219366176384592
"1927.SRS016233.SRX020516.SRR047424",-0.297627442248623,0.291449502625012
"1927.SRS013569.SRX020677.SRR047985",-0.0854591477077403,-0.214898702599967
"1927.SRS051203.SRX022224.SRR058087",-0.0105673192300747,-0.235378471323529
"1927.SRS049893.SRX022241.SRR058097",-0.0475206945898748,-0.0639866520386664
"1927.SRS014803.SRX020546.SRR043658",-0.272804957877853,0.231863587424179
"1927.SRS014281.SRX020511.SRR045648",-0.266600565289597,0.219339175563664
"1927.SRS016221.SRX020516.SRR044366",-0.216571753487422,0.161964852866827
"1927.SRS014811.SRX020555.SRR045680",-0.263847164889794,0.0986102561228537
"1927.SRS014764.SRX020554.SRR043808",-0.0587283862296424,-0.259698472832605
"1927.SRS014140.SRX020554.SRR043812",-0.285458643173503,0.201069761781564
"1927.SRS019552.SRX020574.SRR043864",0.483421393657085,0.199803261153957
"1927.SRS015665.SRX020539.SRR044165",-0.293693208932964,0.189660300734533
"1927.SRS015919.SRX020510.SRR044604",-0.308553771900275,0.200082751718831
"1927.SRS018991.SRX020520.SRR044632",-0.19972642237385,-0.0855738292422765
"1927.SRS018987.SRX020520.SRR044639",-0.333854377672088,0.229764926108339
"1927.SRS015921.SRX020520.SRR044641",-0.229653682751743,-0.157827719211467
"1927.SRS019079.SRX020564.SRR044725",0.575106940381928,0.196008744977187
"1927.SRS011565.SRX020661.SRR044824",-0.316638963696707,0.262917224676684
"1927.SRS011657.SRX020659.SRR045038",-0.293285394650249,0.288181783058784
"1927.SRS011640.SRX020537.SRR045383",0.425253677272161,0.118498678887427
"1927.SRS014663.SRX020543.SRR045554",-0.308383904264884,0.326579052146928
"1927.SRS014446.SRX020543.SRR045567",0.0603880265186856,-0.150409167994918
"1927.SRS050362.SRX020543.SRR045569",-0.269525339608197,0.257326249870282
"1927.SRS054405.SRX020511.SRR045659",-0.250491002927747,0.319668909548252
"1927.SRS019576.SRX020511.SRR045660",-0.274100341481705,0.34316192874129
"1927.SRS014803.SRX020555.SRR045684",-0.248352471835762,0.207739824519442
"1927.SRS014809.SRX020555.SRR045685",-0.247762888436427,0.245725114177971
"1927.SRS016211.SRX020547.SRR045769",0.0807429335154916,-0.139573859340723
"1927.SRS019405.SRX020575.SRR045832",0.0765055339752916,0.0590805287745428
"1927.SRS054576.SRX020531.SRR046042",-0.167289022243307,0.160852728065333
"1927.SRS016211.SRX020557.SRR046084",0.0778860318942202,-0.133173685832592
"1927.SRS058381.SRX020549.SRR046484",0.563008117693477,0.201008402153192
"1927.SRS064876.SRX020569.SRR046603",-0.203154234256187,0.0827986609292795
"1927.SRS065311.SRX020519.SRR046865",0.301947359894105,0.0357128543856109
"1927.SRS053775.SRX020568.SRR046947",-0.250340623930002,0.293716584916123
"1927.SRS049648.SRX020568.SRR046948",-0.0561895025454596,-0.243433274824992
"1927.SRS063516.SRX020532.SRR047046",-0.272829348362944,0.360414874380561
"1927.SRS042558.SRX020580.SRR047129",0.546370802185839,0.187794344018241
"1927.SRS058537.SRX020540.SRR047260",-0.233420001529597,0.318086927426376
"1927.SRS011492.SRX020667.SRR047500",-0.251904304382979,0.31997101293148
"1927.SRS049760.SRX020547.SRR047565",0.539302377844732,0.175995356142993
"1927.SRS018653.SRX020572.SRR047596",0.0471991884818583,-0.0693367699843662
"1927.SRS023865.SRX020676.SRR047927",-0.317597667121377,0.205546316526143
"1927.SRS062540.SRX020569.SRR049457",-0.237932059136791,0.243186510293624
"1927.SRS015629.SRX020539.SRR049856",-0.254120495906448,0.270146574212155
"1927.SRS020661.SRX022097.SRR057663",-0.211934458223036,0.104992362110402
"1927.SRS014357.SRX020574.SRR043845",0.558327857976787,0.180262470908482
"1927.SRS014877.SRX020574.SRR043847",0.167252251529514,-0.0856711184525017
"1927.SRS014974.SRX020574.SRR043902",0.283969158125368,-0.0167860971632354
"1927.SRS015862.SRX020536.SRR047628",0.0368849952866581,-0.159432687329137
"1927.SRS014667.SRX020574.SRR043874",0.556187939874482,0.193961351000645
"1927.SRS015958.SRX020577.SRR044065",0.525690899124806,0.170718917572573
"1927.SRS015607.SRX020525.SRR044514",0.115006011467316,-0.118006090650969
"1927.SRS015956.SRX020525.SRR044516",0.0638382773368261,-0.0598882311633686
"1927.SRS016261.SRX020525.SRR044558",0.057815296651727,-0.11521828563748
"1927.SRS015901.SRX020510.SRR044599",0.575741062611077,0.198488772488333
"1927.SRS015927.SRX020510.SRR044610",-0.30389331392039,0.142526709944236
"1927.SRS015901.SRX020520.SRR044629",0.575988527981696,0.198504401396924
"1927.SRS046977.SRX020575.SRR045819",0.383994539577498,0.115054174670713
"1927.SRS052132.SRX020540.SRR047277",0.412103304974098,0.103354915570929
"1927.SRS056724.SRX020567.SRR046683",0.472232242922499,0.130224839955272
"1927.SRS014750.SRX020554.SRR043725",-0.238513079498266,0.331603329173489
"1927.SRS014807.SRX020546.SRR043677",-0.233783708966356,0.31927158157562
"1927.SRS015307.SRX020554.SRR043719",-0.189228272163348,0.26825476035847
"1927.SRS015305.SRX020554.SRR043730",-0.18684330378656,0.254758347244558
"1927.SRS015297.SRX020554.SRR043840",-0.209418229066821,0.303215929008519
"1927.SRS055828.SRX020540.SRR047269",-0.218958568011441,0.312048797492054
"1927.SRS011427.SRX020663.SRR045175",-0.243967571999743,0.323091928256154
"1927.SRS043574.SRX020563.SRR046391",-0.244480670962332,0.335066166859758
"1927.SRS015976.SRX020577.SRR049839",-0.209095623407494,0.272721006635822
"1927.SRS046522.SRX020578.SRR047301",-0.229770603805052,0.294012841126078
"1927.SRS011419.SRX020661.SRR044784",-0.253160749325683,0.298958551197103
"1927.SRS011427.SRX020667.SRR045254",-0.247585401117982,0.324267155049613
"1927.SRS011673.SRX020663.SRR045192",0.471733787421667,0.188880987429597
"1927.SRS014817.SRX020555.SRR045734",-0.253587304434337,0.194199542937773
"1927.SRS043821.SRX020542.SRR046368",-0.220562724772501,0.200205993884677
"1927.SRS049453.SRX020568.SRR046859",-0.221894044486303,0.282663495960785
"1927.SRS048716.SRX020578.SRR047240",-0.186539695755699,0.161801988906287
"1927.SRS054520.SRX020542.SRR047681",-0.261065143194701,0.347349809921272
"1927.SRS062800.SRX020569.SRR049440",-0.215019989677604,0.281652189435387
"1927.SRS045165.SRX020580.SRR049592",-0.11192223093525,-0.217342574394051
"1927.SRS050023.SRX022224.SRR058087",-0.226229499499468,0.292129865736152
"1927.SRS015526.SRX020539.SRR044187",-0.291494093125228,0.29974838873447
"1927.SRS043683.SRX022156.SRR058115",-0.219647108011281,0.228460348980292
"1927.SRS049760.SRX020574.SRR043866",0.56760125297707,0.183119294945658
"1927.SRS042788.SRX020563.SRR046388",0.0475921571567971,-0.11853761113108
"1927.SRS015133.SRX020555.SRR045722",0.0656036186674948,-0.149277618905596
"1927.SRS016125.SRX020516.SRR044318",-0.252945789108439,0.288959094088785
"1927.SRS019263.SRX020516.SRR044369",-0.178154435035971,0.249489091282265
"1927.SRS016127.SRX020516.SRR044367",-0.259902045872883,0.332368466636654
"1927.SRS019011.SRX020510.SRR044594",-0.298274715822893,0.185311008756571
"1927.SRS015403.SRX020555.SRR045691",-0.229122501433054,0.31719064275839
"1927.SRS018964.SRX020575.SRR045825",0.273981630085405,0.117647944824621
"1927.SRS019345.SRX020572.SRR045954",-0.258651171088909,0.167144571370491
"1927.SRS062994.SRX020532.SRR046917",-0.10361089994042,-0.168501614219873
"1927.SRS063990.SRX020532.SRR047043",0.232074189997282,-0.00896362369547218
"1927.SRS019558.SRX020543.SRR047549",0.322356121115816,0.14541437568283
"1927.SRS048383.SRX020563.SRR049377",-0.0923835068105331,-0.199572288981287
"1927.SRS044175.SRX022224.SRR058087",-0.0486395343422194,-0.2611402937179
"1927.SRS048103.SRX022224.SRR058087",-0.0898537897908935,-0.171160680515455
"1927.SRS063888.SRX022232.SRR058094",-0.187523235630437,0.1428600830861
"1927.SRS054709.SRX022156.SRR058115",-0.0810054607509366,-0.182064746730201
"1927.SRS064672.SRX022156.SRR058115",-0.0548567474544331,-0.223141987499856
"1927.SRS024539.SRX020677.SRR047949",0.542989921512577,0.189500424692837
"1927.SRS015931.SRX020510.SRR044583",-0.0629237110156498,-0.261811299840157
"1927.SRS018639.SRX020572.SRR045994",-0.262339566388115,0.291345394763304
"1927.SRS063820.SRX020532.SRR047038",-0.225666255767124,0.166157611828672
"1927.SRS063956.SRX022228.SRR058091",0.50722796115681,0.175737964306298
"1927.SRS047723.SRX022244.SRR058107",0.578507183585381,0.192577267270846
"1927.SRS056542.SRX022244.SRR058107",0.576176273837936,0.19196601158026
"1927.SRS044145.SRX020578.SRR047251",-0.15762547215198,-0.146681727499268
"1927.SRS056620.SRX020523.SRR046408",0.0639737017315903,-0.144888103020328
"1927.SRS011549.SRX020663.SRR045211",0.404509895874238,0.0962651737871348
"1927.SRS011549.SRX020667.SRR047507",0.397620732862224,0.0873749600654667
"1927.SRS022958.SRX020678.SRR048018",0.249005737985434,-0.0675938500423685
"1927.SRS053562.SRX022244.SRR058107",0.0859583484533832,-0.130278169104217
"1927.SRS014138.SRX020554.SRR043706",-0.20815392098689,0.238961602037833
"1927.SRS045858.SRX020670.SRR046235",-0.246935545787617,0.275278323166242
"1927.SRS016327.SRX020516.SRR044372",-0.312220264819656,0.385465024672546
"1927.SRS064128.SRX020532.SRR046925",-0.276167274642426,0.326688134357422
"1927.SRS046542.SRX020568.SRR049544",-0.243137478112431,0.308023488205864
"1927.SRS058741.SRX020540.SRR049625",-0.244615574082869,0.301289913774493
"1927.SRS015762.SRX020539.SRR044131",-0.251259009070422,0.259001972984614
"1927.SRS014138.SRX020529.SRR046635",-0.252037574086318,0.268737176202418
"1927.SRS019902.SRX020516.SRR047430",-0.242594507600684,0.322845095173325
"1927.SRS014861.SRX020554.SRR043814",-0.275009136066088,0.375614251171128
"1927.SRS042427.SRX020531.SRR046035",-0.243656181395724,0.334240355217392
"1927.SRS044314.SRX020568.SRR047018",-0.227063563663287,0.333734851551778
"1927.SRS065240.SRX020532.SRR047029",-0.253909192782356,0.327284626546998
"1927.SRS022936.SRX020675.SRR047819",-0.259506038971643,0.340438427415194
"1927.SRS014359.SRX020536.SRR046110",0.158965272643082,0.0587392103121595
"1927.SRS019757.SRX020577.SRR044074",-0.301836891658842,0.295051993363767
"1927.SRS019111.SRX020545.SRR044756",-0.253264803009209,0.220111401984859
"1927.SRS015454.SRX020545.SRR044746",-0.159060986907772,0.0975820641474863
"1927.SRS019894.SRX020516.SRR044311",-0.261689896433843,0.362376722183556
"1927.SRS016319.SRX020516.SRR044356",-0.283023822800812,0.380311946224714
"1927.SRS015454.SRX020564.SRR044721",-0.15253880107109,0.0877318420857616
"1927.SRS019111.SRX020564.SRR044730",-0.257074649297152,0.212747760214946
"1927.SRS054954.SRX020580.SRR047150",-0.253978168690736,0.263771538486604
"1927.SRS048659.SRX022224.SRR058087",-0.220757833755882,0.218628269590166
"1927.SRS050206.SRX022156.SRR058115",-0.269946262710343,0.32197284075014
"1927.SRS062943.SRX022232.SRR058094",-0.173166394601128,0.146182693060076
"1927.SRS056153.SRX022156.SRR058115",-0.290225346737951,0.182229686860961
"1927.SRS047627.SRX022156.SRR058115",-0.255654923685218,0.25436795036768
"1927.SRS049174.SRX022156.SRR058115",-0.267596238025559,0.349176242723547
"1927.SRS057288.SRX020549.SRR046477",0.577212094777087,0.202638482997935
"1927.SRS057422.SRX020677.SRR048001",0.329686816289889,0.0466457028814675
"1927.SRS057065.SRX020577.SRR044083",0.0744229508464202,-0.197670821923983
"1927.SRS011521.SRX020663.SRR045146",0.0483197937054732,-0.113416989464583
"1927.SRS020212.SRX020676.SRR047869",0.559696534977731,0.198276247629134
"1927.SRS016058.SRX020557.SRR049353",-0.205952232724079,0.0742252818049007
"1927.SRS011523.SRX020667.SRR045257",0.0726633791693842,-0.232134398838102
"1927.SRS015444.SRX020564.SRR049226",0.515958542983235,0.158532057095927
"1927.SRS055886.SRX022224.SRR058087",0.0771085617318421,-0.165297220520319
"1927.SRS050374.SRX022156.SRR058115",0.0731333135585705,-0.156420626001876
"1927.SRS011525.SRX020667.SRR045222",0.0722966282036001,-0.231696766754898
"1927.SRS011673.SRX020667.SRR045266",0.424812066534214,0.173014094938409
"1927.SRS062532.SRX020512.SRR046956",0.0891960465119992,-0.00299119272213007
"1927.SRS015303.SRX020554.SRR043821",-0.181420830913842,-0.0840764396078109
"1927.SRS018950.SRX020572.SRR047590",-0.263326526317074,0.235507371541131
"1927.SRS014609.SRX020546.SRR043666",-0.285532324759203,0.18867761734774
"1927.SRS014593.SRX020546.SRR043691",-0.290214403719331,0.307646808307634
"1927.SRS015031.SRX020577.SRR044026",-0.266234742880364,0.333027879105395
"1927.SRS016060.SRX020539.SRR044200",-0.217857528180485,0.19691507243914
"1927.SRS018739.SRX020516.SRR044332",-0.305063281550163,0.358910276191204
"1927.SRS015913.SRX020510.SRR044600",-0.304830606747583,0.208164568187821
"1927.SRS015917.SRX020520.SRR044637",-0.238414022189053,0.335080569275205
"1927.SRS015821.SRX020562.SRR044709",-0.211009138102741,0.188263206983496
"1927.SRS011456.SRX020661.SRR044806",-0.237444779766184,0.308158464999978
"1927.SRS011589.SRX020661.SRR044821",-0.307248797356568,0.300474319368299
"1927.SRS011409.SRX020659.SRR045044",-0.252443594469648,0.310878089822328
"1927.SRS011589.SRX020659.SRR045045",-0.302968147325277,0.319029674061234
"1927.SRS011565.SRX020659.SRR045048",-0.311620591541438,0.260692463623687
"1927.SRS048284.SRX020511.SRR045621",-0.307451948290573,0.293034773082302
"1927.SRS014663.SRX020511.SRR045630",-0.312146846467147,0.325056419887634
"1927.SRS014560.SRX020555.SRR045729",-0.252018971045152,0.319394860554635
"1927.SRS018629.SRX020572.SRR045968",-0.277091761358716,0.374801021106089
"1927.SRS018942.SRX020572.SRR045995",-0.262731639415351,0.304516321886481
"1927.SRS052368.SRX020572.SRR045996",-0.215100481310749,0.307022245022956
"1927.SRS045314.SRX020531.SRR046031",-0.232135059342416,0.3195345818838
"1927.SRS045258.SRX020531.SRR046052",-0.236959941267138,0.339141929585869
"1927.SRS047034.SRX020670.SRR046254",-0.25640022439731,0.332728493814669
"1927.SRS048709.SRX020670.SRR046337",-0.267258734493641,0.300222494327497
"1927.SRS056170.SRX020550.SRR046435",-0.298445941484602,0.381570857966438
"1927.SRS044879.SRX020550.SRR046440",-0.242824778612926,0.321717042296976
"1927.SRS044078.SRX020550.SRR046444",-0.238272868099257,0.297506516574369
"1927.SRS063942.SRX020512.SRR046958",0.454818323098509,0.244109780306697
"1927.SRS063850.SRX020532.SRR046974",-0.210063213786947,0.291456108929715
"1927.SRS050936.SRX020568.SRR047019",-0.248213254021803,0.334372042030691
"1927.SRS064781.SRX020512.SRR047061",0.499133743425508,0.211165275151875
"1927.SRS063768.SRX020512.SRR047075",0.294917685383936,0.162444353843078
"1927.SRS053222.SRX020578.SRR047234",-0.22878748958859,0.250184172826599
"1927.SRS044593.SRX020578.SRR047237",-0.256151006711431,0.278731548256843
"1927.SRS045931.SRX020578.SRR047250",-0.304445468773501,0.358378307621053
"1927.SRS042722.SRX020578.SRR047255",-0.298262331338504,0.170538978747665
"1927.SRS046027.SRX020540.SRR047271",-0.222542964523792,0.30911514108555
"1927.SRS016113.SRX020516.SRR047428",-0.245313688747307,0.189103841973903
"1927.SRS018676.SRX020572.SRR047594",-0.26770554110095,0.253214289989601
"1927.SRS063808.SRX020670.SRR047657",-0.290730114315795,0.334411710457688
"1927.SRS048396.SRX020550.SRR047711",-0.265342542915686,0.332559905671248
"1927.SRS024523.SRX020677.SRR047941",-0.278903727407505,0.366196935519485
"1927.SRS048045.SRX020677.SRR047965",-0.27549663644504,0.368357166479347
"1927.SRS054770.SRX020563.SRR049379",-0.162890123395439,0.206577725692505
"1927.SRS050224.SRX020549.SRR049388",0.538220077116148,0.203559221107719
"1927.SRS054440.SRX020568.SRR049535",-0.253794950064889,0.307961393912449
"1927.SRS015621.SRX020539.SRR049855",-0.273136339408023,0.268302748749986
"1927.SRS064960.SRX020549.SRR046482",0.143428630616925,0.0115664242425872
"1927.SRS014560.SRX020546.SRR043694",-0.28821098385307,0.360779130142291
"1927.SRS015184.SRX020554.SRR043732",-0.306489501792824,0.325532349776433
"1927.SRS016279.SRX020577.SRR043973",-0.289314961154418,0.292663858745121
"1927.SRS015354.SRX020577.SRR044043",-0.301468461715586,0.35613795961394
"1927.SRS018747.SRX020516.SRR044303",-0.268687487636183,0.297705415489844
"1927.SRS019011.SRX020520.SRR044624",-0.295418957226764,0.175704141446197
"1927.SRS015927.SRX020520.SRR044640",-0.296447706802717,0.150123106362306
"1927.SRS014426.SRX020543.SRR045587",-0.286954418871017,0.287212170576666
"1927.SRS014593.SRX020555.SRR045727",-0.277917401011271,0.306604245422319
"1927.SRS016058.SRX020547.SRR045764",-0.188793946034495,0.0738765526855107
"1927.SRS044041.SRX020531.SRR046039",-0.241032797722072,0.331233339955334
"1927.SRS046144.SRX020536.SRR046109",-0.218429197027311,0.141276074064636
"1927.SRS053285.SRX020670.SRR046366",0.0700977457778163,-0.191989901854741
"1927.SRS052430.SRX020550.SRR046446",-0.269875366580085,0.294142514147453
"1927.SRS064483.SRX020569.SRR046609",-0.310181995863446,0.290530693365264
"1927.SRS065164.SRX020569.SRR046611",-0.235414737017972,0.226621403936451
"1927.SRS042288.SRX020568.SRR046871",-0.157881059001376,0.18785483841285
"1927.SRS055003.SRX020568.SRR046880",-0.222381007805496,0.166755607871896
"1927.SRS064711.SRX020548.SRR047339",-0.270021173151671,0.319101615118494
"1927.SRS063053.SRX020548.SRR047341",0.391673567822213,0.142215262382438
"1927.SRS016225.SRX020516.SRR047423",-0.25588303011346,0.265207575676813
"1927.SRS023859.SRX020677.SRR047931",-0.219729923513985,0.1199217344247
"1927.SRS057938.SRX020549.SRR049389",0.564523723496881,0.206433714530693
"1927.SRS015866.SRX020557.SRR046103",0.187988161585042,0.00308411895393358
"1927.SRS045536.SRX020567.SRR046727",0.566739998978853,0.207058188982267
"1927.SRS018987.SRX020510.SRR044609",-0.333026296429206,0.231919220636394
"1927.SRS065544.SRX020569.SRR046545",-0.200004640064539,0.256730137497804
"1927.SRS064171.SRX020512.SRR046887",0.0721006965214488,-0.0242384554667579
"1927.SRS015125.SRX020555.SRR045735",-0.210107541159749,0.230644876335366
"1927.SRS015919.SRX020520.SRR044634",-0.299694006735434,0.182880287016437
"1927.SRS015395.SRX020555.SRR045675",-0.186517094750112,0.23136318029006
"1927.SRS015405.SRX020555.SRR047561",-0.234104472773576,0.276990150725309
"1927.SRS011606.SRX020667.SRR045219",0.524947214338663,0.191641547569416
"1927.SRS019518.SRX020572.SRR045809",-0.219040805842277,0.214080387681104
"1927.SRS055141.SRX020531.SRR046036",-0.285775168822243,0.275491063191115
"1927.SRS064261.SRX020532.SRR046923",-0.260074223354605,0.268737268338648
"1927.SRS014436.SRX020543.SRR045604",-0.259498076222885,0.159661784154285
"1927.SRS014297.SRX020511.SRR045637",0.552385349230355,0.206112101377754
"1927.SRS021922.SRX020675.SRR047792",-0.2320745749699,0.298877166133197
"1927.SRS018985.SRX020520.SRR044619",-0.266418243796655,0.315848420059055
"1927.SRS014355.SRX020574.SRR043870",0.440427960028376,0.208615902302298
"1927.SRS045400.SRX020567.SRR049461",0.355791759217024,0.306624532168737
"1927.SRS047859.SRX020531.SRR046045",-0.122971364892854,-0.19983080847951
"1927.SRS015805.SRX020562.SRR044710",0.539844508390957,0.191861090558867
"1927.SRS023873.SRX020677.SRR047934",-0.195661890477394,0.262317788423039
"1927.SRS014807.SRX020555.SRR045713",-0.224548221872904,0.316626719483494
"1927.SRS019888.SRX020516.SRR044353",0.21850860555337,0.0706705443062009
"1927.SRS018985.SRX020510.SRR044589",-0.270613989782566,0.320315002079251
"1927.SRS014128.SRX020555.SRR045692",-0.241246663582553,0.288264378585673
"1927.SRS018910.SRX020575.SRR046021",0.559979965193883,0.205370715606246
"1927.SRS062414.SRX020569.SRR046617",-0.144625316930415,-0.052273225276192
"1927.SRS058170.SRX020580.SRR047131",-0.244266267374748,0.218287025900203
"1927.SRS021553.SRX020675.SRR047806",-0.24058909384064,0.205500160389438
"1927.SRS042643.SRX020531.SRR046038",-0.240487032333425,0.324810676679408
"1927.SRS042974.SRX020567.SRR049480",0.490092224890767,0.17297898883441
"1927.SRS064413.SRX020579.SRR046976",-0.171056106672278,0.0661703397661122
"1927.SRS014815.SRX020555.SRR045728",-0.210635319667537,0.258822171279086
"1927.SRS014568.SRX020555.SRR047558",-0.318738271962548,0.262390963891642
"1927.SRS018649.SRX020575.SRR047601",-0.0228572970330985,-0.162138340846695
"1927.SRS015866.SRX020547.SRR045789",0.179293764916092,0.00738816107601464
"1927.SRS047607.SRX020568.SRR049546",-0.196846402311024,0.255000810463195
"1927.SRS016285.SRX020577.SRR044024",-0.121116598247337,0.0849981942652015
"1927.SRS023881.SRX020677.SRR047939",0.534921611887826,0.18911421173957
"1927.SRS019095.SRX020545.SRR044738",-0.219022734316553,0.180231129983312
"1927.SRS011553.SRX020663.SRR045214",0.122001660956515,-0.0681201036659943
"1927.SRS050378.SRX020568.SRR047021",0.562747457993608,0.204572417510735
"1927.SRS014450.SRX020511.SRR045723",-0.266890494304281,0.163241135436362
"1927.SRS015917.SRX020510.SRR044607",-0.242019207647869,0.341469432096722
"1927.SRS043728.SRX020527.SRR047173",0.199891067222379,0.0666672393969628
"1927.SRS015909.SRX020510.SRR044601",0.365573982389972,0.135502252039083
"1927.SRS063998.SRX020549.SRR049390",0.55853617534084,0.202194270883655
"1927.SRS058776.SRX020554.SRR043712",-0.279007014845749,0.0781745246038586
"1927.SRS057689.SRX020514.SRR046804",-0.0188950366033252,0.0116924577857906
"1927.SRS064920.SRX020569.SRR046663",-0.232532758058132,0.291760137938664
"1927.SRS011634.SRX020661.SRR049230",-0.230853052386874,0.202514513522974
"1927.SRS023059.SRX020676.SRR047835",-0.191089121638599,0.259585339110738
"1927.SRS014907.SRX020555.SRR049331",-0.205735814576478,0.147788970560647
"1927.SRS019091.SRX020545.SRR044744",-0.231161491541436,0.135880219721166
"1927.SRS019091.SRX020564.SRR044716",-0.237917132489372,0.139527469540041
"1927.SRS063285.SRX020569.SRR046656",0.0565421086859893,-0.180135448683682
"1927.SRS019560.SRX020543.SRR045595",0.509732216008777,0.18845943134539
"1927.SRS062608.SRX020549.SRR046471",0.561446297411215,0.202111391335393
"1927.SRS014780.SRX020554.SRR043708",0.0709379832147161,-0.232332897033665
"1927.SRS014434.SRX020543.SRR045607",-0.0379594942230724,-0.0863974766999467
"1927.SRS018890.SRX020572.SRR045807",-0.169101441019366,0.19248979052943
"1927.SRS022492.SRX020676.SRR047898",-0.215574350210603,0.288319253796474
"1927.SRS013784.SRX020676.SRR047879",-0.273217175413424,0.314465206066388
"1927.SRS050737.SRX020554.SRR043811",-0.24648050845709,0.227999789683604
"1927.SRS063831.SRX020569.SRR046535",-0.269244531421412,0.334631992435628
"1927.SRS051551.SRX020554.SRR043832",-0.244281331079534,0.221396254759111
"1927.SRS044605.SRX020574.SRR043860",0.366325355738324,0.107748723334074
"1927.SRS062544.SRX020569.SRR049417",-0.221837772774283,0.292770833646975
"1927.SRS014317.SRX020555.SRR047560",-0.289361312361548,0.297302042934456
"1927.SRS052844.SRX020542.SRR046382",-0.165803995170911,0.171745133928353
"1927.SRS016028.SRX020539.SRR044170",0.509880863600958,0.154080645122642
"1927.SRS011606.SRX020663.SRR047497",0.53030790970947,0.186142095373211
"1927.SRS018763.SRX020516.SRR044308",0.561079593918526,0.194442279674172
"1927.SRS019773.SRX020525.SRR044539",0.165764337099679,-0.0603352104930358
"1927.SRS015950.SRX020525.SRR044547",0.134545692418388,-0.030595104519472
"1927.SRS019880.SRX020525.SRR044521",0.116633067820548,-0.0759118437110222
"1927.SRS016099.SRX020525.SRR047442",0.0944747201887676,-0.0721907952377813
"1927.SRS016305.SRX020525.SRR044526",0.126570633802146,-0.0822603086416939
"1927.SRS015251.SRX020525.SRR044537",0.158778002048943,-0.0642526177466983
"1927.SRS056430.SRX020525.SRR044546",0.117219453059006,-0.0612268548297776
"1927.SRS046864.SRX020525.SRR044555",0.147415491320136,-0.0664982412443007
"1927.SRS016046.SRX020525.SRR044567",0.0844627145415472,-0.100385463937821
"1927.SRS016022.SRX020525.SRR044570",0.111079257395788,-0.0503905247412945
"1927.SRS015907.SRX020510.SRR044588",0.419587944261046,0.0860992570716311
"1927.SRS015907.SRX020520.SRR044618",0.424743049130534,0.0919727991546724
"1927.SRS015903.SRX020520.SRR044622",0.55842656020537,0.200585689326284
"1927.SRS051657.SRX020550.SRR047707",-0.228364213550885,0.197306241597945
"1927.SRS011580.SRX020661.SRR044799",0.0591224159477203,-0.150950879356053
"1927.SRS011296.SRX020661.SRR044833",0.522658371080302,0.165324604116022
"1927.SRS011671.SRX020661.SRR044834",-0.119713681809063,-0.206488120528178
"1927.SRS011502.SRX020663.SRR045180",0.528004620370906,0.193037186264311
"1927.SRS065266.SRX020670.SRR049368",0.0603016779990372,-0.151925920450862
"1927.SRS043640.SRX020677.SRR048003",0.57676937168268,0.200956819186853
"1927.SRS015311.SRX020554.SRR047397",-0.0554204732425533,-0.217468572516491
"1927.SRS011486.SRX020663.SRR045191",-0.0365221786259433,0.028758433594593
"1927.SRS043664.SRX020580.SRR047130",0.17695168076105,0.347628948072048
"1927.SRS016984.SRX020570.SRR045462",-0.0188950366033252,0.0116924577857906
"1927.SRS011500.SRX020571.SRR045491",0.0445788258992049,-0.049730029128957
"1927.SRS014444.SRX020543.SRR045600",0.0591962609695086,-0.150545417067564
"1927.SRS019560.SRX020511.SRR045653",0.515517046655452,0.196551699129359
"1927.SRS015117.SRX020555.SRR045694",-0.229798583635829,0.313888276136423
"1927.SRS014554.SRX020555.SRR045723",-0.119416270081705,-0.270103082633851
"1927.SRS019554.SRX020547.SRR045788",0.477800754394095,0.201437664975856
"1927.SRS056730.SRX020575.SRR046008",0.566237411799533,0.213384592374117
"1927.SRS019399.SRX020575.SRR046020",0.491834517814493,0.196251891844842
"1927.SRS019830.SRX020575.SRR045834",0.515981361316673,0.219768899372776
"1927.SRS048224.SRX020575.SRR046017",0.318209700459175,0.0859267708012154
"1927.SRS044834.SRX020575.SRR045833",0.548747053859234,0.222854909147985
"1927.SRS019401.SRX020575.SRR045835",0.508380716251212,0.186856447485871
"1927.SRS019558.SRX020557.SRR046069",0.404937128796358,0.120042774749925
"1927.SRS062655.SRX020670.SRR046349",-0.296269210829493,0.295626004404228
"1927.SRS053598.SRX020670.SRR046363",0.0684005576461401,-0.188347067875109
"1927.SRS020823.SRX022097.SRR057663",-0.291369971561866,0.363429102993326
"1927.SRS063873.SRX022232.SRR058094",-0.245809596519548,0.31084393268493
"1927.SRS044226.SRX022232.SRR058094",-0.21622327964501,0.281255870932711
"1927.SRS063885.SRX022232.SRR058094",-0.22754564312737,0.222092919737172
"1927.SRS054358.SRX020549.SRR046476",0.537510632052201,0.196275959182822
"1927.SRS063157.SRX020569.SRR046536",-0.227171515006877,0.240086387199393
"1927.SRS015864.SRX020529.SRR046569",0.481379090721095,0.160380722314738
"1927.SRS064754.SRX020512.SRR047063",0.0980703571909236,-0.00178389894703935
"1927.SRS057461.SRX020580.SRR047140",-0.224816786174771,0.170768455625612
"1927.SRS045212.SRX020580.SRR047143",-0.190815272207328,0.143653705945372
"1927.SRS055952.SRX020580.SRR047149",-0.26721495946496,0.12263151922539
"1927.SRS018912.SRX020575.SRR047604",0.577495301438808,0.200156821120272
"1927.SRS058420.SRX020531.SRR047615",0.477247136737267,0.22691814407759
"1927.SRS022442.SRX020676.SRR047919",0.563641926365963,0.200140161115251
"1927.SRS022450.SRX020676.SRR047917",0.511210078689184,0.174271763769221
"1927.SRS023077.SRX020676.SRR047840",0.562812456853461,0.198531201697814
"1927.SRS020149.SRX020676.SRR047858",0.439896594264195,0.165773481885243
"1927.SRS020188.SRX020676.SRR047868",-0.232785545224967,0.173634963079506
"1927.SRS013798.SRX020676.SRR047886",0.308028042872275,0.0422923809068653
"1927.SRS022444.SRX020676.SRR047921",0.511097000348213,0.193590982047387
"1927.SRS023879.SRX020677.SRR047937",0.567672682747072,0.205816143187771
"1927.SRS058482.SRX020677.SRR047977",0.565620017566275,0.194325628398703
"1927.SRS046302.SRX020677.SRR047979",0.551540573231157,0.197565150087072
"1927.SRS019558.SRX020547.SRR049333",0.392031457011848,0.11953801855472
"1927.SRS044602.SRX020549.SRR049400",0.443369505955725,0.317195017022797
"1927.SRS043928.SRX020549.SRR049402",0.279727681102469,0.0389578730810563
"1927.SRS063816.SRX020569.SRR049418",0.0641487542808206,-0.184774054948854
"1927.SRS044272.SRX020514.SRR049479",-0.0188950366033252,0.0116924577857906
"1927.SRS063142.SRX022232.SRR058094",-0.235592778145376,0.258505003989546
"1927.SRS065492.SRX022232.SRR058094",-0.212332355449832,0.112001472811745
"1927.SRS056576.SRX022156.SRR058115",-0.233409634974575,0.224971975908383
"1927.SRS020833.SRX022097.SRR057663",-0.287344106870645,0.33706208371355
"1927.SRS043112.SRX022224.SRR058087",-0.273080150059429,0.297630377886541
"1927.SRS048074.SRX022224.SRR058087",-0.256083859694888,0.240349557585323
"1927.SRS064078.SRX022232.SRR058094",-0.229993711873011,0.246325038033251
"1927.SRS064183.SRX022232.SRR058094",-0.230904060958092,0.232337862225646
"1927.SRS064119.SRX022232.SRR058094",-0.153497452420157,0.0889656888705479
"1927.SRS051852.SRX022224.SRR058087",-0.245930511748347,0.257113695867993
"1927.SRS048760.SRX022241.SRR058097",-0.172255862417615,0.129275939010254
"1927.SRS047546.SRX022224.SRR058087",-0.278996148380146,0.224276016372344
"1927.SRS054762.SRX022224.SRR058087",-0.278135798308615,0.190188144586703
"1927.SRS049659.SRX022225.SRR058088",0.351189756144804,0.161940084333323
"1927.SRS021121.SRX022097.SRR057663",-0.233119736938267,0.274329182678993
"1927.SRS021077.SRX022097.SRR057663",-0.202102143656461,0.169521868430157
"1927.SRS065701.SRX022228.SRR058091",0.526129782034864,0.205312675188051
"1927.SRS052621.SRX022224.SRR058087",-0.231236049278617,0.282422399727563
"1927.SRS020616.SRX022097.SRR057663",-0.0188950366033252,0.0116924577857906
"1927.SRS044266.SRX022224.SRR058087",-0.228022924202157,0.00619020366741483
"1927.SRS056891.SRX022224.SRR058087",-0.193832076748896,0.174880734246174
"1927.SRS065017.SRX022224.SRR058087",-0.11394926957705,0.0450868085504375
"1927.SRS064850.SRX022224.SRR058087",-0.174362323080776,0.0659263208732779
"1927.SRS047653.SRX022224.SRR058087",-0.0967034640633119,-0.164817042848539
"1927.SRS057009.SRX022224.SRR058087",-0.167738505253343,0.10603515030861
"1927.SRS063815.SRX022225.SRR058088",0.185432580949763,-0.00309362630819458
"1927.SRS063361.SRX022225.SRR058088",0.0645420007951343,0.0204726796668261
"1927.SRS063624.SRX022228.SRR058091",0.558081237500121,0.208501653031964
"1927.SRS065597.SRX022228.SRR058091",0.510938132881501,0.19372121234452
"1927.SRS045378.SRX022244.SRR058107",-0.209781011255699,0.215342219016569
"1927.SRS062667.SRX022232.SRR058094",-0.173898684073029,0.119651145958852
"1927.SRS023701.SRX022232.SRR058094",0.561655990635054,0.201168042136319
"1927.SRS063480.SRX022232.SRR058094",-0.0714239539887928,-0.190091065330037
"1927.SRS053208.SRX022241.SRR058097",-0.279789001105829,0.292257821180547
"1927.SRS044264.SRX022241.SRR058097",-0.254884011496706,0.269606099770951
"1927.SRS046845.SRX022241.SRR058097",-0.251654681237045,0.233171402355388
"1927.SRS052010.SRX022241.SRR058097",-0.20947899157718,0.2052256381768
"1927.SRS057221.SRX022244.SRR058107",0.186735509046773,-0.0837843472103875
"1927.SRS044808.SRX022244.SRR058107",0.42721599439911,0.102050601864561
"1927.SRS056107.SRX022244.SRR058107",0.553372629079743,0.194777570172514
"1927.SRS055231.SRX022244.SRR058107",0.493451382237237,0.151289380338393
"1927.SRS047418.SRX022156.SRR058115",-0.13028246335974,0.0726058364782062
"1927.SRS045922.SRX022156.SRR058115",-0.154743171049991,0.105358962913185
"1927.SRS062980.SRX022156.SRR058115",-0.155765511203418,0.0533633609721922
"1927.SRS049760.SRX020543.SRR045572",0.55981365921323,0.179062897993138
"1927.SRS055631.SRX020542.SRR046381",0.348193138741227,0.0785543915281764
"1927.SRS023073.SRX020675.SRR047832",-0.0265426092575256,-0.130047790999925
"1927.SRS064882.SRX020670.SRR046260",0.0588167367451514,-0.153042205671987
"1927.SRS014627.SRX020555.SRR045689",0.0594457968581316,-0.151762282193557
"1927.SRS019373.SRX020572.SRR046002",0.517950540840064,0.18916370714009
"1927.SRS063417.SRX020670.SRR046236",0.0584030008398631,-0.154385394554008
"1927.SRS055113.SRX020540.SRR047292",0.0718035185941844,-0.230585084868359
"1927.SRS021641.SRX020675.SRR047763",0.0644094019407052,-0.160065244535454
"1927.SRS021643.SRX020675.SRR047764",0.0572274981332369,-0.133266241896809
"1927.SRS021639.SRX020675.SRR047765",0.0616450094735163,-0.147164711891401
"1927.SRS015346.SRX020577.SRR044088",0.0729615797179858,-0.197765803324868
"1927.SRS011613.SRX020661.SRR044822",0.530815454380998,0.203038612202331
"1927.SRS044265.SRX020578.SRR047254",0.0724235129574776,-0.198140242298826
"1927.SRS013581.SRX020677.SRR047991",0.056855203483715,-0.134658717823162
"1927.SRS014625.SRX020555.SRR045705",0.05792817584414,-0.151092844546739
"1927.SRS015613.SRX020539.SRR044127",0.0754351251594607,-0.235102913834864
"1927.SRS050472.SRX020540.SRR047298",0.0731289831413798,-0.18397501971158
"1927.SRS013583.SRX020677.SRR047989",0.0598351133985736,-0.145927726587616
"1927.SRS013585.SRX020677.SRR047990",0.0555759259990211,-0.128420221514011
"1927.SRS043066.SRX020540.SRR047116",0.0719519401616567,-0.221027074305899
"1927.SRS055347.SRX020549.SRR049635",0.454850183154703,0.195554898346159
"1927.SRS015615.SRX020539.SRR044135",0.0738579523046357,-0.232077281783841
"1927.SRS018545.SRX020516.SRR044294",0.0709377038937144,-0.182169826352939
"1927.SRS015778.SRX020525.SRR044532",0.0734324408936183,-0.129850034607482
"1927.SRS018557.SRX020525.SRR044550",0.112411318493564,-0.124498148818449
"1927.SRS019001.SRX020510.SRR044606",0.446874679880532,0.139902192872233
"1927.SRS011613.SRX020659.SRR045046",0.508060198870404,0.183462965213244
"1927.SRS043722.SRX020549.SRR046499",0.130125914610161,0.165309374413157
"1927.SRS014444.SRX020511.SRR047550",0.0589113108460591,-0.147531062935167
"1927.SRS021147.SRX022097.SRR057663",0.0735522972356215,-0.201526430935976
"1927.SRS050959.SRX022156.SRR058115",0.0522311435174281,-0.121399255035348
"1927.SRS056678.SRX022224.SRR058087",0.0709127950709058,-0.2342192930152
"1927.SRS053713.SRX022225.SRR058088",0.433086947108926,0.103830827460561
"1927.SRS058191.SRX022156.SRR058115",0.0571939282845639,-0.133059735804293
"1927.SRS051280.SRX022225.SRR058088",0.528853672589981,0.168754141442183
"1927.SRS011369.SRX020667.SRR045262",0.0421738847442231,-0.119796281689775
"1927.SRS052228.SRX020568.SRR046934",0.438654779460182,0.179113258145145
"1927.SRS021938.SRX020675.SRR047794",0.555166961757979,0.187872537696645
"1927.SRS018757.SRX020525.SRR044536",0.103205100773132,-0.0797795650263687
"1927.SRS019884.SRX020525.SRR044581",-0.033403618306844,-0.0573786462744742
"1927.SRS018997.SRX020520.SRR044614",-0.0664697526497004,-0.27687298266995
"1927.SRS015929.SRX020520.SRR044638",-0.0615155218302536,-0.266255880682653
"1927.SRS011601.SRX020661.SRR044812",-0.115961026979373,-0.218602121710033
"1927.SRS011289.SRX020659.SRR045058",-0.0728483053436876,-0.240601558947705
"1927.SRS042678.SRX020575.SRR045839",0.058257774286853,-0.00562370523867016
"1927.SRS055787.SRX020575.SRR047612",0.436831649819959,0.100333810495284
"1927.SRS020206.SRX020683.SRR048340",0.535864418629874,0.195608729618874
"1927.SRS047320.SRX020567.SRR049453",0.526224110663548,0.222956299569271
"1927.SRS021133.SRX022097.SRR057663",-0.081346616587098,-0.212970076759089
"1927.SRS020653.SRX022097.SRR057663",-0.21894651311886,0.169382025635405
"1927.SRS063984.SRX022224.SRR058087",-0.231707403199738,0.234326528301152
"1927.SRS063783.SRX022224.SRR058087",-0.234302645615711,0.111905114413289
"1927.SRS063318.SRX022232.SRR058094",-0.0463626285589949,-0.218775197423749
"1927.SRS062583.SRX022156.SRR058115",-0.0741691551812502,-0.203335316315275
"1927.SRS015143.SRX020547.SRR045776",0.284992043330097,0.00348864537670034
"1927.SRS015143.SRX020557.SRR046089",0.220308968324617,-0.0377011705528731
"1927.SRS019775.SRX020525.SRR044554",0.158386654287313,-0.0713471278476044
"1927.SRS046325.SRX022228.SRR058091",0.0511637801078047,-0.114126261779983
"1927.SRS054998.SRX020547.SRR045791",0.00599676535120156,-0.0296079409468481
"1927.SRS014283.SRX020557.SRR046101",-0.0426668696252581,0.0891915104189106
"1927.SRS054998.SRX020557.SRR046105",0.00499803491472185,-0.0313418124115453
"1927.SRS014283.SRX020547.SRR047566",-0.045130430954553,0.0927127296891459
"1927.SRS015113.SRX020555.SRR049330",-0.164717717474477,0.125572686475443
"1927.SRS042716.SRX020574.SRR049826",0.265564660040466,0.0409831888186245
"1927.SRS023454.SRX020683.SRR048346",-0.122071488794252,0.022851304354797
"1927.SRS056795.SRX020542.SRR046379",-0.0387176308751579,0.0187721217552959
"1927.SRS048692.SRX020670.SRR046361",-0.156231337281582,0.0408543471982937
"1927.SRS046505.SRX020567.SRR046586",0.260128868441844,-0.000450035617964811
"1927.SRS056515.SRX020567.SRR046767",0.539535870969459,0.214584803220341
"1927.SRS011499.SRX020571.SRR045468",0.0702171494993111,-0.0734266009994206
"1927.SRS045920.SRX020568.SRR046849",0.068189275339351,-0.184289197215998
"1927.SRS018647.SRX020575.SRR045843",0.40624542273392,0.114234978764065
"1927.SRS011525.SRX020663.SRR045143",0.0727624520955794,-0.231770568475884
"1927.SRS011180.SRX020537.SRR045391",0.024016077170116,-0.179964935651135
"1927.SRS011180.SRX020570.SRR045459",0.0407058629756141,-0.178396982417352
"1927.SRS023448.SRX020676.SRR047880",-0.0885660294271734,-0.248761677688251
"1927.SRS014605.SRX020555.SRR045730",-0.0560582707989558,-0.234561988315357
"1927.SRS048240.SRX022224.SRR058087",-0.0491342051534026,-0.231312720222862
"1927.SRS049760.SRX020557.SRR046100",0.533890963017757,0.177111938245962
"1927.SRS014446.SRX020511.SRR045634",0.059727128261443,-0.144858522475903
"1927.SRS062510.SRX022225.SRR058088",0.079489482871602,-0.112786978107853
"1927.SRS019001.SRX020520.SRR044636",0.447717518347778,0.120778698679203
"1927.SRS023083.SRX020676.SRR047836",0.549382893966094,0.190982156460761
"1927.SRS015137.SRX020574.SRR043871",0.575766277562565,0.181799855131762
"1927.SRS014617.SRX020574.SRR043855",0.583341894528851,0.183133970959649
"1927.SRS015609.SRX020539.SRR044149",0.542349256101824,0.137957480212692
"1927.SRS016313.SRX020516.SRR044357",0.563693024981215,0.198550700413486
"1927.SRS015603.SRX020525.SRR044545",0.162140633652218,-0.0532275796337181
"1927.SRS015334.SRX020525.SRR044524",0.137704877750497,-0.0677223171411501
"1927.SRS015601.SRX020525.SRR044527",0.161250783415519,-0.0647356709625488
"1927.SRS016311.SRX020525.SRR044528",0.122826229603514,-0.0137471109265661
"1927.SRS016020.SRX020525.SRR044534",0.155958947049793,-0.0691156268066575
"1927.SRS016257.SRX020525.SRR047445",0.180596396834381,-0.0584647783081481
"1927.SRS015336.SRX020525.SRR044572",0.162347714095893,-0.0634416455453443
"1927.SRS016048.SRX020525.SRR044575",0.138922751131031,-0.0732479555735801
"1927.SRS015952.SRX020525.SRR044569",0.107439954037081,-0.100987207273606
"1927.SRS016259.SRX020525.SRR044577",0.169562336975421,-0.0610705317028601
"1927.SRS019081.SRX020564.SRR044719",0.571317753406837,0.194429661789167
"1927.SRS019087.SRX020545.SRR044734",0.415256258192,0.120438478002319
"1927.SRS019079.SRX020545.SRR044751",0.573942341522987,0.198419010097149
"1927.SRS015448.SRX020545.SRR044752",0.336739773344681,0.0565625164140832
"1927.SRS011575.SRX020661.SRR044767",0.558978312942973,0.195283591231195
"1927.SRS011575.SRX020659.SRR044993",0.55427966224005,0.196330896555798
"1927.SRS011608.SRX020663.SRR045148",0.508217933213232,0.150135449612617
"1927.SRS011608.SRX020667.SRR045227",0.50701578536486,0.150013968457798
"1927.SRS011377.SRX020537.SRR045381",0.577408087539958,0.171998810647726
"1927.SRS011578.SRX020662.SRR045401",0.212980739844841,-0.0967839646453346
"1927.SRS011377.SRX020570.SRR045453",0.583937057221182,0.176378162549683
"1927.SRS011441.SRX020571.SRR045475",0.581599421651194,0.198955789441499
"1927.SRS045406.SRX020543.SRR045559",0.581541915116486,0.201190547251188
"1927.SRS051449.SRX020575.SRR046011",0.57543345098738,0.204072565368399
"1927.SRS043234.SRX020575.SRR045836",0.577965267403422,0.20010753070168
"1927.SRS018916.SRX020575.SRR046009",0.519569209415569,0.184583884274861
"1927.SRS042989.SRX020575.SRR046012",0.577726156030621,0.199833165671982
"1927.SRS019500.SRX020575.SRR046013",0.522995224503868,0.19303915812687
"1927.SRS014770.SRX020536.SRR046120",0.353985476576867,0.000356417341626032
"1927.SRS054800.SRX020563.SRR046399",0.570516990054994,0.196272575622139
"1927.SRS054431.SRX020549.SRR046481",0.555411308423244,0.186064769932254
"1927.SRS055988.SRX020549.SRR046487",0.583654649803921,0.20134431649601
"1927.SRS047177.SRX020549.SRR046489",0.577668287864203,0.189649475434663
"1927.SRS051242.SRX020549.SRR046495",0.571590517162241,0.19711401733254
"1927.SRS050616.SRX020567.SRR046579",0.573376686826031,0.200990185228677
"1927.SRS056240.SRX020567.SRR046718",0.370571722536528,0.0613998266336072
"1927.SRS049002.SRX020567.SRR046645",0.532615572861701,0.180993250664512
"1927.SRS051170.SRX020567.SRR046671",0.523639880656515,0.202823347650287
"1927.SRS043455.SRX020567.SRR046674",0.583165952532864,0.196551748631015
"1927.SRS057750.SRX020567.SRR046687",0.545625802616964,0.191494991324913
"1927.SRS052566.SRX020567.SRR046693",0.574494916024467,0.179735984295402
"1927.SRS063293.SRX020512.SRR046963",0.520808430100896,0.200282328697247
"1927.SRS063429.SRX020532.SRR046970",0.502575452971172,0.193368068844305
"1927.SRS055669.SRX020580.SRR047188",0.249956852565265,-0.00363040313254987
"1927.SRS019081.SRX020545.SRR047459",0.570607920597047,0.193328143418686
"1927.SRS018958.SRX020575.SRR047607",0.579768342786617,0.199185518242402
"1927.SRS018960.SRX020575.SRR047609",0.574261667655926,0.200884249639495
"1927.SRS042289.SRX020677.SRR047968",0.578903309328945,0.199174056694224
"1927.SRS052195.SRX020677.SRR048002",0.577693779550203,0.200603116937515
"1927.SRS049098.SRX020549.SRR049395",0.527966044556352,0.177049845262857
"1927.SRS046963.SRX020549.SRR049398",0.575041846613082,0.197229118425531
"1927.SRS055821.SRX020549.SRR049399",0.578244502795406,0.198666914217106
"1927.SRS055924.SRX020567.SRR049497",0.555446085219439,0.17827346070675
"1927.SRS057843.SRX020567.SRR049503",0.583721565914662,0.201344605912137
"1927.SRS020620.SRX022097.SRR057663",0.513532729817872,0.167725924485421
"1927.SRS047486.SRX022225.SRR058088",0.580899294953482,0.197374083552286
"1927.SRS065076.SRX022225.SRR058088",0.569211078826339,0.18784500727475
"1927.SRS050604.SRX022225.SRR058088",0.551813458950272,0.16955127749776
"1927.SRS043291.SRX022225.SRR058088",0.46279341455323,0.2719933244879
"1927.SRS058328.SRX022225.SRR058088",0.537014207431409,0.190097811738825
"1927.SRS049647.SRX022225.SRR058088",0.573746279336627,0.190917323369191
"1927.SRS042117.SRX022225.SRR058088",0.579011926397529,0.194274511663759
"1927.SRS046142.SRX022225.SRR058088",0.568873915341594,0.188330848547185
"1927.SRS052185.SRX022225.SRR058088",0.546877276381439,0.206348505003136
"1927.SRS046412.SRX022225.SRR058088",0.560362067841359,0.16911063187976
"1927.SRS058051.SRX022225.SRR058088",0.505657902684994,0.157113227374329
"1927.SRS062898.SRX022228.SRR058091",0.280466702577217,0.0133425604275739
"1927.SRS064735.SRX022228.SRR058091",0.545628817196381,0.181979827270554
"1927.SRS065718.SRX022228.SRR058091",0.519454895518388,0.166558904793004
"1927.SRS064586.SRX022228.SRR058091",0.515951278106102,0.16325269812196
"1927.SRS023338.SRX022232.SRR058094",0.46268035370288,0.123559401787726
"1927.SRS051865.SRX022244.SRR058107",0.257384419243921,-0.00695731607338355
"1927.SRS049955.SRX022244.SRR058107",0.492653989087512,0.143411708361289
"1927.SRS052268.SRX022244.SRR058107",0.557039018074116,0.185349824188837
"1927.SRS054232.SRX022244.SRR058107",0.559627260512071,0.177952523076677
"1927.SRS057943.SRX022244.SRR058107",0.502784567615771,0.159976368367993
"1927.SRS058818.SRX022244.SRR058107",0.567908540531351,0.190985888099485
"1927.SRS047886.SRX022244.SRR058107",0.544484395975782,0.173288431548568
"1927.SRS046038.SRX022244.SRR058107",0.576187656618429,0.192641739604733
"1927.SRS051535.SRX022244.SRR058107",0.555185438453099,0.179207863430517
"1927.SRS054126.SRX022244.SRR058107",0.342324931973226,0.0298618296859035
"1927.SRS056770.SRX022244.SRR058107",0.580100527767173,0.195773479287257
"1927.SRS014921.SRX020555.SRR045702",-0.120625670021256,-0.227737095535116
"1927.SRS014603.SRX020555.SRR045672",-0.0592747501529879,-0.273772544451013
"1927.SRS063793.SRX020519.SRR047006",0.0730606173974902,-0.238981458860308
"1927.SRS021577.SRX020675.SRR047807",0.279420012399714,0.0645431434360288
"1927.SRS063383.SRX022224.SRR058087",-0.0385583978709159,-0.247844434817855
"1927.SRS055028.SRX022244.SRR058107",0.513896637554531,0.166513225275391
"1927.SRS056219.SRX022156.SRR058115",-0.110597583527771,0.053462957108222
"1927.SRS044351.SRX022156.SRR058115",-0.0531688850962221,-0.179870702928479
"1927.SRS058077.SRX020540.SRR047123",0.0658710882576099,-0.184805198093797
"1927.SRS014546.SRX020546.SRR043679",0.0714824432368215,-0.200189478828159
"1927.SRS015348.SRX020577.SRR043971",0.0735222405189735,-0.198552963359832
"1927.SRS064034.SRX020569.SRR046664",0.0714672318560546,-0.236588462786595
"1927.SRS055956.SRX020577.SRR049841",0.0727471870313384,-0.198033747782371
"1927.SRS015858.SRX020574.SRR049823",0.542192755020485,0.203986314676617
"1927.SRS065022.SRX020512.SRR046884",0.347863270049213,-0.00481915436128707
"1927.SRS014331.SRX020536.SRR046126",0.116566103078502,-0.136579062047649
"1927.SRS056523.SRX020580.SRR047146",0.392509269415343,0.113581003442504
"1927.SRS016097.SRX020525.SRR044543",0.106599722310507,-0.105691860802169
"1927.SRS019779.SRX020525.SRR044535",0.0753040654781011,-0.111692575560813
"1927.SRS011444.SRX020571.SRR045484",0.115049612985686,-0.144237507928468
"1927.SRS052382.SRX020542.SRR046383",-0.0390252458302011,0.0316914547945899
"1927.SRS011645.SRX020661.SRR044840",0.089098824862297,-0.0957191396050496
"1927.SRS011645.SRX020659.SRR045063",0.0936466023705014,-0.0950805567257148
"1927.SRS046741.SRX020575.SRR046025",0.308775434358393,0.136804341248019
"1927.SRS053351.SRX020547.SRR045754",0.169962957747321,-0.107300642038877
"1927.SRS053351.SRX020557.SRR046073",0.11461083570527,-0.137209361451868
"1927.SRS023446.SRX020676.SRR047881",-0.0723314955288891,-0.250097804129333
"1927.SRS014599.SRX020555.SRR045681",-0.156332841321247,-0.21310774241109
"1927.SRS014819.SRX020555.SRR045690",-0.0774103532390985,-0.220903806125966
"1927.SRS023456.SRX020683.SRR048348",0.00326958716193872,-0.194748087474498
"1927.SRS044872.SRX020575.SRR049338",0.105661639814711,-0.13447667721618
"1927.SRS044192.SRX022156.SRR058115",-0.0435824932340274,-0.132137500500017
"1927.SRS054932.SRX022225.SRR058088",0.548171294514504,0.179890417190922
"1927.SRS015001.SRX020547.SRR047563",0.114707926346277,-0.14726899961452
"1927.SRS015001.SRX020557.SRR049355",0.115196328774951,-0.147732487067065
"1927.SRS011380.SRX020664.SRR045431",0.515271157580423,0.164751038109563
"1927.SRS020811.SRX022097.SRR057663",0.0626364064277311,-0.144188030884535
"1927.SRS014241.SRX020536.SRR046122",0.117955758661853,-0.150317160028163
"1927.SRS057499.SRX020567.SRR046721",0.127888306169478,-0.0836395997811461
"1927.SRS014572.SRX020555.SRR045726",0.0714915076939733,-0.157953258192559
"1927.SRS014667.SRX020511.SRR045646",0.570227393107422,0.191229622404878
"1927.SRS044071.SRX020567.SRR046630",0.570209718347101,0.199549568707854
"1927.SRS052937.SRX020554.SRR043710",0.231519968000688,-0.0199239330370351
"1927.SRS011584.SRX020659.SRR044996",0.0573231032000055,-0.149236862131545
"1927.SRS011578.SRX020664.SRR045424",0.195690809937077,-0.108385428486522
"1927.SRS011642.SRX020571.SRR045479",0.137136516164719,-0.122827007708628
"1927.SRS022321.SRX022232.SRR058094",0.543632888512257,0.151932878568928
"1927.SRS019629.SRX020557.SRR046066",0.1360093948568,-0.0980602566767463
"1927.SRS015141.SRX020536.SRR046119",0.111931981564383,-0.142803705719707
"1927.SRS014925.SRX020574.SRR049866",0.56203339469806,0.167369878223962
"1927.SRS015017.SRX020557.SRR046081",-0.0150431330591572,0.00267251544691692
"1927.SRS064076.SRX022232.SRR058094",-0.049000087986256,-0.258284494256641
"1927.SRS014778.SRX020554.SRR043829",0.072078835507151,-0.234313464315994
"1927.SRS015448.SRX020564.SRR044726",0.345780599611977,0.0623977194390609
"1927.SRS011641.SRX020570.SRR046239",0.549451464880782,0.186769612447582
"1927.SRS062703.SRX020512.SRR047070",0.0103303988118707,-0.132275498795612
"1927.SRS015860.SRX020536.SRR047634",0.124286653274826,-0.0998410959811941
"1927.SRS044027.SRX020514.SRR049469",-0.0111194193589358,-0.152724970344873
"1927.SRS015903.SRX020510.SRR044592",0.557919742022269,0.196823772808662
"1927.SRS011641.SRX020537.SRR045400",0.540419915667792,0.179430686773558
"1927.SRS056473.SRX020670.SRR047665",0.532027455102928,0.172122641445276
"1927.SRS019369.SRX020575.SRR045826",0.140788770234457,-0.0652641124149388
"1927.SRS015342.SRX020577.SRR044038",0.201590212155086,-0.0341106265285793
"1927.SRS049388.SRX020670.SRR046344",0.342646807993321,0.0511197933915296
"1927.SRS014321.SRX020555.SRR045674",-0.130046019292155,-0.237020894664937
"1927.SRS014335.SRX020536.SRR046129",0.0923430465171104,-0.165635858670697
"1927.SRS063770.SRX020512.SRR046954",0.321980954525646,0.118782285583725
"1927.SRS065194.SRX020512.SRR047069",0.0212192683764935,-0.147547054180201
"1927.SRS015909.SRX020520.SRR044631",0.346704128367164,0.151556783516712
"1927.SRS063861.SRX020512.SRR047064",0.516552142472395,0.148495904913392
"1927.SRS062893.SRX020512.SRR047073",0.190592952793898,-0.0520573381998335
"1927.SRS047732.SRX020542.SRR047682",-0.155083294789062,-0.111539904161511
"1927.SRS020204.SRX020676.SRR047871",0.508719662200229,0.182248498992385
"1927.SRS024547.SRX020677.SRR047942",0.115255920887635,-0.0837743873338236
"1927.SRS062845.SRX020527.SRR047163",-0.0359644835019801,-0.142893251574687
"1927.SRS020206.SRX020676.SRR047873",0.52267749306427,0.189380119717215
"1927.SRS015864.SRX020554.SRR043720",0.544658648473027,0.17034085389338
"1927.SRS014667.SRX020543.SRR047546",0.574770294597505,0.196912653062555
"1927.SRS055871.SRX020567.SRR046716",0.115120044080743,-0.102945623242407
"1927.SRS015450.SRX020564.SRR044732",0.4994108603295,0.150834385591468
"1927.SRS050910.SRX020542.SRR047685",-0.116277119060496,-0.107398035591085
"1927.SRS044681.SRX020549.SRR046475",0.376651667086183,0.0215141227719039
"1927.SRS057907.SRX020567.SRR046594",0.559827057561875,0.201903706371075
"1927.SRS016182.SRX020539.SRR044178",0.524869762371346,0.160692875319582
"1927.SRS048987.SRX020567.SRR046783",0.193105362368315,0.0542401731448173
"1927.SRS046796.SRX020542.SRR046374",-0.226483828389808,0.0558728684390453
"1927.SRS019882.SRX020525.SRR044525",0.0880088506029005,-0.0919888905453455
"1927.SRS018807.SRX020525.SRR044576",0.176417375129608,-0.0872673463072106
"1927.SRS019097.SRX020538.SRR044661",-0.0111194193589358,-0.152724970344873
"1927.SRS015450.SRX020545.SRR044758",0.490013137878005,0.148255096443945
"1927.SRS019087.SRX020564.SRR047452",0.405280792234524,0.113331632010992
"1927.SRS011573.SRX020659.SRR045001",0.562648250278731,0.194100864005604
"1927.SRS017189.SRX020663.SRR045177",-0.00820258597743979,-0.148709549959104
"1927.SRS014933.SRX020555.SRR045720",0.351976686633114,0.0567757694572378
"1927.SRS014917.SRX020555.SRR045724",-0.197343041779138,0.113032528432669
"1927.SRS015407.SRX020555.SRR045738",-0.0921280930695007,-0.268597211882227
"1927.SRS018698.SRX020575.SRR046024",0.472554974818649,0.120742806407415
"1927.SRS053765.SRX020542.SRR047689",-0.0900787239647502,-0.214146323830706
"1927.SRS047127.SRX020567.SRR046668",0.441048042485534,0.106137504081573
"1927.SRS053492.SRX020567.SRR046713",0.0390376960859701,-0.125606240637649
"1927.SRS049430.SRX020567.SRR046731",0.032704135428171,-0.164488911340858
"1927.SRS047422.SRX020567.SRR046733",0.583676583484841,0.20002974971659
"1927.SRS065666.SRX020532.SRR047050",0.338012218142287,0.0696071114601445
"1927.SRS065533.SRX020512.SRR047072",0.357606647983398,0.19943576176605
"1927.SRS052584.SRX020540.SRR047294",0.0712235110211511,-0.199189514563245
"1927.SRS022516.SRX020676.SRR047899",0.20341093000151,-0.0352891871431149
"1927.SRS053393.SRX020567.SRR049452",0.200046177297411,0.000977899012020693
"1927.SRS063926.SRX020549.SRR049396",0.461639222323552,0.128159674672309
"1927.SRS063964.SRX020512.SRR049578",0.05299605224472,-0.138587312690791
"1927.SRS021135.SRX022097.SRR057663",-0.0891241047951767,-0.224651069611913
"1927.SRS021101.SRX022097.SRR057663",0.0753851510698211,-0.0972454907980362
"1927.SRS020669.SRX022097.SRR057663",0.518897997616409,0.171149960400563
"1927.SRS050217.SRX022225.SRR058088",0.511144683250499,0.16908939436592
"1927.SRS062748.SRX022228.SRR058091",0.532973762652937,0.171421578735192
"1927.SRS022693.SRX022232.SRR058094",-0.00947337088892381,-0.160535422900799
"1927.SRS053593.SRX022244.SRR058107",0.207968104268236,-0.0400454405332337
"1927.SRS049958.SRX022156.SRR058115",-0.0111194193589358,-0.152724970344873
"1927.SRS018860.SRX020575.SRR049348",0.564070759794728,0.188888180027963
"1927.SRS042498.SRX020574.SRR043851",0.421507576153621,0.0661166376594827
"1927.SRS014772.SRX020536.SRR046125",0.114744709564159,-0.141868707403854
"1927.SRS044546.SRX020567.SRR046652",0.0907062247069092,-0.121835845231054
"1927.SRS063908.SRX020512.SRR046957",0.106155172327638,-0.133852488023557
"1927.SRS011294.SRX020570.SRR049323",0.123340916053334,-0.139541327313546
"1927.SRS056350.SRX020567.SRR049483",0.158505628361341,-0.0182247934263788
"1927.SRS045406.SRX020574.SRR043849",0.580249195076886,0.198328633477375
"1927.SRS014458.SRX020543.SRR045577",0.355334242380018,0.0516808844872066
"1927.SRS011294.SRX020537.SRR045398",0.11577738352336,-0.144365610475218
"1927.SRS058165.SRX020527.SRR047166",-0.0158070186974019,-0.0267131041477004
"1927.SRS023516.SRX020677.SRR047953",0.566681663776281,0.195952213300628
"1927.SRS014613.SRX020555.SRR045715",0.07071414485949,-0.159563315336347
"1927.SRS011378.SRX020571.SRR045472",0.115512137745315,-0.13830450608267
"1927.SRS049559.SRX020527.SRR047182",0.0322125017513675,-0.135774355778247
"1927.SRS014452.SRX020543.SRR045583",0.49372852816715,0.120805292375306
"1927.SRS014450.SRX020543.SRR045565",0.478048662137083,0.0827910490401771
"1927.SRS051884.SRX020567.SRR049500",0.180031514880901,-0.0176582162542553
"1927.SRS011573.SRX020661.SRR044774",0.56298722210281,0.191677646430329
"1927.SRS016984.SRX020571.SRR045488",0.0698887662606288,-0.122616254189391
"1927.SRS014572.SRX020546.SRR043690",0.0673821594046127,-0.15359575055247
"1927.SRS014237.SRX020574.SRR049830",0.513599841136115,0.148263571508922
"1927.SRS011279.SRX020661.SRR047466",0.48270623574701,0.141466776746684
"1927.SRS063079.SRX020512.SRR046964",0.108921676738067,-0.132204832345387
"1927.SRS019451.SRX020575.SRR046028",0.269083130991611,-0.0358026777275548
"1927.SRS043642.SRX020514.SRR046796",-0.0115221216978234,-0.147663170319494
"1927.SRS014665.SRX020574.SRR049870",0.577835319228654,0.166450280351304
"1927.SRS053420.SRX020514.SRR046799",0.0475761895181094,-0.114833339660825
"1927.SRS011499.SRX020667.SRR045271",0.0544151561801858,-0.113927494144027
"1927.SRS065402.SRX020512.SRR047065",0.349041444964625,-0.0100825618406491
"1927.SRS014454.SRX020547.SRR045742",0.166639862325478,-0.123555041273229
"1927.SRS014454.SRX020557.SRR047617",0.17983813956427,-0.126676529645076
"1927.SRS057789.SRX020514.SRR049501",0.0173953320135993,-0.0551073200455414
"1927.SRS011675.SRX020663.SRR045205",0.498481356973808,0.132872243014145
"1927.SRS011675.SRX020667.SRR045279",0.516061197699295,0.127961965414412
"1927.SRS055412.SRX020575.SRR047600",0.563807304429225,0.159190597268386
"1927.SRS014833.SRX020546.SRR047379",0.470262135077213,0.139922531782286
"1927.SRS057895.SRX020567.SRR046596",0.543181529380409,0.209664170621669
"1927.SRS043993.SRX020547.SRR045787",0.031502513767988,-0.0949274397099079
"1927.SRS043993.SRX020557.SRR046098",0.02950097332131,-0.0851290344675689
"1927.SRS011292.SRX020537.SRR045395",0.108384390079767,-0.141559770879793
"1927.SRS056067.SRX020549.SRR046498",0.572821220681082,0.192103118853591
"1927.SRS058193.SRX020567.SRR049445",0.379215559915101,0.150682045539348
"1927.SRS018765.SRX020516.SRR044336",0.0779904018415552,-0.246192886250729
"1927.SRS055825.SRX020670.SRR046336",0.0704857859789494,-0.232223300607415
"1927.SRS049947.SRX020670.SRR046358",0.0715042013371927,-0.232559963139701
"1927.SRS049396.SRX020540.SRR047121",0.0708111161840047,-0.220677224167696
"1927.SRS045850.SRX020540.SRR047285",0.0706886423542163,-0.230333408916012
"1927.SRS015423.SRX020546.SRR049218",0.069798293229217,-0.233038656879874
"1927.SRS015425.SRX020546.SRR047385",0.0705988824192154,-0.233794922414311
"1927.SRS051255.SRX020543.SRR045606",0.0582781645326593,-0.147136040212136
"1927.SRS056207.SRX020540.SRR047281",0.0678652717874357,-0.184625269322763
"1927.SRS015147.SRX020546.SRR047380",0.0727123177266003,-0.239116267442279
"1927.SRS018543.SRX020516.SRR044364",0.0682724069951728,-0.183961781584623
"1927.SRS015425.SRX020555.SRR047559",0.0692955419931445,-0.227616014390145
"1927.SRS058650.SRX020550.SRR047715",0.0713709313911122,-0.233924436865771
"1927.SRS045752.SRX020574.SRR043872",0.316063291721607,-0.0375896895839959
"1927.SRS052612.SRX020567.SRR046648",0.101251747066739,-0.218494726789674
"1927.SRS014291.SRX020574.SRR043856",0.372612529466476,0.00751181831558078
"1927.SRS023089.SRX020676.SRR047842",0.0683657349143824,-0.184255060979708
"1927.SRS046080.SRX022224.SRR058087",0.0692598104833646,-0.188052087722034
"1927.SRS051696.SRX022244.SRR058107",0.532684983764603,0.171018908046386
"1927.SRS058122.SRX020536.SRR046131",0.0966228250674148,-0.149048863646212
"1927.SRS055001.SRX020527.SRR047170",0.417889665218001,0.142615394161353
"1927.SRS016263.SRX020525.SRR044522",0.105126157558331,-0.102088381194663
"1927.SRS050370.SRX020527.SRR047159",0.0459007388679696,-0.147713684818545
"1927.SRS043360.SRX020527.SRR047171",0.371705038811859,0.0786368888117925
"1927.SRS021093.SRX022097.SRR057663",0.498788497629121,0.153141941137307
"1927.SRS023399.SRX022228.SRR058091",0.0618425789859295,-0.107571040187488
"1927.SRS019449.SRX020575.SRR045828",0.582137490781247,0.199286002835853
"1927.SRS014550.SRX020546.SRR043671",0.070706487373355,-0.19786058336846
"1927.SRS050125.SRX020575.SRR045821",0.310775122760249,0.113600481851753
"1927.SRS014776.SRX020536.SRR047632",0.540226469332004,0.168799870701517
"1927.SRS042648.SRX020567.SRR046602",0.215481615817524,-0.0439161487212377
"1927.SRS057421.SRX020567.SRR046724",0.563708952793599,0.204588966502686
"1927.SRS046755.SRX020567.SRR049467",0.200157318100797,-0.0676621611009022
"1927.SRS055888.SRX020567.SRR046774",0.0485082275084807,-0.172266196134969
"1927.SRS054927.SRX020567.SRR046588",0.0522807647226993,-0.117844942327088
"1927.SRS015017.SRX020547.SRR045766",-0.0245487673209211,0.0108902408252246
"1927.SRS020147.SRX020676.SRR047856",0.561950972071935,0.181204427861363
"1927.SRS049491.SRX020677.SRR048005",0.069537968019921,-0.186011319071771
"1927.SRS057466.SRX022156.SRR058115",0.0615044094318226,-0.180175167286213
"1927.SRS014623.SRX020555.SRR047557",0.250443411954343,-0.01603454914693
"1927.SRS053553.SRX020549.SRR046490",0.578782415767969,0.189142183144478
"1927.SRS011441.SRX020663.SRR045206",0.0747459684500326,-0.105188816445507
"1927.SRS018966.SRX020572.SRR045978",0.58139303422918,0.184493997874648
"1927.SRS057290.SRX020542.SRR047684",0.0264045897785005,-0.16200501170034
"1927.SRS020845.SRX022097.SRR057663",0.365610718546935,0.0427090520161238
"1927.SRS057864.SRX022225.SRR058088",0.536840152041953,0.187971808872811
"1927.SRS021095.SRX022097.SRR057663",0.468460755912246,0.137332073013944
"1927.SRS065604.SRX022232.SRR058094",0.0714225824875026,-0.200014577231754
"1927.SRS014968.SRX020574.SRR043842",0.471079759918122,0.0829439481467007
"1927.SRS049599.SRX020543.SRR045563",0.570787301037948,0.190245854740947
"1927.SRS043848.SRX020567.SRR046590",0.510000642302711,0.145654856281349
"1927.SRS044477.SRX020567.SRR046711",0.484226350730174,0.137688642290425
"1927.SRS051089.SRX020527.SRR047183",0.37636406583936,0.0653228531987378
"1927.SRS043573.SRX020549.SRR046493",0.579262813374847,0.19926320436137
"1927.SRS049599.SRX020574.SRR043843",0.569241017213394,0.188930960541879
"1927.SRS015283.SRX020574.SRR043859",0.561645802813087,0.189848138868439
"1927.SRS015285.SRX020574.SRR043875",0.566076501767186,0.192278187033207
"1927.SRS016103.SRX020525.SRR047446",0.137815444286777,-0.16165262304918
"1927.SRS018809.SRX020525.SRR044552",0.165209273380238,-0.0530465038580579
"1927.SRS016307.SRX020525.SRR044548",0.103576325307785,-0.0744914817906619
"1927.SRS052160.SRX020567.SRR046599",0.368058178782608,0.0891256790408364
"1927.SRS047636.SRX020567.SRR046626",0.412721500934432,0.0785564712552983
"1927.SRS011609.SRX020663.SRR045210",0.0492614190090576,-0.124298877679457
"1927.SRS052219.SRX020511.SRR045620",0.35795089122476,0.00729469064847332
"1927.SRS019777.SRX020557.SRR046088",0.393400997915585,-0.00401356086150277
"1927.SRS019447.SRX020575.SRR045824",0.419453981501131,0.109743061250493
"1927.SRS050555.SRX020575.SRR046027",0.16898201313549,-0.0836278401928747
"1927.SRS023458.SRX020676.SRR047884",0.562601968907584,0.189845242024411
"1927.SRS024541.SRX020677.SRR047952",0.562862907392715,0.189818183910951
"1927.SRS049278.SRX020677.SRR047967",0.576872983301508,0.201251985540473
"1927.SRS048741.SRX020549.SRR049397",0.586429814593593,0.198917620557113
"1927.SRS057481.SRX022244.SRR058107",0.552458747054582,0.174616914157362
"1927.SRS054708.SRX022244.SRR058107",0.560003000180114,0.177459631874285
"1927.SRS050307.SRX022244.SRR058107",0.55711869533425,0.181629208497428
"1927.SRS051099.SRX022244.SRR058107",0.517896953113224,0.149768806497262
"1927.SRS045280.SRX020549.SRR046491",0.500373595854185,0.107537068002777
"1927.SRS015005.SRX020547.SRR045747",0.195539916832543,-0.102610940990788
"1927.SRS015005.SRX020557.SRR046067",0.212364587343251,-0.0922457184995446
"1927.SRS015510.SRX020547.SRR045739",0.115169322636195,-0.137513572860854
"1927.SRS052485.SRX020574.SRR043861",0.586898885463961,0.172494448168969
"1927.SRS055748.SRX020567.SRR046628",0.553439082247664,0.162933782206576
"1927.SRS047772.SRX020574.SRR043904",0.588210912535137,0.191604494482499
"1927.SRS014768.SRX020536.SRR046127",0.428395674228084,0.0560573197383779
"1927.SRS049599.SRX020511.SRR047553",0.575051435901407,0.186433513785159
"1927.SRS047507.SRX022225.SRR058088",0.553929426835294,0.188566592586793
"1927.SRS046941.SRX020567.SRR046669",0.563792097199688,0.196104473708354
"1927.SRS014448.SRX020543.SRR045589",0.0586606214690809,-0.151198104767407
"1927.SRS015135.SRX020536.SRR046115",0.503029555198227,0.100245398284826
"1927.SRS014295.SRX020536.SRR049356",0.123069431021134,-0.148417186222689
"1927.SRS014621.SRX020536.SRR046132",0.117733567405746,-0.14074727116486
"1927.SRS011434.SRX020663.SRR045194",0.253731840603919,-0.0335714315852696
"1927.SRS011434.SRX020667.SRR045268",0.165591725029483,-0.0801766866677831
"1927.SRS022950.SRX020683.SRR048327",0.0471910321130355,-0.171625233447006
"1927.SRS054463.SRX020567.SRR046686",0.0836866249304998,-0.116651115883033
"1927.SRS015149.SRX020546.SRR047366",0.0721813302913348,-0.23996822535607
"1927.SRS049668.SRX020511.SRR045652",0.568506066489415,0.186695987446715
"1927.SRS047625.SRX020514.SRR046803",0.0415867723683062,-0.125238098390852
"1927.SRS064033.SRX020569.SRR049475",0.0731487706238536,-0.241329429533678
"1927.SRS019629.SRX020547.SRR045746",0.117122805381118,-0.106009324438297
"1927.SRS043968.SRX020567.SRR046764",-0.0110046951237984,-0.0335284636784464
"1927.SRS014774.SRX020574.SRR049825",0.104995033515626,-0.158954472628279
"1927.SRS019453.SRX020575.SRR047611",0.363147193626851,0.0187468122705964
"1927.SRS014970.SRX020574.SRR049822",0.400872765044226,0.0462987270491864
"1927.SRS043804.SRX020544.SRR045921",0.0485599504749843,-0.114262615197894
"1927.SRS053478.SRX020543.SRR047542",0.0575346436475218,-0.145728606098124
"1927.SRS014448.SRX020511.SRR045622",0.0589860823615936,-0.147670304087604
"1927.SRS015149.SRX020555.SRR045671",0.071814383331174,-0.233453929176835
"1927.SRS065347.SRX020569.SRR046662",0.0725294762890585,-0.238886255937098
"1927.SRS056561.SRX022224.SRR058087",0.0718616246043687,-0.235514814835996
"1927.SRS015442.SRX020564.SRR044729",0.570295922223608,0.190114966386822
"1927.SRS015442.SRX020545.SRR044755",0.569521993467576,0.189095889959639
"1927.SRS054332.SRX020567.SRR046779",0.350673890435203,0.022873830671803
"1927.SRS043395.SRX020543.SRR045584",0.056987649539758,-0.143003427589365
"1927.SRS015145.SRX020555.SRR045678",0.0769974365532745,-0.235539396356322
"1927.SRS045849.SRX022244.SRR058107",0.566398369663003,0.187288043830204
"1927.SRS021427.SRX022232.SRR058094",0.047232696695223,-0.112316590443163
"1927.SRS011582.SRX020659.SRR045059",0.057551338230123,-0.148810117367488
"1927.SRS014548.SRX020546.SRR043685",0.0713348492026583,-0.198609133623631
"1927.SRS051921.SRX020531.SRR046057",0.0717057084088038,-0.200092203863033
"1927.SRS021149.SRX022097.SRR057663",0.0718229374276504,-0.200845299945863
"1927.SRS021151.SRX022097.SRR057663",0.0716983559675254,-0.200292127186703
"1927.SRS063292.SRX022232.SRR058094",0.0714903424702271,-0.199525954562106
"1927.SRS011677.SRX020667.SRR049310",0.0525034155379914,-0.122961623727814
"1927.SRS044715.SRX022156.SRR058115",0.0613272609321185,-0.18007221189127
"1927.SRS015255.SRX020547.SRR045743",0.269980393054295,-0.0496141874978566
"1927.SRS015255.SRX020557.SRR046063",0.305761541188854,-0.0265585911614504
"1927.SRS017189.SRX020667.SRR045256",-0.0240481736532079,-0.123684086737089
"1927.SRS044943.SRX020575.SRR046016",0.573311380025687,0.195567649210874
"1927.SRS053518.SRX020531.SRR046040",1.4868065627714e-05,-0.156068479278797
"1927.SRS015139.SRX020536.SRR046116",0.10664667829585,-0.14627274130372
"1927.SRS053204.SRX020567.SRR046709",0.0864188909268278,-0.129133219078082
"1927.SRS053773.SRX020567.SRR046695",0.195626417567408,-0.0542345993922659
"1927.SRS049668.SRX020543.SRR045602",0.569943607408706,0.197170318283876
"1927.SRS062443.SRX020512.SRR046952",0.0998448070936118,-0.132593866908564
"1927.SRS016101.SRX020536.SRR047630",0.163337009970792,-0.140152307027685
"1927.SRS058348.SRX020542.SRR046371",0.0361469568710914,-0.130734582082287
"1927.SRS015421.SRX020555.SRR045737",0.069823169735734,-0.230180609953861
"1927.SRS015147.SRX020555.SRR045703",0.0713256025836309,-0.232159770026732
"1927.SRS055771.SRX020536.SRR047629",0.0779528905648296,-0.110132434420206
"1927.SRS011475.SRX020667.SRR045283",0.0440541997524061,-0.118403175091
"1927.SRS058522.SRX020567.SRR046583",-0.0086963001613686,-0.0254205902772776
"1927.SRS044978.SRX020514.SRR049466",-0.0216836955107079,-0.00277432108885816
"1927.SRS056981.SRX020514.SRR046786",0.0357097035185381,-0.121034129309139
"1927.SRS049406.SRX020514.SRR046788",0.0357097035185381,-0.121034129309139
"1927.SRS054236.SRX022244.SRR058107",0.548973136849727,0.177709784183424
"1927.SRS014833.SRX020555.SRR045700",0.509775240104556,0.182246501678948
"1927.SRS021105.SRX022097.SRR057663",0.0742943416970354,-0.233159417506556
"1927.SRS021103.SRX022097.SRR057663",0.0802586401870427,-0.247913170182977
"1927.SRS053637.SRX020567.SRR046706",0.138511911840226,-0.113407227104586
"1927.SRS014538.SRX020536.SRR047627",0.115440913218659,-0.137485112182635
"1927.SRS014546.SRX020555.SRR045714",0.0718040735164424,-0.20038992553812
"1927.SRS044586.SRX022225.SRR058088",0.414845486871966,0.0966656391021826
"1927.SRS011443.SRX020663.SRR045188",-0.032653068736518,-0.0214832645183089
"1927.SRS015962.SRX020557.SRR047626",0.0446022501102404,-0.108190575837722
"1927.SRS011500.SRX020663.SRR045195",0.0623016558752638,-0.139590452575863
"1927.SRS011500.SRX020667.SRR045269",0.0459529999904837,-0.119521975300733
"1927.SRS051229.SRX020575.SRR045827",0.556395123191462,0.190161509437482
"1927.SRS050322.SRX020527.SRR047154",0.0744484419717699,-0.13085791787456
"1927.SRS042324.SRX020557.SRR047622",0.113308408531253,-0.135713387859137
"1927.SRS049668.SRX020574.SRR043852",0.582207053235385,0.198141729140165
"1927.SRS045406.SRX020511.SRR045633",0.582346021692502,0.198864543297207
"1927.SRS014837.SRX020555.SRR047556",0.0700548992341849,-0.232193303273516
"1927.SRS045788.SRX020527.SRR049597",0.0685100257010129,-0.0893174366857911
"1927.SRS014550.SRX020555.SRR045706",0.0713227878041534,-0.197581406060868
"1927.SRS014548.SRX020555.SRR045721",0.0740712336107568,-0.19636394785468
"1927.SRS014339.SRX020555.SRR045695",0.0885753001513362,-0.177447899038397
"1927.SRS014782.SRX020554.SRR043726",0.0703998139438805,-0.232471360726908
"1927.SRS043395.SRX020511.SRR045632",0.0561012543248013,-0.141203069478782
"1927.SRS011442.SRX020668.SRR045135",0.0566362549735931,-0.149002728392815
"1927.SRS021107.SRX022097.SRR057663",0.0712137768698965,-0.226362593839054
"1927.SRS057075.SRX022224.SRR058087",0.0685592186000848,-0.221793648023565
"1927.SRS047943.SRX022224.SRR058087",0.0691652575268516,-0.188338509833498
"1927.SRS053602.SRX022224.SRR058087",0.0690189414085681,-0.186646581071329
"1927.SRS011436.SRX020667.SRR045234",0.557716103895034,0.191290232637142
"1927.SRS046349.SRX020544.SRR047580",0.0619046337838206,-0.141219276301508
"1927.SRS051921.SRX020544.SRR045926",0.0660185509579647,-0.177490378242119
"1927.SRS015510.SRX020557.SRR046060",0.115293257529654,-0.137525599294873
"1927.SRS063791.SRX022228.SRR058091",0.082644174604929,-0.101324536493576
"1927.SRS011438.SRX020667.SRR045238",0.0355590663985563,-0.0887572215221239
"1927.SRS042324.SRX020547.SRR045762",0.112183403972544,-0.134675415178689
"1927.SRS011609.SRX020667.SRR047506",-0.0750645644074124,-0.0483555393854293
"1927.SRS011285.SRX020663.SRR045169",0.0429430650533831,-0.1182063396813
"1927.SRS049834.SRX020544.SRR047577",0.0703666224427435,-0.100039036450804
"1927.SRS044781.SRX020567.SRR046776",0.0547846784824117,-0.123342751113967
"1927.SRS054970.SRX020514.SRR046735",0.0411135198509622,-0.0995951699997722
"1927.SRS019777.SRX020547.SRR045775",0.378554563637107,-0.00500559583232611
"1927.SRS018547.SRX020516.SRR044340",0.0677233048686694,-0.184395341749803
"1927.SRS065236.SRX020528.SRR049489",0.0405835463106338,-0.139464502526672
"1927.SRS056424.SRX020527.SRR047157",0.0965043252731932,-0.129533435406459
"1927.SRS054275.SRX020567.SRR049465",0.0719766944446753,-0.10294609135107
"1927.SRS011498.SRX020663.SRR045201",0.00297223407702855,-0.0357076769179508
"1927.SRS022960.SRX020675.SRR047820",0.0176138523352593,-0.0554936029841381
"1927.SRS045258.SRX020544.SRR047581",0.0176138523352593,-0.0554936029841382
"1927.SRS048396.SRX020514.SRR046781",-0.00450867874125079,-0.0252363158251643
"1927.SRS051364.SRX020514.SRR046798",0.0353551859198693,-0.14883734427447
"1927.SRS054094.SRX020567.SRR049449",0.577318649646573,0.199066491024162
"1927.SRS043278.SRX020527.SRR047160",0.514958384673958,0.194717143731177
"1927.SRS050984.SRX020518.SRR049613",0.557716103895034,0.191290232637142
"1927.SRS015135.SRX020566.SRR046151",0.557716103895034,0.191290232637142
"1927.SRS011441.SRX020667.SRR045280",0.557716103895034,0.191290232637142
"1927.SRS011611.SRX020663.SRR049238",0.557716103895034,0.191290232637142
"1927.SRS044879.SRX020514.SRR049491",0.557716103895034,0.191290232637142
"1927.SRS022743.SRX022232.SRR058094",0.0479727352196566,-0.114018138980219
"1927.SRS053335.SRX020544.SRR049343",0.0521626851768429,-0.123200535902094
"1927.SRS056493.SRX020514.SRR046772",0.0237757612520739,-0.114119478275819
"1927.SRS058622.SRX022241.SRR058097",-0.0293262439968282,-0.149835657394996
"1927.SRS047701.SRX022241.SRR058097",0.0269216540910581,-0.0875678363773454
"1927.SRS052921.SRX020514.SRR046835",0.0473550084795501,-0.112341166681089
"1927.SRS011490.SRX020660.SRR044865",-0.0199151480084772,-0.16559540012658
"1927.SRS063861.SRX020517.SRR046747",0.0677878247465217,-0.184308157205532
"1927.SRS021143.SRX022097.SRR057663",0.0677878247465217,-0.184308157205532
"1927.SRS011499.SRX020663.SRR045198",0.0556991582311889,-0.112682842566464
"1927.SRS021145.SRX022097.SRR057663",0.0556991582311889,-0.112682842566464
"1927.SRS054576.SRX020544.SRR045874",0.0338882030125151,-0.0880089074197899
"1927.SRS011436.SRX020663.SRR045154",0.0485210086427791,-0.113248687499906
"1927.SRS043338.SRX022156.SRR058115",0.0538908069358337,-0.143624689296838
"1927.SRS051657.SRX020514.SRR046682",-0.0123343387094523,-0.163253664056038
"1927.SRS053925.SRX020544.SRR045863",-0.0123343387094523,-0.163253664056038
"1927.SRS044813.SRX020544.SRR047576",-0.0123343387094523,-0.163253664056038
"1927.SRS023270.SRX022228.SRR058091",0.0498359103000598,-0.11373806826974
"1927.SRS011438.SRX020663.SRR045159",0.0219040631368948,-0.100676929289981
"1927.SRS051384.SRX020514.SRR049508",0.0481440644229791,-0.113674367317839
"1927.SRS011475.SRX020663.SRR045212",0.015788205258522,-0.14465053292669
"1927.SRS055124.SRX020544.SRR045913",0.0145701555848188,-0.145959663942638
"1927.SRS064922.SRX020517.SRR049427",0.0523747456277511,-0.123689678523482
"1927.SRS011444.SRX020663.SRR045149",-0.00587233072622515,-0.0219762574720778
"1927.SRS011444.SRX020667.SRR045228",-0.00587233072622515,-0.0219762574720778
"1927.SRS048692.SRX020580.SRR047192",0.0379078538991097,-0.100004905607886
"1927.SRS052973.SRX020514.SRR046685",0.0403304765960661,-0.102014539895054
"1927.SRS016058.SRX020539.SRR049857",0.0415917104923359,-0.122940902658172
